reason_row,bidirectional_duration_ms,bidirectional_packets,bidirectional_bytes,src2dst_duration_ms,src2dst_packets,src2dst_bytes,dst2src_duration_ms,dst2src_packets,dst2src_bytes,bidirectional_min_ps,bidirectional_mean_ps,bidirectional_stddev_ps,bidirectional_max_ps,src2dst_min_ps,src2dst_mean_ps,src2dst_stddev_ps,src2dst_max_ps,dst2src_min_ps,dst2src_mean_ps,dst2src_stddev_ps,dst2src_max_ps,bidirectional_min_piat_ms,bidirectional_mean_piat_ms,bidirectional_stddev_piat_ms,bidirectional_max_piat_ms,src2dst_min_piat_ms,src2dst_mean_piat_ms,src2dst_stddev_piat_ms,src2dst_max_piat_ms,dst2src_min_piat_ms,dst2src_mean_piat_ms,dst2src_stddev_piat_ms,dst2src_max_piat_ms,bidirectional_syn_packets,bidirectional_cwr_packets,bidirectional_ece_packets,bidirectional_urg_packets,bidirectional_ack_packets,bidirectional_psh_packets,bidirectional_rst_packets,bidirectional_fin_packets,src2dst_syn_packets,src2dst_cwr_packets,src2dst_ece_packets,src2dst_urg_packets,src2dst_ack_packets,src2dst_psh_packets,src2dst_rst_packets,src2dst_fin_packets,dst2src_syn_packets,dst2src_cwr_packets,dst2src_ece_packets,dst2src_urg_packets,dst2src_ack_packets,dst2src_psh_packets,dst2src_rst_packets,dst2src_fin_packets,udps.srcdst_packet_size_variation,udps.srcdst_udp_packet_count,udps.udp_packet_count,udps.srcdst_tcp_packet_count,udps.tcp_packet_count,udps.srcdst_ack_packet_count,udps.ack_packet_count,udps.srcdst_fin_packet_count,udps.fin_packet_count,udps.srcdst_rst_packet_count,udps.rst_packet_count,udps.srcdst_psh_packet_count,udps.psh_packet_count,udps.srcdst_syn_packet_count,udps.syn_packet_count,udps.srcdst_unique_ports_count,udps.srcdst_icmp_packet_count,udps.icmp_packet_count,udps.srcdst_http_ports_count,udps.http_ports_count,udps.srcdst_bidirectional_duration_avg,udps.bidirectional_duration_avg,udps.srcdst_dns_port_count,udps.dns_port_count,udps.srcdst_dns_port_src_count,udps.dns_port_src_count,udps.srcdst_vul_ports_count,udps.src2dst_packet_count,udps.bidirectional_packet_count,udps.srcdst_src2dst_packet_count,udps.srcdst_bidirectional_packet_count,label,label_simplified,label_numeric,split_index
1,89,2,180,0,1,90,0,1,90,90,90.0,0.0,90,90,90.0,0.0,90,90,90.0,0.0,90,89,89.0,0.0,89,0,0.0,0.0,0,0,0.0,0.0,0,0,0,0,0,0,0,0,0,0,0,0,0,0,0,0,0,0,0,0,0,0,0,0,0,0.0,6,6,0,0,0,0,0,0,0,0,0,0,0,0,1,0,0,0,0,1754.6666666666667,1754.6666666666667,0,0,0,0,0,11,22,11,22,BENIGN,BENIGN,0,1919
2,38,2,132,0,1,66,0,1,66,66,66.0,0.0,66,66,66.0,0.0,66,66,66.0,0.0,66,38,38.0,0.0,38,0,0.0,0.0,0,0,0.0,0.0,0,0,0,0,0,2,0,0,0,0,0,0,0,1,0,0,0,0,0,0,0,1,0,0,0,0.0,0,0,8,52,36,929,0,18,0,0,6,282,2,20,1,0,0,8,52,58.625,566.3269230769231,0,0,0,0,8,405,939,18,37,BENIGN,BENIGN,0,2809
3,3229,46,6636,3229,22,2068,3229,24,4568,66,144.26086956521738,197.95155802284432,1014,66,94.0,31.85682254803737,134,66,190.3333333333333,266.6609419675377,1014,0,71.75555555555555,338.1721694072653,2191,0,153.76190476190473,498.3288978939416,2228,0,140.39130434782606,467.5970233914936,2191,0,0,0,0,46,22,0,4,0,0,0,0,22,10,0,2,0,0,0,0,24,12,0,2,463.7758079072258,0,4,4,65,282,3778,12,214,0,0,148,2054,12,226,1,0,0,0,2,2327.25,949.0434782608696,0,0,0,0,4,2001,3907,144,288,BENIGN,BENIGN,0,2984
4,1,2,204,0,1,94,0,1,110,94,102.0,11.31370849898476,110,94,94.0,0.0,94,110,110.0,0.0,110,1,1.0,0.0,1,0,0.0,0.0,0,0,0.0,0.0,0,0,0,0,0,0,0,0,0,0,0,0,0,0,0,0,0,0,0,0,0,0,0,0,0,9.237604307034012,350,350,0,0,0,0,0,0,0,0,0,0,0,0,1,0,0,0,0,5588.745714285715,5588.745714285715,350,350,0,0,350,396,792,396,792,BENIGN,BENIGN,0,10894
5,1,4,444,0,2,172,0,2,272,86,111.0,28.867513459481287,136,86,86.0,0.0,86,136,136.0,0.0,136,0,0.3333333333333333,0.5773502691896258,1,0,0.0,0.0,0,0,0.0,0.0,0,0,0,0,0,0,0,0,0,0,0,0,0,0,0,0,0,0,0,0,0,0,0,0,0,28.867513459481287,130,310,8,39,613,1481,12,66,12,74,400,854,32,156,5,0,1,0,0,13759.971014492754,2987.2742857142857,106,279,0,0,106,1460,2819,683,1233,BENIGN,BENIGN,0,14722
6,83,9,862,83,5,494,83,4,368,60,95.77777777777776,69.62359114872231,248,60,98.8,83.4457907865939,248,60,92.0,60.06662967072483,182,0,10.374999999999998,28.13710057151285,80,0,20.75,40.83605433110958,82,1,27.666666666666664,45.32475409015843,80,2,0,0,0,8,2,0,2,1,0,0,0,4,1,0,1,1,0,0,0,4,1,0,1,93.45765529550448,0,0,10,10,82,82,20,20,0,0,21,21,20,20,1,0,0,10,10,99.0,99.0,0,0,0,0,10,51,92,51,92,Bot,BOT,1,14921
7,84489,27,3851,84465,14,1257,84466,13,2594,60,142.62962962962965,344.323991897183,1820,60,89.78571428571428,109.7326671586827,471,60,199.53846153846152,486.8950289649395,1820,0,3249.5769230769224,4661.047428834656,10003,0,6497.307692307692,4763.87796136396,10024,0,7038.833333333333,4541.575874544255,10027,2,0,0,0,26,2,0,2,1,0,0,0,13,1,0,1,1,0,0,0,13,1,0,1,834.3082463933819,0,0,88,350,1751,6684,170,694,3,3,194,744,189,744,1,0,0,88,350,55954.73863636364,53219.97142857143,0,0,0,0,88,3795,7034,994,1839,BENIGN,BENIGN,0,17127
8,0,4,404,0,2,186,0,2,218,93,101.0,9.237604307034012,109,93,93.0,0.0,93,109,109.0,0.0,109,0,0.0,0.0,0,0,0.0,0.0,0,0,0.0,0.0,0,0,0,0,0,0,0,0,0,0,0,0,0,0,0,0,0,0,0,0,0,0,0,0,0,9.237604307034012,346,342,4,8,44,143,8,10,0,10,16,60,8,24,8,0,0,0,0,25.097142857142856,40.24,345,334,0,0,345,780,1531,772,1494,BENIGN,BENIGN,0,24347
9,3205,9,1996,3205,8,1922,0,1,74,66,221.77777777777777,112.85696453672873,297,66,240.25,105.10233108737408,297,74,74.0,0.0,74,0,400.625,556.5731725735363,1604,1,457.8571428571429,575.1792267260205,1604,0,0.0,0.0,0,2,0,0,0,8,6,0,0,1,0,0,0,7,6,0,0,1,0,0,0,1,0,0,0,112.89633888365616,0,0,350,350,668,908,0,12,72,72,505,640,108,120,1,0,0,350,347,442.7171428571429,451.38,0,0,0,0,350,744,1061,613,815,DoS Hulk,DOS,3,33973
10,3002,3,222,3002,3,222,0,0,0,74,74.0,0.0,74,74,74.0,0.0,74,0,0.0,0.0,0,998,1501.0,711.3494218736668,2004,998,1501.0,711.3494218736668,2004,0,0.0,0.0,0,3,0,0,0,0,0,0,0,3,0,0,0,0,0,0,0,0,0,0,0,0,0,0,0,42.72391992003231,0,0,350,350,750,913,0,8,77,77,604,697,217,222,1,0,0,350,348,904.3142857142856,904.1342857142856,0,0,0,0,350,899,1153,821,989,DoS Hulk,DOS,3,34158
11,0,1,297,0,1,297,0,0,0,297,297.0,0.0,297,297,297.0,0.0,297,0,0.0,0.0,0,0,0.0,0.0,0,0,0.0,0.0,0,0,0.0,0.0,0,0,0,0,0,1,1,0,0,0,0,0,0,1,1,0,0,0,0,0,0,0,0,0,0,171.47302994931886,0,0,350,350,756,912,0,8,74,74,608,696,222,226,1,0,0,350,348,922.0514285714286,917.2942857142856,0,0,0,0,350,902,1153,830,996,DoS Hulk,DOS,3,34176
12,88,4,1094,88,2,614,0,2,480,60,273.5,252.52524626262613,554,60,307.0,349.31074990615446,554,60,240.0,254.55844122715712,420,0,29.33333333333333,29.501412395567325,59,88,88.0,0.0,88,0,0.0,0.0,0,0,0,0,0,4,2,0,0,0,0,0,0,2,1,0,0,0,0,0,0,2,1,0,0,252.52524626262613,0,0,207,207,667,667,12,12,0,0,163,163,16,16,1,0,0,207,207,573.5942028985507,573.5942028985507,0,0,0,0,207,342,675,342,675,BENIGN,BENIGN,0,36205
13,105,10,1895,81,5,736,81,5,1159,60,189.50000000000003,287.6878130504971,913,60,147.2,191.648636833138,490,60,231.8,380.8112393299337,913,0,11.666666666666666,13.901438774457844,33,0,20.25,14.150971698084906,33,0,20.25,26.7004993711104,57,2,0,0,0,9,2,0,2,1,0,0,0,4,1,0,1,1,0,0,0,5,1,0,1,408.650930909662,0,0,67,350,596,3084,134,698,0,4,108,557,150,784,1,0,0,67,350,907.5223880597016,914.6142857142858,0,0,0,0,67,1749,3438,338,663,BENIGN,BENIGN,0,39291
14,156,14,12840,156,7,775,146,7,12065,60,917.1428571428572,1459.5958269404507,4410,60,110.71428571428572,117.49143839122108,377,66,1723.5714285714284,1756.3245578141166,4410,0,12.0,37.14386445520533,135,0,26.0,57.96895720987225,144,0,24.33333333333333,54.39362707768868,135,2,0,0,0,12,2,2,1,1,0,0,0,5,1,2,0,1,0,0,0,7,1,0,1,2126.32646834864,0,0,350,350,4035,4035,480,480,618,618,763,763,735,735,2,0,0,350,350,361.0885714285714,361.0885714285714,0,0,0,0,350,2666,4845,2666,4845,DoS GoldenEye,DOS,3,39699
15,163,15,12915,163,8,850,150,7,12065,66,860.9999999999999,1423.2543693943117,4410,66,106.25,110.64712248533948,380,66,1723.5714285714284,1756.3245578141166,4410,0,11.642857142857144,36.30979342961206,137,0,23.285714285714285,55.15950895875913,148,0,25.0,55.11442642357807,137,2,0,0,0,14,2,1,1,1,0,0,0,7,1,1,0,1,0,0,0,7,1,0,1,2124.828698977873,0,0,350,350,4153,4153,485,485,620,620,775,775,748,748,2,0,0,350,350,326.37142857142857,326.37142857142857,0,0,0,0,350,2736,4941,2736,4941,DoS GoldenEye,DOS,3,40319
16,379,18,13461,379,11,1396,365,7,12065,66,747.8333333333333,1223.836938869381,4410,66,126.9090909090909,133.55781859962715,397,66,1723.5714285714284,1548.0288387863727,4410,0,22.294117647058822,59.62567054746884,215,0,37.900000000000006,77.83950724978214,215,0,60.833333333333336,98.53814828109296,228,2,0,0,0,17,3,1,1,1,0,0,0,10,2,1,0,1,0,0,0,7,1,0,1,2122.576323716064,0,0,350,350,4041,4041,457,457,584,584,747,747,732,732,2,0,0,350,350,318.50857142857143,318.50857142857143,0,0,0,0,350,2665,4793,2665,4793,DoS GoldenEye,DOS,3,42717
17,528,14,13549,528,8,1550,516,6,11999,66,967.7857142857144,1434.796162342417,4410,66,193.75,174.1245449178752,404,66,1999.8333333333333,1753.071637631123,4410,0,40.61538461538461,79.93595192562861,216,0,75.42857142857143,99.97975985644486,216,0,103.2,194.0134015989617,446,2,0,0,0,13,4,1,1,1,0,0,0,7,3,1,0,1,0,0,0,6,1,0,1,2121.6580780135146,0,0,350,350,4068,4068,460,460,572,572,751,751,728,728,2,0,0,350,350,302.1428571428572,302.1428571428572,0,0,0,0,350,2661,4803,2661,4803,DoS GoldenEye,DOS,3,42794
18,3003,3,222,3003,3,222,0,0,0,74,74.0,0.0,74,74,74.0,0.0,74,0,0.0,0.0,0,999,1501.5,710.6423150924803,2004,999,1501.5,710.6423150924803,2004,0,0.0,0.0,0,3,0,0,0,0,0,0,0,3,0,0,0,0,0,0,0,0,0,0,0,0,0,0,0,42.72391992003231,0,0,350,350,574,742,0,8,0,0,158,256,920,924,2,0,0,350,348,1868.057142857143,1876.277142857143,0,0,0,0,350,1156,1524,1078,1354,DoS Hulk,DOS,3,45354
19,0,1,74,0,1,74,0,0,0,74,74.0,0.0,74,74,74.0,0.0,74,0,0.0,0.0,0,0,0.0,0.0,0,0,0.0,0.0,0,0,0.0,0.0,0,1,0,0,0,0,0,0,0,1,0,0,0,0,0,0,0,0,0,0,0,0,0,0,0,42.72391992003231,0,0,350,350,52,226,0,8,0,0,35,133,847,849,2,0,0,350,348,2181.782857142857,2172.262857142857,0,0,0,0,350,964,1064,882,892,DoS Hulk,DOS,3,45776
20,0,1,74,0,1,74,0,0,0,74,74.0,0.0,74,74,74.0,0.0,74,0,0.0,0.0,0,0,0.0,0.0,0,0,0.0,0.0,0,0,0.0,0.0,0,1,0,0,0,0,0,0,0,1,0,0,0,0,0,0,0,0,0,0,0,0,0,0,0,42.72391992003231,0,0,350,350,26,26,0,0,0,0,22,22,346,346,2,0,0,350,350,54.97142857142857,54.97142857142857,0,0,0,0,350,368,370,368,370,DoS Hulk,DOS,3,46074
21,0,1,74,0,1,74,0,0,0,74,74.0,0.0,74,74,74.0,0.0,74,0,0.0,0.0,0,0,0.0,0.0,0,0,0.0,0.0,0,0,0.0,0.0,0,1,0,0,0,0,0,0,0,1,0,0,0,0,0,0,0,0,0,0,0,0,0,0,0,42.72391992003231,0,0,350,350,4,4,0,0,0,0,4,4,346,346,2,0,0,350,350,0.0,0.0,0,0,0,0,350,350,350,350,350,DoS Hulk,DOS,3,47149
22,0,1,74,0,1,74,0,0,0,74,74.0,0.0,74,74,74.0,0.0,74,0,0.0,0.0,0,0,0.0,0.0,0,0,0.0,0.0,0,0,0.0,0.0,0,1,0,0,0,0,0,0,0,1,0,0,0,0,0,0,0,0,0,0,0,0,0,0,0,42.72391992003231,0,0,350,350,50,50,6,6,0,0,39,39,347,347,2,0,0,350,350,48.62,48.62,0,0,0,0,350,387,392,387,392,DoS Hulk,DOS,3,49138
23,3205,10,2812,3205,9,2738,0,1,74,66,281.2,181.79157785160945,422,66,304.2222222222222,176.68176036151678,422,74,74.0,0.0,74,0,356.1111111111111,467.6912561841531,1404,0,400.625,479.16801035008285,1404,0,0.0,0.0,0,2,0,0,0,9,6,0,2,1,0,0,0,8,6,0,2,1,0,0,0,1,0,0,0,175.37388631150307,0,0,350,350,97,97,15,15,0,0,80,80,320,320,2,0,0,350,350,66.92857142857143,66.92857142857143,0,0,0,0,350,403,410,403,410,DoS Hulk,DOS,3,49176
24,1493,6,2386,1493,3,205,1492,3,2181,60,397.6666666666666,809.0089410301141,2049,60,68.33333333333333,9.712534856222309,79,66,727.0,1144.885583803028,2049,0,298.6,666.0133632292974,1490,3,746.5,1051.467783624396,1490,0,746.0,1055.003317530329,1492,0,0,0,0,5,2,1,2,0,0,0,0,2,1,1,1,0,0,0,0,3,1,0,1,990.3650841987514,0,0,350,350,292,292,86,86,30,30,201,201,248,248,2,0,0,350,350,193.1428571428572,193.1428571428572,0,0,0,0,350,482,557,482,557,DoS Hulk,DOS,3,49262
25,93,14,12914,93,8,915,79,6,11999,66,922.4285714285714,1664.9013698800816,5858,66,114.375,133.6220015031742,445,66,1999.8333333333333,2178.1304292137024,5858,0,7.153846153846152,18.720960418054386,68,0,13.285714285714285,29.244454093692628,79,0,15.8,29.56687335515881,68,2,0,0,0,13,2,1,1,1,0,0,0,7,1,1,0,1,0,0,0,6,1,0,1,2838.46171661107,0,0,350,350,2452,4051,544,626,438,415,659,1512,262,374,2,0,0,350,322,718.4314285714286,707.2914285714286,0,0,0,0,350,2278,4563,1457,2931,DoS Hulk,DOS,3,49583
26,37,2,132,0,1,66,0,1,66,66,66.0,0.0,66,66,66.0,0.0,66,66,66.0,0.0,66,37,37.0,0.0,37,0,0.0,0.0,0,0,0.0,0.0,0,0,0,0,0,2,0,0,0,0,0,0,0,1,0,0,0,0,0,0,0,1,0,0,0,0.0,0,0,235,350,1177,2273,44,110,0,3,242,775,48,108,1,0,0,235,350,245.15744680851063,293.25142857142856,0,0,0,0,235,1174,2327,581,1201,BENIGN,BENIGN,0,63438
27,24,2,120,0,1,60,0,1,60,60,60.0,0.0,60,60,60.0,0.0,60,60,60.0,0.0,60,24,24.0,0.0,24,0,0.0,0.0,0,0,0.0,0.0,0,0,0,0,0,2,0,0,0,0,0,0,0,1,0,0,0,0,0,0,0,1,0,0,0,0.0,0,0,49,350,240,1701,6,53,0,1,69,410,22,118,2,0,0,49,350,69.95918367346938,138.53428571428572,0,0,0,0,49,863,1760,124,251,BENIGN,BENIGN,0,63846
28,553,12,1362,553,6,1002,553,6,360,60,113.5,94.54147718906717,371,60,167.0,113.11233354502065,371,60,60.0,0.0,60,0,50.27272727272728,159.20558464393824,530,0,110.6,235.1612212929674,531,1,110.6,234.5768530780477,530,0,0,0,0,12,6,0,0,0,0,0,0,6,6,0,0,0,0,0,0,6,0,0,0,155.5,0,0,94,126,12549,18652,0,0,17,44,6272,6471,25,59,1,0,0,0,0,2836.276595744681,2262.722222222222,0,0,0,0,0,10340,18701,6295,12569,Infiltration,OTHERS,5,69592
29,553,14,2185,552,7,1765,552,7,420,60,156.07142857142856,200.84569824991152,797,60,252.1428571428572,256.6420520046215,797,60,60.0,0.0,60,0,42.53846153846154,145.9426915976584,528,1,92.0,214.20644248014577,529,0,92.0,214.2073761568448,529,0,0,0,0,14,7,0,0,0,0,0,0,7,7,0,0,0,0,0,0,7,0,0,0,368.5,0,0,101,133,12673,18776,0,0,17,44,6335,6534,25,59,1,0,0,0,0,2712.792079207921,2199.1353383458645,0,0,0,0,0,10403,18825,6358,12693,Infiltration,OTHERS,5,69599
30,553,12,1362,552,6,1002,552,6,360,60,113.5,94.54147718906717,371,60,167.0,113.11233354502065,371,60,60.0,0.0,60,0,50.27272727272727,158.87296240020888,529,1,110.4,234.1298784862795,529,1,110.4,234.6929909477486,530,0,0,0,0,12,6,0,0,0,0,0,0,6,6,0,0,0,0,0,0,6,0,0,0,155.5,0,0,106,138,12737,18840,0,0,17,44,6367,6566,25,59,1,0,0,0,0,2611.2169811320755,2139.7246376811595,0,0,0,0,0,10435,18889,6390,12757,Infiltration,OTHERS,5,69604
31,561,14,2329,561,7,1909,560,7,420,60,166.35714285714283,213.7614080240855,759,60,272.7142857142857,269.4610140544233,759,60,60.0,0.0,60,0,43.15384615384615,146.7252796634162,531,0,93.5,214.5234252943021,531,0,93.33333333333334,214.62960342568465,531,0,0,0,0,14,7,0,0,0,0,0,0,7,7,0,0,0,0,0,0,7,0,0,0,349.5,0,0,117,149,12916,19019,0,0,17,44,6459,6658,25,59,1,0,0,0,0,2452.74358974359,2050.093959731544,0,0,0,0,0,10527,19068,6482,12936,Infiltration,OTHERS,5,69615
32,11992,57,8531,11992,24,3600,11992,33,4931,66,149.6666666666667,185.38235905182304,1042,66,150.0,134.32213065094186,706,66,149.42424242424244,217.19447367264988,1042,0,214.1428571428572,601.3679989240117,2240,0,521.3913043478261,893.3624297170995,2302,0,374.75,761.3585480637079,2240,2,0,0,0,56,31,0,2,1,0,0,0,23,16,0,1,1,0,0,0,33,15,0,1,486.2482219333386,0,0,350,350,19386,19113,713,779,2,18,11015,10682,705,783,3,0,0,0,0,12604.302857142857,11392.128571428571,0,0,0,0,350,8149,19522,7981,19740,SSH-Patator,SSHPATATOR,7,74661
33,10994,55,8399,10994,21,3402,10994,34,4997,66,152.70909090909092,188.07117178495395,1042,66,162.00000000000003,139.7826884846618,706,66,146.9705882352941,214.3563282769388,1042,0,203.59259259259247,557.2389995195997,2044,0,549.6999999999999,852.7874480660156,2118,0,333.1515151515151,685.4913439101601,2044,2,0,0,0,54,31,0,2,1,0,0,0,20,16,0,1,1,0,0,0,34,15,0,1,486.2482219333386,0,0,350,350,19379,19130,710,775,1,18,11014,10712,705,779,3,0,0,0,0,12605.34,11457.162857142856,0,0,0,0,350,8141,19537,7975,19732,SSH-Patator,SSHPATATOR,7,74674
34,11889,55,8399,11889,22,3468,11889,33,4931,66,152.70909090909092,188.07117178495395,1042,66,157.63636363636363,137.9408242532681,706,66,149.42424242424244,217.19447367264988,1042,0,220.16666666666669,605.827011550763,2180,0,566.1428571428571,912.1180453052272,2232,0,371.53125,754.6780122792381,2180,2,0,0,0,54,31,0,2,1,0,0,0,21,16,0,1,1,0,0,0,33,15,0,1,486.2482219333386,0,0,350,350,18951,18540,705,769,0,22,10850,10434,700,780,3,0,0,0,0,12471.702857142856,10850.594285714284,0,0,0,0,350,7852,18948,7745,19301,SSH-Patator,SSHPATATOR,7,74771
35,12644,54,8333,12644,22,3468,12644,32,4865,66,154.3148148148148,189.4562053315865,1042,66,157.63636363636363,137.9408242532681,706,66,152.03125,220.1445982830963,1042,0,238.56603773584905,657.4004607143655,2649,0,602.0952380952381,980.9257313763312,2702,0,407.8709677419355,823.332486177789,2649,2,0,0,0,53,31,0,2,1,0,0,0,21,16,0,1,1,0,0,0,32,15,0,1,486.2482219333386,0,0,350,350,18947,18582,703,757,0,20,10850,10487,700,766,3,0,0,0,0,12388.722857142857,10988.568571428572,0,0,0,0,350,7821,18981,7741,19297,SSH-Patator,SSHPATATOR,7,74826
36,11840,55,8399,11840,22,3468,11840,33,4931,66,152.70909090909092,188.07117178495395,1042,66,157.63636363636363,137.9408242532681,706,66,149.42424242424244,217.19447367264988,1042,0,219.25925925925924,612.3070873771355,2676,0,563.8095238095239,926.018013812238,2733,0,370.0,763.9132698618134,2676,2,0,0,0,54,31,0,2,1,0,0,0,21,16,0,1,1,0,0,0,33,15,0,1,486.2482219333386,0,0,350,350,18933,18688,703,776,0,18,10850,10532,700,776,3,0,0,0,0,12157.028571428573,10774.31142857143,0,0,0,0,350,7920,19090,7729,19283,SSH-Patator,SSHPATATOR,7,74906
37,11987,55,8399,11987,22,3468,11987,33,4931,66,152.70909090909092,188.07117178495395,1042,66,157.63636363636363,137.9408242532681,706,66,149.42424242424244,217.19447367264988,1042,0,221.98148148148147,612.2758192970526,2321,0,570.8095238095237,921.3724338750112,2365,0,374.59375000000006,762.8918182883403,2321,2,0,0,0,54,31,0,2,1,0,0,0,21,16,0,1,1,0,0,0,33,15,0,1,486.2482219333386,0,0,350,350,18926,18645,703,774,0,18,10850,10519,700,774,3,0,0,0,0,12156.22,10803.462857142857,0,0,0,0,350,7881,19046,7725,19276,SSH-Patator,SSHPATATOR,7,74914
38,11587,54,8333,11587,22,3468,11587,32,4865,66,154.3148148148148,189.4562053315865,1042,66,157.63636363636363,137.9408242532681,706,66,152.03125,220.1445982830963,1042,0,218.622641509434,592.1681552505911,2146,0,551.7619047619047,884.1153716999781,2220,0,373.77419354838713,740.4032554258262,2146,2,0,0,0,53,31,0,2,1,0,0,0,21,16,0,1,1,0,0,0,32,15,0,1,486.2482219333386,0,0,350,350,18913,18682,703,785,0,16,10850,10524,700,784,3,0,0,0,0,12140.274285714286,10677.84857142857,0,0,0,0,350,7926,19086,7723,19263,SSH-Patator,SSHPATATOR,7,74934
39,13339,55,8399,13339,22,3468,13338,33,4931,66,152.70909090909092,188.07117178495395,1042,66,157.63636363636363,137.9408242532681,706,66,149.42424242424244,217.19447367264988,1042,0,247.01851851851848,680.5239516043486,2412,0,635.1904761904761,1018.8834878948436,2482,0,416.81250000000006,847.8280195926834,2412,2,0,0,0,54,31,0,2,1,0,0,0,21,16,0,1,1,0,0,0,33,15,0,1,486.2482219333386,0,0,350,350,18811,18834,702,802,2,12,10820,10637,700,794,3,0,0,0,0,12356.197142857143,10708.568571428572,0,0,0,0,350,7999,19243,7672,19163,SSH-Patator,SSHPATATOR,7,75121
40,14063,55,8399,14063,22,3468,14063,33,4931,66,152.70909090909092,188.07117178495395,1042,66,157.63636363636363,137.9408242532681,706,66,149.42424242424244,217.19447367264988,1042,0,260.425925925926,721.6625616588891,2704,0,669.6666666666666,1078.106781971681,2747,0,439.46875,899.5905514634189,2704,2,0,0,0,54,31,0,2,1,0,0,0,21,16,0,1,1,0,0,0,33,15,0,1,486.2482219333386,0,0,350,350,18805,18832,703,803,2,12,10820,10637,700,794,3,0,0,0,0,12362.828571428572,10715.048571428571,0,0,0,0,350,7996,19241,7664,19157,SSH-Patator,SSHPATATOR,7,75130
41,12969,55,8399,12969,22,3468,12969,33,4931,66,152.70909090909092,188.07117178495395,1042,66,157.63636363636363,137.9408242532681,706,66,149.42424242424244,217.19447367264988,1042,0,240.16666666666669,667.8140558625187,2716,0,617.5714285714287,1006.0470451936416,2796,0,405.28125,832.758542024347,2716,2,0,0,0,54,31,0,2,1,0,0,0,21,16,0,1,1,0,0,0,33,15,0,1,486.2482219333386,0,0,350,350,18803,18838,703,803,2,12,10820,10637,700,794,3,0,0,0,0,12355.022857142858,10716.271428571428,0,0,0,0,350,7997,19247,7660,19155,SSH-Patator,SSHPATATOR,7,75139
42,13072,55,8399,13072,22,3468,13072,33,4931,66,152.70909090909092,188.07117178495395,1042,66,157.63636363636363,137.9408242532681,706,66,149.42424242424244,217.19447367264988,1042,0,242.0740740740741,680.6997191251447,2892,0,622.4761904761905,1024.2355011933348,2940,0,408.5,849.7662297133785,2892,2,0,0,0,54,31,0,2,1,0,0,0,21,16,0,1,1,0,0,0,33,15,0,1,486.2482219333386,0,0,350,350,18819,19053,703,795,2,8,10820,10777,700,790,3,0,0,0,0,12317.942857142858,10860.84,0,0,0,0,350,8106,19454,7670,19171,SSH-Patator,SSHPATATOR,7,75186
43,13352,55,8399,13352,22,3468,13352,33,4931,66,152.70909090909092,188.07117178495395,1042,66,157.63636363636363,137.9408242532681,706,66,149.42424242424244,217.19447367264988,1042,0,247.25925925925927,684.3055475880773,2655,0,635.8095238095239,1026.593620623449,2725,0,417.2499999999999,852.9513846146973,2655,2,0,0,0,54,31,0,2,1,0,0,0,21,16,0,1,1,0,0,0,33,15,0,1,486.2482219333386,0,0,350,350,18803,18777,703,784,5,25,10790,10638,700,788,3,0,0,0,0,12450.734285714285,10673.977142857142,0,0,0,0,350,7992,19192,7687,19158,SSH-Patator,SSHPATATOR,7,75400
44,11857,55,8399,11857,22,3468,11857,33,4931,66,152.70909090909092,188.07117178495395,1042,66,157.63636363636363,137.9408242532681,706,66,149.42424242424244,217.19447367264988,1042,0,219.57407407407405,615.1296412477449,2436,0,564.6190476190477,922.1329338110896,2478,0,370.53125,767.6358757259936,2436,2,0,0,0,54,31,0,2,1,0,0,0,21,16,0,1,1,0,0,0,33,15,0,1,486.2482219333386,0,0,350,350,18819,18802,702,768,5,23,10790,10656,700,772,3,0,0,0,0,12334.062857142855,10903.562857142855,0,0,0,0,350,7963,19207,7699,19174,SSH-Patator,SSHPATATOR,7,75439
45,10392,55,8399,10392,22,3468,10392,33,4931,66,152.70909090909092,188.07117178495395,1042,66,157.63636363636363,137.9408242532681,706,66,149.42424242424244,217.19447367264988,1042,0,192.44444444444443,527.402594661181,1908,0,494.8571428571429,798.703279429494,1964,0,324.75,656.7220652359276,1908,2,0,0,0,54,31,0,2,1,0,0,0,21,16,0,1,1,0,0,0,33,15,0,1,486.2482219333386,0,0,350,350,18849,18777,702,765,3,23,10820,10649,700,770,3,0,0,0,0,12040.92,10743.282857142856,0,0,0,0,350,7947,19181,7707,19202,SSH-Patator,SSHPATATOR,7,75524
46,11095,57,8531,11095,24,3600,11095,33,4931,66,149.66666666666669,185.38235905182307,1042,66,150.0,134.32213065094186,706,66,149.42424242424244,217.19447367264988,1042,0,198.12500000000003,553.9263181228087,2012,0,482.3913043478262,824.6825691870471,2064,0,346.71875,700.9501493652464,2012,2,0,0,0,56,31,0,2,1,0,0,0,23,16,0,1,1,0,0,0,33,15,0,1,486.2482219333386,0,0,350,350,18855,18736,701,757,3,19,10820,10648,700,764,3,0,0,0,0,11986.814285714288,10828.022857142858,0,0,0,0,350,7898,19133,7716,19208,SSH-Patator,SSHPATATOR,7,75556
47,13863,55,8399,13863,22,3468,13863,33,4931,66,152.70909090909092,188.07117178495395,1042,66,157.63636363636363,137.9408242532681,706,66,149.42424242424244,217.19447367264988,1042,0,256.7222222222222,716.7933682062093,2785,0,660.1428571428571,1076.8442452701452,2839,0,433.21875,894.1909565265526,2785,2,0,0,0,54,31,0,2,1,0,0,0,21,16,0,1,1,0,0,0,33,15,0,1,486.2482219333386,0,0,350,350,18907,18918,702,770,0,10,10850,10729,700,770,3,0,0,0,0,12105.08,10822.065714285714,0,0,0,0,350,7973,19311,7722,19257,SSH-Patator,SSHPATATOR,7,75724
48,12668,52,8201,12668,20,3336,12668,32,4865,66,157.71153846153845,192.31126082661925,1042,66,166.80000000000004,141.62723496633876,706,66,152.03125,220.1445982830963,1042,0,248.3921568627452,668.3675060453305,2629,0,666.7368421052631,1015.1223156789896,2700,0,408.64516129032256,822.7833472786987,2629,2,0,0,0,51,31,0,2,1,0,0,0,19,16,0,1,1,0,0,0,32,15,0,1,486.2482219333386,0,0,350,350,18909,18881,702,774,0,10,10850,10699,700,774,3,0,0,0,0,12104.73142857143,10751.417142857144,0,0,0,0,350,7969,19276,7725,19259,SSH-Patator,SSHPATATOR,7,75730
49,11504,52,8201,11504,20,3336,11504,32,4865,66,157.71153846153845,192.31126082661925,1042,66,166.80000000000004,141.62723496633876,706,66,152.03125,220.1445982830963,1042,0,225.56862745098044,601.1193310783462,2169,0,605.4736842105264,907.7606371004448,2220,0,371.0967741935484,739.2956717867221,2169,2,0,0,0,51,31,0,2,1,0,0,0,19,16,0,1,1,0,0,0,32,15,0,1,486.2482219333386,0,0,350,350,18919,18919,702,791,0,22,10850,10706,700,792,3,0,0,0,0,12106.174285714284,10726.017142857145,0,0,0,0,350,8033,19335,7723,19269,SSH-Patator,SSHPATATOR,7,75911
50,12374,55,8399,12374,22,3468,12374,33,4931,66,152.70909090909092,188.07117178495395,1042,66,157.63636363636363,137.9408242532681,706,66,149.42424242424244,217.19447367264988,1042,0,229.1481481481481,634.6343593683259,2329,0,589.2380952380952,949.352511176007,2375,0,386.6875,791.0718101860081,2329,2,0,0,0,54,31,0,2,1,0,0,0,21,16,0,1,1,0,0,0,33,15,0,1,486.2482219333386,0,0,350,350,18916,18860,701,773,0,22,10850,10675,700,774,3,0,0,0,0,12249.08,11046.145714285714,0,0,0,0,350,7971,19267,7723,19266,SSH-Patator,SSHPATATOR,7,75968
51,14220,55,8399,14220,22,3468,14220,33,4931,66,152.70909090909092,188.07117178495395,1042,66,157.63636363636363,137.9408242532681,706,66,149.42424242424244,217.19447367264988,1042,0,263.33333333333326,730.9771180890764,2639,0,677.1428571428571,1088.3850093470733,2688,0,444.375,911.3573623642284,2639,2,0,0,0,54,31,0,2,1,0,0,0,21,16,0,1,1,0,0,0,33,15,0,1,486.2482219333386,0,0,350,350,18927,18885,701,773,0,14,10850,10688,700,772,3,0,0,0,0,12397.222857142857,11092.16,0,0,0,0,350,7964,19283,7735,19277,SSH-Patator,SSHPATATOR,7,76027
52,13835,55,8399,13835,22,3468,13835,33,4931,66,152.70909090909092,188.07117178495395,1042,66,157.63636363636363,137.9408242532681,706,66,149.42424242424244,217.19447367264988,1042,0,256.20370370370364,707.3023793506427,2633,0,658.8095238095237,1058.6980031646235,2701,0,432.34375,881.3628965661921,2633,2,0,0,0,54,31,0,2,1,0,0,0,21,16,0,1,1,0,0,0,33,15,0,1,486.2482219333386,0,0,350,350,18935,18925,701,769,0,14,10850,10718,700,768,3,0,0,0,0,12437.005714285717,11173.177142857145,0,0,0,0,350,7973,19321,7742,19285,SSH-Patator,SSHPATATOR,7,76038
53,11825,55,8399,11824,22,3468,11825,33,4931,66,152.70909090909092,188.07117178495395,1042,66,157.63636363636363,137.9408242532681,706,66,149.42424242424244,217.19447367264988,1042,0,218.9814814814815,606.7808186773416,2421,0,563.047619047619,914.2066766432235,2484,0,369.53125,756.394289754081,2421,2,0,0,0,54,31,0,2,1,0,0,0,21,16,0,1,1,0,0,0,33,15,0,1,486.2482219333386,0,0,350,350,18923,19014,701,775,0,22,10850,10777,700,778,3,0,0,0,0,12402.917142857144,11001.911428571428,0,0,0,0,350,8052,19421,7728,19273,SSH-Patator,SSHPATATOR,7,76062
54,2,8,556,2,4,296,2,4,260,60,69.5,9.841602656942763,90,66,74.0,11.31370849898476,90,60,65.0,6.633249580710801,74,0,0.2857142857142857,0.4879500364742666,1,0,0.6666666666666667,0.5773502691896258,1,0,0.6666666666666667,0.5773502691896258,1,2,0,0,0,5,1,2,2,1,0,0,0,3,1,0,1,1,0,0,0,2,0,2,1,13.0,0,0,350,350,18891,18915,701,779,2,22,10820,10725,700,778,3,0,0,0,0,12261.088571428572,10925.262857142858,0,0,0,0,350,8003,19324,7722,19243,SSH-Patator,SSHPATATOR,7,76104
55,11606,55,8399,11606,22,3468,11606,33,4931,66,152.70909090909092,188.07117178495395,1042,66,157.63636363636363,137.9408242532681,706,66,149.42424242424244,217.19447367264988,1042,0,214.92592592592592,597.7286836978498,2461,0,552.6666666666666,900.6722674387911,2517,0,362.6875,745.3887679074461,2461,2,0,0,0,54,31,0,2,1,0,0,0,21,16,0,1,1,0,0,0,33,15,0,1,486.2482219333386,0,0,350,350,18883,18915,701,779,2,22,10820,10725,700,778,3,0,0,0,0,12235.72,10913.905714285716,0,0,0,0,350,8004,19324,7713,19235,SSH-Patator,SSHPATATOR,7,76114
56,11964,55,8399,11964,22,3468,11963,33,4931,66,152.70909090909092,188.07117178495395,1042,66,157.63636363636363,137.9408242532681,706,66,149.42424242424244,217.19447367264988,1042,0,221.5555555555556,616.4171176184855,2509,0,569.7142857142857,927.1954024291288,2549,0,373.84375,768.745484513358,2509,2,0,0,0,54,31,0,2,1,0,0,0,21,16,0,1,1,0,0,0,33,15,0,1,486.2482219333386,0,0,350,350,18834,18797,701,781,2,22,10820,10676,700,780,3,0,0,0,0,12022.605714285712,10720.02,0,0,0,0,350,7952,19207,7684,19186,SSH-Patator,SSHPATATOR,7,76268
57,11592,52,8201,11592,20,3336,11592,32,4865,66,157.71153846153845,192.31126082661925,1042,66,166.80000000000004,141.62723496633876,706,66,152.03125,220.1445982830963,1042,0,227.2941176470588,603.677075732304,2080,0,610.1052631578947,916.4515441356068,2155,0,373.9354838709677,742.1631867041943,2080,2,0,0,0,51,31,0,2,1,0,0,0,19,16,0,1,1,0,0,0,32,15,0,1,486.2482219333386,0,0,350,350,18830,18722,701,776,2,22,10820,10634,700,776,3,0,0,0,0,12021.762857142858,10694.017142857145,0,0,0,0,350,7904,19130,7679,19182,SSH-Patator,SSHPATATOR,7,76281
58,13730,56,8465,13730,24,3600,13730,32,4865,66,151.16071428571428,186.71346806228024,1042,66,150.00000000000003,134.32213065094186,706,66,152.03125,220.1445982830963,1042,0,249.63636363636363,693.688620605025,2530,0,596.9565217391305,1016.9227412444266,2577,0,442.9032258064516,881.9881841551208,2530,2,0,0,0,55,31,0,2,1,0,0,0,23,16,0,1,1,0,0,0,32,15,0,1,486.2482219333386,0,0,350,350,18822,18719,700,774,2,24,10820,10640,700,776,3,0,0,0,0,12074.131428571429,10530.574285714283,0,0,0,0,350,7906,19129,7673,19174,SSH-Patator,SSHPATATOR,7,76341
59,13100,56,8465,13100,24,3600,13100,32,4865,66,151.16071428571425,186.71346806228024,1042,66,150.00000000000003,134.32213065094186,706,66,152.03125,220.1445982830963,1042,0,238.18181818181816,665.1285893750475,2590,0,569.5652173913043,978.4625150104793,2665,0,422.5806451612903,846.1825955112979,2590,2,0,0,0,55,31,0,2,1,0,0,0,23,16,0,1,1,0,0,0,32,15,0,1,486.2482219333386,0,0,350,350,18816,18702,700,766,2,16,10820,10624,700,764,3,0,0,0,0,12072.677142857145,10758.165714285717,0,0,0,0,350,7868,19100,7666,19168,SSH-Patator,SSHPATATOR,7,76375
60,11913,57,8531,11913,23,3534,11913,34,4997,66,149.6666666666667,185.38235905182307,1042,66,153.65217391304344,136.11713161019287,706,66,146.9705882352941,214.3563282769388,1042,0,212.7321428571429,595.4561121472401,2379,0,541.5,894.523163744903,2434,0,361.00000000000006,744.5799151199285,2379,2,0,0,0,56,31,0,2,1,0,0,0,22,16,0,1,1,0,0,0,34,15,0,1,486.2482219333386,0,0,350,350,18858,18472,703,763,0,30,10850,10472,700,764,3,0,0,0,0,12057.302857142857,10981.322857142855,0,0,0,0,350,7765,18882,7684,19208,SSH-Patator,SSHPATATOR,7,76504
61,12274,56,8465,12274,23,3534,12274,33,4931,66,151.16071428571428,186.71346806228024,1042,66,153.65217391304344,136.11713161019287,706,66,149.42424242424244,217.19447367264988,1042,0,223.1636363636364,623.5109005443635,2291,0,557.909090909091,924.2743825288755,2332,0,383.5625,783.4747638853221,2291,2,0,0,0,55,31,0,2,1,0,0,0,22,16,0,1,1,0,0,0,33,15,0,1,486.2482219333386,0,0,350,350,18856,18510,704,758,0,28,10850,10502,700,760,3,0,0,0,0,12153.48,11091.568571428572,0,0,0,0,350,7776,18916,7685,19206,SSH-Patator,SSHPATATOR,7,76538
62,12336,55,8399,12336,22,3468,12335,33,4931,66,152.70909090909092,188.07117178495395,1042,66,157.63636363636363,137.9408242532681,706,66,149.42424242424244,217.19447367264988,1042,0,228.44444444444449,635.0628156916556,2537,0,587.4285714285714,951.9703551806942,2579,0,385.4687499999999,791.9184539468775,2537,2,0,0,0,54,31,0,2,1,0,0,0,21,16,0,1,1,0,0,0,33,15,0,1,486.2482219333386,0,0,350,350,18885,18694,704,764,0,28,10850,10584,700,768,3,0,0,0,0,12276.714285714286,11102.197142857143,0,0,0,0,350,7886,19104,7712,19235,SSH-Patator,SSHPATATOR,7,76586
63,12833,55,8399,12833,22,3468,12833,33,4931,66,152.70909090909092,188.07117178495395,1042,66,157.63636363636363,137.9408242532681,706,66,149.42424242424244,217.19447367264988,1042,0,237.64814814814807,655.224379180123,2321,0,611.0952380952382,979.1489112878544,2364,0,401.03125,816.3651335340088,2321,2,0,0,0,54,31,0,2,1,0,0,0,21,16,0,1,1,0,0,0,33,15,0,1,486.2482219333386,0,0,350,350,18887,18727,704,776,0,26,10850,10589,700,778,3,0,0,0,0,12354.171428571428,11009.99142857143,0,0,0,0,350,7936,19140,7713,19237,SSH-Patator,SSHPATATOR,7,76613
64,14328,55,8399,14328,22,3468,14328,33,4931,66,152.70909090909092,188.07117178495395,1042,66,157.63636363636363,137.9408242532681,706,66,149.42424242424244,217.19447367264988,1042,0,265.3333333333333,759.2825064021309,3532,0,682.2857142857143,1140.7160094807623,3583,0,447.75000000000006,949.4349762851316,3532,2,0,0,0,54,31,0,2,1,0,0,0,21,16,0,1,1,0,0,0,33,15,0,1,486.2482219333386,0,0,350,350,18884,18721,704,776,0,26,10850,10589,700,778,3,0,0,0,0,12397.46,11024.388571428572,0,0,0,0,350,7933,19134,7714,19234,SSH-Patator,SSHPATATOR,7,76624
65,15034,59,8675,15034,24,3612,15034,35,5063,66,147.0338983050848,182.71222578629647,1042,66,150.49999999999997,134.01784436669487,706,66,144.65714285714282,211.6235479582085,1042,0,259.2068965517242,685.2032291333434,2545,0,653.6521739130435,1010.5310309074518,2600,0,442.17647058823536,856.6349058110068,2545,2,0,0,0,58,31,0,3,1,0,0,0,23,16,0,1,1,0,0,0,35,15,0,2,486.2482219333386,0,0,350,350,18689,18565,705,783,0,32,10702,10456,700,784,3,0,0,0,0,12327.254285714283,10766.074285714283,0,0,0,0,350,7926,18987,7669,19039,SSH-Patator,SSHPATATOR,7,76662
66,12192,55,8399,12192,22,3468,12192,33,4931,66,152.70909090909092,188.07117178495395,1042,66,157.63636363636363,137.9408242532681,706,66,149.42424242424244,217.19447367264988,1042,0,225.77777777777777,622.9302231334436,2442,0,580.5714285714287,939.832887881062,2502,0,381.0,776.1879137292431,2442,2,0,0,0,54,31,0,2,1,0,0,0,21,16,0,1,1,0,0,0,33,15,0,1,486.2482219333386,0,0,350,350,18719,18537,709,789,0,32,10702,10413,700,786,3,0,0,0,0,12244.765714285715,10718.28,0,0,0,0,350,7913,18960,7683,19069,SSH-Patator,SSHPATATOR,7,76707
67,12520,56,8465,12520,23,3534,12520,33,4931,66,151.16071428571428,186.71346806228024,1042,66,153.65217391304344,136.11713161019287,706,66,149.42424242424244,217.19447367264988,1042,0,227.63636363636363,640.4179007039759,2504,0,569.0909090909091,953.9573669764588,2565,0,391.25000000000006,805.3605884443034,2504,2,0,0,0,55,31,0,2,1,0,0,0,22,16,0,1,1,0,0,0,33,15,0,1,486.2482219333386,0,0,350,350,18724,18570,709,791,0,32,10702,10432,700,788,3,0,0,0,0,12220.342857142858,10687.625714285714,0,0,0,0,350,7933,18994,7686,19074,SSH-Patator,SSHPATATOR,7,76719
68,10844,55,8399,10843,22,3468,10843,33,4931,66,152.70909090909092,188.07117178495395,1042,66,157.63636363636363,137.9408242532681,706,66,149.42424242424244,217.19447367264988,1042,0,200.8148148148148,558.0330373013558,2349,0,516.3333333333334,844.5876114017618,2402,0,338.84374999999994,695.9539801885774,2349,2,0,0,0,54,31,0,2,1,0,0,0,21,16,0,1,1,0,0,0,33,15,0,1,486.2482219333386,0,0,350,350,18794,18593,710,767,0,30,10702,10488,700,760,3,0,0,0,0,12032.451428571429,10718.26,0,0,0,0,350,7897,19003,7724,19144,SSH-Patator,SSHPATATOR,7,76866
69,13627,57,8531,13627,23,3534,13627,34,4997,66,149.6666666666667,185.38235905182307,1042,66,153.65217391304344,136.11713161019287,706,66,146.9705882352941,214.3563282769388,1042,0,243.3392857142857,658.6440141211808,2852,1,619.409090909091,973.9795959088432,2896,0,412.9393939393939,823.9616169531936,2852,2,0,0,0,56,31,0,2,1,0,0,0,22,16,0,1,1,0,0,0,34,15,0,1,486.2482219333386,0,0,350,350,18391,18103,695,763,2,44,10429,10107,700,772,3,0,0,0,0,15049.042857142857,13400.737142857142,0,0,0,0,350,7796,18530,7589,18742,SSH-Patator,SSHPATATOR,7,76933
70,12236,55,8399,12236,22,3468,12235,33,4931,66,152.70909090909092,188.07117178495395,1042,66,157.63636363636363,137.9408242532681,706,66,149.42424242424244,217.19447367264988,1042,0,226.59259259259247,623.3257278205056,2377,0,582.6666666666666,935.5576590105676,2433,0,382.34375,776.4839532386337,2377,2,0,0,0,54,31,0,2,1,0,0,0,21,16,0,1,1,0,0,0,33,15,0,1,486.2482219333386,0,0,350,350,17919,17395,688,745,32,72,10157,9716,700,766,3,0,0,0,0,14572.794285714286,13014.028571428573,0,0,0,0,350,7447,17846,7389,18299,SSH-Patator,SSHPATATOR,7,77018
71,11557,54,8333,11557,20,3336,11557,34,4997,66,154.3148148148148,189.45620533158657,1042,66,166.80000000000004,141.62723496633876,706,66,146.9705882352941,214.35632827693885,1042,0,218.0566037735849,596.0249225266165,2356,1,608.2631578947368,916.7528954658552,2401,0,350.21212121212125,727.7445790581231,2356,2,0,0,0,53,31,0,2,1,0,0,0,19,16,0,1,1,0,0,0,34,15,0,1,486.2482219333386,0,0,350,350,17916,17343,687,741,32,72,10157,9680,700,762,3,0,0,0,0,14530.857142857143,13047.971428571427,0,0,0,0,350,7412,17792,7385,18296,SSH-Patator,SSHPATATOR,7,77033
72,11679,55,8399,11679,22,3468,11679,33,4931,66,152.70909090909092,188.07117178495395,1042,66,157.63636363636363,137.9408242532681,706,66,149.42424242424244,217.19447367264988,1042,0,216.27777777777783,601.9443783201194,2320,0,556.1428571428571,906.214946120085,2363,0,364.96875000000006,750.6950106347687,2320,2,0,0,0,54,31,0,2,1,0,0,0,21,16,0,1,1,0,0,0,33,15,0,1,486.2482219333386,0,0,350,350,17917,17343,687,741,32,72,10157,9680,700,762,3,0,0,0,0,14525.84857142857,13045.162857142856,0,0,0,0,350,7411,17792,7388,18297,SSH-Patator,SSHPATATOR,7,77037
73,11991,56,8465,11991,23,3534,11991,33,4931,66,151.16071428571428,186.71346806228024,1042,66,153.65217391304344,136.11713161019287,706,66,149.42424242424244,217.19447367264988,1042,0,218.01818181818177,609.6854833044563,2465,0,545.0454545454546,908.863941688834,2521,0,374.71875,766.197786070302,2465,2,0,0,0,55,31,0,2,1,0,0,0,22,16,0,1,1,0,0,0,33,15,0,1,486.2482219333386,0,0,350,350,17925,17657,688,766,32,72,10157,9831,700,780,3,0,0,0,0,14481.745714285717,13104.217142857144,0,0,0,0,350,7565,18115,7393,18305,SSH-Patator,SSHPATATOR,7,77067
74,0,4,452,0,2,170,0,2,282,85,113.0,32.331615074619044,141,85,85.0,0.0,85,141,141.0,0.0,141,0,0.0,0.0,0,0,0.0,0.0,0,0,0.0,0.0,0,0,0,0,0,0,0,0,0,0,0,0,0,0,0,0,0,0,0,0,0,0,0,0,0,32.331615074619044,334,346,16,4,790,76,40,4,26,8,456,38,64,8,8,0,0,0,0,2328.385714285714,717.5542857142857,329,342,0,0,332,752,1484,1392,2482,BENIGN,BENIGN,0,81659
75,0,4,428,0,2,166,0,2,262,83,107.0,27.712812921102035,131,83,83.0,0.0,83,131,131.0,0.0,131,0,0.0,0.0,0,0,0.0,0.0,0,0,0.0,0.0,0,0,0,0,0,0,0,0,0,0,0,0,0,0,0,0,0,0,0,0,0,0,0,0,0,27.712812921102035,347,346,3,4,129,76,0,4,6,8,84,38,12,8,12,0,0,0,0,159.77714285714285,715.0171428571429,343,342,0,0,346,752,1484,779,1541,BENIGN,BENIGN,0,81738
76,9056,28,2169,9056,11,863,9056,17,1306,60,77.46428571428571,12.807642807547149,100,66,78.45454545454545,9.72999112397988,93,60,76.82352941176471,14.714938388070331,100,0,335.40740740740745,963.302343274636,3369,0,905.6,1480.2694349340595,3412,0,566.0,1212.1259560513229,3369,2,0,0,0,25,14,2,2,1,0,0,0,10,7,0,1,1,0,0,0,15,7,2,1,19.704060495238032,0,0,350,350,8750,9579,700,744,700,660,4900,5322,700,740,1,0,0,0,0,9145.748571428572,8697.814285714287,0,0,0,0,350,4339,10609,3850,9800,FTP-Patator,FTPPATATOR,4,87204
77,8908,28,2171,8908,11,865,8907,17,1306,60,77.53571428571428,12.954284699028811,100,66,78.63636363636363,10.22030065382352,98,60,76.82352941176471,14.714938388070331,100,0,329.92592592592587,940.4936071400087,3257,0,890.8000000000001,1444.1440986888315,3300,0,556.6875,1182.60670942062,3257,2,0,0,0,25,14,2,2,1,0,0,0,10,7,0,1,1,0,0,0,15,7,2,1,20.94437076320668,0,0,350,350,8750,9535,700,742,700,662,4900,5296,700,738,1,0,0,0,0,9127.765714285715,8685.305714285714,0,0,0,0,350,4303,10566,3850,9800,FTP-Patator,FTPPATATOR,4,87267
78,8913,28,2167,8913,11,861,8913,17,1306,60,77.39285714285715,12.781176221634126,100,66,78.27272727272727,9.65495633434879,95,60,76.82352941176471,14.714938388070331,100,0,330.1111111111111,941.5297835614832,3265,0,891.3,1445.5614095876,3308,0,557.0624999999999,1183.9375810545646,3265,2,0,0,0,25,14,2,2,1,0,0,0,10,7,0,1,1,0,0,0,15,7,2,1,20.17217555611359,0,0,350,350,8750,9614,700,748,700,656,4900,5328,700,744,1,0,0,0,0,9107.845714285717,8581.042857142857,0,0,0,0,350,4362,10642,3850,9800,FTP-Patator,FTPPATATOR,4,87306
79,9172,28,2164,9172,11,858,9172,17,1306,60,77.28571428571429,12.625245557882248,100,66,78.0,9.110433579144296,92,60,76.82352941176471,14.714938388070331,100,0,339.7037037037037,962.8072662318414,3197,0,917.2,1474.569375934698,3239,0,573.25,1209.9571066777532,3197,2,0,0,0,25,14,2,2,1,0,0,0,10,7,0,1,1,0,0,0,15,7,2,1,19.485036994233976,0,0,350,350,8750,9583,700,744,700,660,4900,5324,700,740,1,0,0,0,0,9086.548571428571,8615.905714285715,0,0,0,0,350,4337,10613,3850,9800,FTP-Patator,FTPPATATOR,4,87321
80,9254,28,2163,9254,11,857,9254,17,1306,60,77.25,12.58342531239378,100,66,77.90909090909092,8.960519465461198,91,60,76.82352941176471,14.714938388070331,100,0,342.7407407407408,961.2926630561496,3193,0,925.4,1469.0113228517562,3237,0,578.375,1206.816079607825,3193,2,0,0,0,25,14,2,2,1,0,0,0,10,7,0,1,1,0,0,0,15,7,2,1,19.27649691550136,0,0,350,350,8750,9583,700,744,700,660,4900,5324,700,740,1,0,0,0,0,9086.525714285714,8614.388571428572,0,0,0,0,350,4337,10613,3850,9800,FTP-Patator,FTPPATATOR,4,87323
81,9232,28,2156,9232,11,850,9232,17,1306,60,77.00000000000001,12.358832499097185,100,66,77.27272727272728,8.112840551753859,88,60,76.82352941176471,14.714938388070331,100,0,341.92592592592587,970.3044298619308,3145,0,923.2,1486.1087742453071,3186,0,577.0,1219.5277774614235,3145,2,0,0,0,25,14,2,2,1,0,0,0,10,7,0,1,1,0,0,0,15,7,2,1,18.717193521821944,0,0,350,350,8750,9768,700,750,700,654,4900,5426,700,746,1,0,0,0,0,9057.017142857145,8493.174285714285,0,0,0,0,350,4430,10795,3850,9800,FTP-Patator,FTPPATATOR,4,87366
82,10000,28,2163,10000,11,857,9999,17,1306,60,77.25,12.57459225463674,100,66,77.9090909090909,8.926976480920572,91,60,76.82352941176471,14.714938388070331,100,0,370.3703703703704,1055.672558067865,3677,0,1000.0000000000002,1617.6248706737365,3718,0,624.9375,1327.4206803044767,3677,2,0,0,0,25,14,2,2,1,0,0,0,10,7,0,1,1,0,0,0,15,7,2,1,19.27649691550136,0,0,350,350,8750,9567,700,746,700,658,4900,5296,700,742,1,0,0,0,0,9069.574285714283,8568.474285714286,0,0,0,0,350,4323,10596,3850,9800,FTP-Patator,FTPPATATOR,4,87438
83,8260,28,2174,8260,11,868,8260,17,1306,60,77.64285714285714,13.084382224662276,100,66,78.9090909090909,10.625013368975548,98,60,76.82352941176471,14.714938388070331,100,0,305.925925925926,868.9299310480824,2989,0,826.0,1334.7035459440256,3032,0,516.25,1092.215210783418,2989,2,0,0,0,25,14,2,2,1,0,0,0,10,7,0,1,1,0,0,0,15,7,2,1,20.94437076320668,0,0,350,350,8750,9686,700,744,700,656,4900,5392,700,744,1,0,0,0,0,9111.868571428571,8607.02,0,0,0,0,350,4388,10714,3850,9800,FTP-Patator,FTPPATATOR,4,87486
84,8230,28,2161,8230,11,855,8230,17,1306,60,77.17857142857143,12.510894723099812,100,66,77.72727272727272,8.695871538735025,90,60,76.82352941176471,14.714938388070331,100,0,304.8148148148148,866.8555481223739,2987,0,822.9999999999999,1330.8618761288992,3028,0,514.375,1089.7368413214876,2987,2,0,0,0,25,14,2,2,1,0,0,0,10,7,0,1,1,0,0,0,15,7,2,1,19.078784028338912,0,0,350,350,8750,9686,700,744,700,656,4900,5392,700,744,1,0,0,0,0,9110.091428571428,8605.471428571429,0,0,0,0,350,4388,10714,3850,9800,FTP-Patator,FTPPATATOR,4,87487
85,8707,28,2162,8707,11,856,8707,17,1306,60,77.21428571428572,12.526585485093053,100,66,77.81818181818181,8.75006493482399,89,60,76.82352941176471,14.714938388070331,100,0,322.48148148148147,915.3483729567906,3049,0,870.7,1404.0388606524473,3091,0,544.1874999999999,1150.4841426547348,3049,2,0,0,0,25,14,2,2,1,0,0,0,10,7,0,1,1,0,0,0,15,7,2,1,18.89223826513594,0,0,350,350,8751,9799,701,749,701,653,4900,5458,700,748,1,0,0,0,0,9100.282857142856,8550.16,0,0,0,0,350,4445,10826,3851,9802,FTP-Patator,FTPPATATOR,4,87570
86,8972,28,2153,8972,11,847,8972,17,1306,60,76.89285714285714,12.272641315858818,100,66,77.00000000000001,7.758865896508327,86,60,76.82352941176471,14.714938388070331,100,0,332.2962962962963,952.5595404291944,3443,0,897.2,1463.7608942568302,3486,0,560.75,1198.3928960626115,3443,2,0,0,0,25,14,2,2,1,0,0,0,10,7,0,1,1,0,0,0,15,7,2,1,18.40289832245635,0,0,350,350,8751,9617,701,737,701,665,4900,5386,700,736,1,0,0,0,0,8950.614285714286,8512.117142857143,0,0,0,0,350,4331,10650,3851,9802,FTP-Patator,FTPPATATOR,4,87712
87,8642,28,2157,8642,11,851,8642,17,1306,60,77.03571428571429,12.417079464747834,100,66,77.36363636363636,8.34592987356984,89,60,76.82352941176471,14.714938388070331,100,0,320.0740740740741,894.2469941854357,3051,0,864.1999999999999,1367.4034436762904,3093,0,540.125,1122.2116778932573,3051,2,0,0,0,25,14,2,2,1,0,0,0,10,7,0,1,1,0,0,0,15,7,2,1,18.89223826513594,0,0,350,350,8750,9546,700,740,700,660,4900,5328,700,740,1,0,0,0,0,9023.73142857143,8574.971428571429,0,0,0,0,350,4302,10576,3850,9800,FTP-Patator,FTPPATATOR,4,87889
88,8501,28,2159,8501,11,853,8501,17,1306,60,77.10714285714285,12.434537581579976,100,66,77.54545454545456,8.406707278877219,88,60,76.82352941176471,14.714938388070331,100,0,314.8518518518518,894.9239634096855,3047,0,850.1,1374.5194271291896,3090,0,531.3125,1124.966412461575,3047,2,0,0,0,25,14,2,2,1,0,0,0,10,7,0,1,1,0,0,0,15,7,2,1,18.717193521821944,0,0,350,350,8750,9546,700,740,700,660,4900,5328,700,740,1,0,0,0,0,9023.997142857144,8573.528571428571,0,0,0,0,350,4302,10576,3850,9800,FTP-Patator,FTPPATATOR,4,87890
89,8961,28,2158,8961,11,852,8961,17,1306,60,77.07142857142858,12.4303349718834,100,66,77.45454545454545,8.394803587501453,90,60,76.82352941176471,14.714938388070331,100,0,331.8888888888888,945.8711626909112,3195,0,896.1,1451.837414374549,3236,0,560.0625000000001,1189.3132734902103,3195,2,0,0,0,25,14,2,2,1,0,0,0,10,7,0,1,1,0,0,0,15,7,2,1,19.078784028338912,0,0,350,350,8750,9456,700,732,700,664,4900,5280,700,732,1,0,0,0,0,9170.251428571428,8762.177142857143,0,0,0,0,350,4245,10486,3850,9800,FTP-Patator,FTPPATATOR,4,88009
90,8962,28,2160,8962,11,854,8962,17,1306,60,77.14285714285712,12.468372686935426,100,66,77.63636363636364,8.535487417514332,89,60,76.82352941176471,14.714938388070331,100,0,331.925925925926,946.551592560552,3199,0,896.2,1452.3835428548327,3241,0,560.1250000000001,1190.2359359947648,3199,2,0,0,0,25,14,2,2,1,0,0,0,10,7,0,1,1,0,0,0,15,7,2,1,18.89223826513594,0,0,350,350,8750,9456,700,732,700,664,4900,5280,700,732,1,0,0,0,0,9172.931428571428,8764.657142857142,0,0,0,0,350,4245,10486,3850,9800,FTP-Patator,FTPPATATOR,4,88010
91,8782,28,2165,8782,11,859,8782,17,1306,60,77.32142857142856,12.643410145440194,100,66,78.09090909090911,9.17010954628728,92,60,76.82352941176471,14.714938388070331,100,0,325.25925925925924,921.872116635599,3073,0,878.2,1414.2467802882054,3117,0,548.875,1158.5199681777897,3073,2,0,0,0,25,14,2,2,1,0,0,0,10,7,0,1,1,0,0,0,15,7,2,1,19.485036994233976,0,0,350,350,8750,9457,700,738,700,662,4900,5244,700,734,1,0,0,0,0,9141.388571428572,8687.46,0,0,0,0,350,4268,10486,3850,9800,FTP-Patator,FTPPATATOR,4,88093
92,9135,28,2154,9135,11,848,9134,17,1306,60,76.92857142857143,12.301546338897491,100,66,77.0909090909091,7.879778492502761,87,60,76.82352941176471,14.714938388070331,100,0,338.3333333333333,921.7339846515038,3341,0,913.5,1396.92195359814,3384,0,570.8750000000001,1153.7156712119329,3341,2,0,0,0,25,14,2,2,1,0,0,0,10,7,0,1,1,0,0,0,15,7,2,1,18.55397531527948,0,0,350,350,8750,9309,700,730,700,670,4900,5172,700,726,1,0,0,0,0,9123.094285714284,8747.625714285714,0,0,0,0,350,4184,10342,3850,9800,FTP-Patator,FTPPATATOR,4,88128
93,8667,28,2160,8667,11,854,8667,17,1306,60,77.14285714285712,12.489148729150276,100,66,77.63636363636364,8.617107719794703,90,60,76.82352941176471,14.714938388070331,100,0,321.0,891.3605417476227,3106,0,866.7,1360.2288247039744,3149,0,541.6875000000001,1117.899919119179,3106,2,0,0,0,25,14,2,2,1,0,0,0,10,7,0,1,1,0,0,0,15,7,2,1,19.078784028338912,0,0,350,350,8750,9544,700,736,700,664,4900,5296,700,732,1,0,0,0,0,9095.414285714283,8660.842857142858,0,0,0,0,350,4313,10574,3850,9800,FTP-Patator,FTPPATATOR,4,88173
94,7787,28,2168,7787,11,862,7787,17,1306,60,77.42857142857144,12.74952016941283,100,66,78.36363636363636,9.531765075501257,93,60,76.82352941176471,14.714938388070331,100,0,288.4074074074074,815.9993994746687,2696,0,778.6999999999999,1254.2512640349753,2741,0,486.6875,1025.2905096442992,2696,2,0,0,0,25,14,2,2,1,0,0,0,10,7,0,1,1,0,0,0,15,7,2,1,19.704060495238032,0,0,350,350,8750,9495,700,728,700,652,4900,5300,700,728,1,0,0,0,0,9081.934285714286,8521.702857142856,0,0,0,0,350,4280,10511,3850,9800,FTP-Patator,FTPPATATOR,4,88396
95,8537,28,2173,8537,11,867,8537,17,1306,60,77.60714285714286,12.951016793241989,100,66,78.81818181818183,10.186443754502177,94,60,76.82352941176471,14.714938388070331,100,0,316.1851851851852,905.6888596760538,3284,0,853.7,1393.5003129609345,3329,0,533.5625000000001,1139.344488071979,3284,2,0,0,0,25,14,2,2,1,0,0,0,10,7,0,1,1,0,0,0,15,7,2,1,19.933221850301404,0,0,350,350,8750,9442,700,730,700,650,4900,5264,700,730,1,0,0,0,0,8981.662857142857,8353.5,0,0,0,0,350,4267,10457,3850,9800,FTP-Patator,FTPPATATOR,4,88478
96,8448,28,2159,8448,11,853,8448,17,1306,60,77.10714285714286,12.434537581579978,100,66,77.54545454545456,8.406707278877219,88,60,76.82352941176471,14.714938388070331,100,0,312.88888888888886,887.2491339195692,2917,0,844.8,1361.5198860097491,2959,0,528.0,1115.058025395988,2917,2,0,0,0,25,14,2,2,1,0,0,0,10,7,0,1,1,0,0,0,15,7,2,1,18.717193521821944,0,0,350,350,8750,9639,700,740,700,660,4900,5386,700,740,1,0,0,0,0,8907.825714285715,8420.671428571428,0,0,0,0,350,4351,10669,3850,9800,FTP-Patator,FTPPATATOR,4,88548
97,9432,28,2162,9432,11,856,9432,17,1306,60,77.21428571428574,12.559066793761342,100,66,77.81818181818181,8.874887963441358,92,60,76.82352941176471,14.714938388070331,100,0,349.33333333333326,985.9129701020188,3394,0,943.2,1507.9188601807757,3436,0,589.5,1238.481597225678,3394,2,0,0,0,25,14,2,2,1,0,0,0,10,7,0,1,1,0,0,0,15,7,2,1,19.485036994233976,0,0,350,350,8750,9491,700,732,700,668,4900,5314,700,732,1,0,0,0,0,8901.691428571428,8515.037142857143,0,0,0,0,350,4269,10525,3850,9800,FTP-Patator,FTPPATATOR,4,88562
98,10123,28,2159,10123,11,853,10123,17,1306,60,77.10714285714286,12.45834328714366,100,66,77.54545454545455,8.501336793277119,90,60,76.82352941176471,14.714938388070331,100,0,374.92592592592587,1068.8631604842856,3664,0,1012.3,1637.8568686616734,3706,0,632.6875,1343.99780350763,3664,2,0,0,0,25,14,2,2,1,0,0,0,10,7,0,1,1,0,0,0,15,7,2,1,19.078784028338912,0,0,350,350,8750,9633,700,736,700,664,4900,5384,700,736,1,0,0,0,0,8905.06,8477.754285714285,0,0,0,0,350,4347,10665,3850,9800,FTP-Patator,FTPPATATOR,4,88643
99,10514,28,2160,10514,11,854,10514,17,1306,60,77.14285714285714,12.551270514748357,100,66,77.63636363636364,8.8574570534971,93,60,76.82352941176471,14.714938388070331,100,0,389.4074074074074,1105.070420981231,3512,0,1051.4,1689.950374024831,3557,0,657.125,1388.9104542770208,3512,2,0,0,0,25,14,2,2,1,0,0,0,10,7,0,1,1,0,0,0,15,7,2,1,19.704060495238032,0,0,350,350,8750,9484,700,728,700,672,4900,5310,700,728,1,0,0,0,0,8924.934285714286,8608.0,0,0,0,0,350,4262,10520,3850,9800,FTP-Patator,FTPPATATOR,4,88659
100,9426,28,2176,9426,11,870,9426,17,1306,60,77.71428571428571,13.159582180852212,100,66,79.0909090909091,10.848544100058271,100,60,76.82352941176471,14.714938388070331,100,0,349.11111111111114,996.1255455835388,3502,0,942.6,1527.2392812595615,3544,0,589.125,1252.6430656815212,3502,2,0,0,0,25,14,2,2,1,0,0,0,10,7,0,1,1,0,0,0,15,7,2,1,21.501937897160182,0,0,350,350,8751,9714,701,737,701,665,4900,5452,700,736,1,0,0,0,0,9084.251428571428,8704.022857142858,0,0,0,0,350,4382,10747,3851,9802,FTP-Patator,FTPPATATOR,4,88758
101,9428,28,2152,9428,11,846,9428,17,1306,60,76.85714285714288,12.261696715757015,100,66,76.9090909090909,7.713035011648079,86,60,76.82352941176471,14.714938388070331,100,0,349.1851851851852,999.473901496222,3427,0,942.8,1535.955641720598,3475,0,589.2500000000001,1257.2299444943767,3427,2,0,0,0,25,14,2,2,1,0,0,0,10,7,0,1,1,0,0,0,15,7,2,1,18.40289832245635,0,0,350,350,8751,9575,701,735,701,667,4900,5356,700,734,1,0,0,0,0,9133.771428571428,8784.697142857143,0,0,0,0,350,4307,10609,3851,9802,FTP-Patator,FTPPATATOR,4,88798
102,8859,28,2162,8859,11,856,8858,17,1306,60,77.21428571428572,12.532497439197508,100,66,77.81818181818181,8.772892132223921,89,60,76.82352941176471,14.714938388070331,100,0,328.1111111111111,925.6526318613236,3039,0,885.9000000000001,1418.4035979461794,3084,0,553.6250000000001,1162.7736308786273,3039,2,0,0,0,25,14,2,2,1,0,0,0,10,7,0,1,1,0,0,0,15,7,2,1,18.89223826513594,0,0,350,350,8751,9748,701,741,701,661,4900,5458,700,740,1,0,0,0,0,9158.562857142855,8713.511428571428,0,0,0,0,350,4404,10779,3851,9802,FTP-Patator,FTPPATATOR,4,88879
103,9146,28,2163,9146,11,857,9145,17,1306,60,77.25000000000001,12.55985668708047,100,66,77.9090909090909,8.870789654304124,89,60,76.82352941176471,14.714938388070331,100,0,338.7407407407408,963.5859944296456,3256,0,914.6,1477.8243167275032,3300,0,571.5625,1211.4009503463335,3256,2,0,0,0,25,14,2,2,1,0,0,0,10,7,0,1,1,0,0,0,15,7,2,1,18.89223826513594,0,0,350,350,8751,9750,701,741,701,661,4900,5458,700,740,1,0,0,0,0,9129.948571428573,8658.528571428571,0,0,0,0,350,4408,10781,3851,9802,FTP-Patator,FTPPATATOR,4,88921
104,8645,28,2150,8645,11,844,8645,17,1306,60,76.78571428571429,12.209156074991098,100,66,76.72727272727272,7.48452949878493,85,60,76.82352941176471,14.714938388070331,100,0,320.1851851851851,886.5090149672667,2885,0,864.5,1351.4819232564264,2927,0,540.3125,1111.4821767201968,2885,2,0,0,0,25,14,2,2,1,0,0,0,10,7,0,1,1,0,0,0,15,7,2,1,18.26426383223077,0,0,350,350,8751,9750,701,741,701,661,4900,5458,700,740,1,0,0,0,0,9119.205714285714,8654.874285714286,0,0,0,0,350,4408,10781,3851,9802,FTP-Patator,FTPPATATOR,4,88925
105,8952,28,2175,8952,11,869,8951,17,1306,60,77.67857142857144,13.072599479172348,100,66,78.99999999999999,10.573551910309044,98,60,76.82352941176471,14.714938388070331,100,0,331.5555555555555,940.224741273364,3081,0,895.1999999999999,1441.3578320458803,3125,0,559.4375,1181.671977538606,3081,2,0,0,0,25,14,2,2,1,0,0,0,10,7,0,1,1,0,0,0,15,7,2,1,20.94437076320668,0,0,350,350,8751,9744,701,741,701,661,4900,5458,700,740,1,0,0,0,0,9113.931428571428,8641.737142857142,0,0,0,0,350,4398,10775,3851,9802,FTP-Patator,FTPPATATOR,4,88964
106,8974,28,2158,8974,11,852,8974,17,1306,60,77.07142857142858,12.418410977936396,100,66,77.45454545454544,8.347019065075106,88,60,76.82352941176471,14.714938388070331,100,0,332.37037037037044,947.7579676490012,3281,0,897.4000000000001,1454.3984781803551,3323,0,560.875,1191.750358366494,3281,2,0,0,0,25,14,2,2,1,0,0,0,10,7,0,1,1,0,0,0,15,7,2,1,18.717193521821944,0,0,350,350,8751,9707,701,743,701,659,4900,5426,700,742,1,0,0,0,0,8952.374285714286,8433.788571428571,0,0,0,0,350,4385,10737,3851,9802,FTP-Patator,FTPPATATOR,4,89056
107,9741,28,2159,9741,11,853,9741,17,1306,60,77.10714285714285,12.443470058225198,100,66,77.54545454545455,8.442317648177381,89,60,76.82352941176471,14.714938388070331,100,0,360.77777777777777,1000.1879182408034,3504,0,974.1,1522.176836711892,3548,0,608.8125,1254.1751721749238,3504,2,0,0,0,25,14,2,2,1,0,0,0,10,7,0,1,1,0,0,0,15,7,2,1,18.89223826513594,0,0,350,350,8750,9685,700,736,700,656,4900,5426,700,736,1,0,0,0,0,8935.66,8424.048571428571,0,0,0,0,350,4379,10709,3850,9800,FTP-Patator,FTPPATATOR,4,89139
108,9720,28,2164,9720,11,858,9719,17,1306,60,77.28571428571428,12.625245557882243,100,66,78.00000000000001,9.110433579144296,92,60,76.82352941176471,14.714938388070331,100,0,360.0,999.1853989818212,3504,0,972.0,1521.1631514513272,3548,0,607.4375,1253.085310676545,3504,2,0,0,0,25,14,2,2,1,0,0,0,10,7,0,1,1,0,0,0,15,7,2,1,19.485036994233976,0,0,350,350,8750,9685,700,736,700,656,4900,5426,700,736,1,0,0,0,0,8938.077142857142,8426.50857142857,0,0,0,0,350,4379,10709,3850,9800,FTP-Patator,FTPPATATOR,4,89140
109,8961,28,2167,8961,11,861,8961,17,1306,60,77.39285714285714,12.908048840460932,100,66,78.27272727272727,10.100405032382705,99,60,76.82352941176471,14.714938388070331,100,0,331.8888888888888,942.4578069859244,3215,0,896.0999999999999,1445.180377054097,3258,0,560.0625,1184.6048268656234,3215,2,0,0,0,25,14,2,2,1,0,0,0,10,7,0,1,1,0,0,0,15,7,2,1,21.219095173922945,0,0,350,350,8751,9475,701,733,701,661,4900,5292,700,732,1,0,0,0,0,8953.714285714286,8494.08,0,0,0,0,350,4277,10502,3851,9802,FTP-Patator,FTPPATATOR,4,89256
110,8941,28,2155,8941,11,849,8941,17,1306,60,76.96428571428571,12.35728048368171,100,66,77.18181818181817,8.10947818072386,89,60,76.82352941176471,14.714938388070331,100,0,331.1481481481481,958.4052340177368,3549,0,894.0999999999999,1475.7993276714676,3592,0,558.8125,1206.835101619107,3549,2,0,0,0,25,14,2,2,1,0,0,0,10,7,0,1,1,0,0,0,15,7,2,1,18.89223826513594,0,0,350,350,8751,9353,701,729,701,665,4900,5222,700,728,1,0,0,0,0,8913.742857142857,8492.608571428571,0,0,0,0,350,4217,10382,3851,9802,FTP-Patator,FTPPATATOR,4,89302
111,61,2,382,0,1,87,0,1,295,87,191.0,147.07821048680188,295,87,87.0,0.0,87,295,295.0,0.0,295,61,61.0,0.0,61,0,0.0,0.0,0,0,0.0,0.0,0,0,0,0,0,0,0,0,0,0,0,0,0,0,0,0,0,0,0,0,0,0,0,0,0,120.08885599144216,350,350,0,0,0,0,0,0,0,0,0,0,0,0,2,0,0,0,0,127.64571428571428,127.64571428571428,350,350,0,0,350,361,722,361,722,BENIGN,BENIGN,0,96038
112,0,4,360,0,2,180,0,2,180,90,90.0,0.0,90,90,90.0,0.0,90,90,90.0,0.0,90,0,0.0,0.0,0,0,0.0,0.0,0,0,0.0,0.0,0,0,0,0,0,0,0,0,0,0,0,0,0,0,0,0,0,0,0,0,0,0,0,0,0,0.0,350,348,0,2,0,8,0,0,0,4,0,4,0,0,5,0,0,0,0,71.46285714285715,39.07714285714286,345,344,0,0,345,882,1624,700,1400,BENIGN,BENIGN,0,98562
113,1,3,198,1,2,132,0,1,66,66,66.0,0.0,66,66,66.0,0.0,66,66,66.0,0.0,66,0,0.5,0.7071067811865476,1,1,1.0,0.0,1,0,0.0,0.0,0,0,0,0,0,3,0,0,2,0,0,0,0,2,0,0,1,0,0,0,0,1,0,0,1,0.0,0,1,350,349,3263,4062,304,340,0,0,1656,2112,314,352,1,0,0,350,337,857.48,871.2028571428572,0,0,0,0,350,2637,4240,2258,3420,Web Attack  Brute Force,WEBATTACK,8,99563
114,1,3,198,1,2,132,0,1,66,66,66.0,0.0,66,66,66.0,0.0,66,66,66.0,0.0,66,0,0.5,0.7071067811865476,1,1,1.0,0.0,1,0,0.0,0.0,0,0,0,0,0,3,0,0,2,0,0,0,0,2,0,0,1,0,0,0,0,1,0,0,1,0.0,0,0,350,350,3337,4415,304,366,0,0,1704,2298,316,378,1,0,0,350,330,879.5514285714286,867.4942857142858,0,0,0,0,350,2817,4604,2307,3495,Web Attack  Brute Force,WEBATTACK,8,99740
115,1,3,214,1,2,140,0,1,74,66,71.33333333333333,4.618802153517004,74,66,70.0,5.656854249492381,74,74,74.0,0.0,74,0,0.5,0.7071067811865476,1,1,1.0,0.0,1,0,0.0,0.0,0,2,0,0,0,2,0,0,0,1,0,0,0,1,0,0,0,1,0,0,0,1,0,0,0,4.0,0,4,350,346,2605,6948,306,534,0,0,1202,3596,320,544,1,0,0,350,272,821.5857142857143,860.6,0,0,0,0,350,3903,7228,1824,2765,Web Attack  XSS,WEBATTACK,8,100040
116,4824,24,20004,4824,16,4928,4819,8,15076,66,833.5,788.3021932140534,1934,66,307.99999999999994,260.59316951908005,651,1836,1884.5,51.85694608384547,1934,0,209.7391304347826,385.2727743715311,1021,3,321.6,441.2634133938593,1021,244,688.4285714285714,407.6758749884754,1025,0,0,0,0,24,16,0,0,0,0,0,0,16,8,0,0,0,0,0,0,8,8,0,0,913.9870075663,0,4,350,346,2438,6841,310,548,0,0,1091,3505,314,550,1,0,0,350,269,824.06,838.4857142857143,0,0,0,0,350,3803,7124,1712,2595,Web Attack  XSS,WEBATTACK,8,100093
117,1,3,198,1,2,132,0,1,66,66,66.0,0.0,66,66,66.0,0.0,66,66,66.0,0.0,66,0,0.5,0.7071067811865476,1,1,1.0,0.0,1,0,0.0,0.0,0,0,0,0,0,3,0,0,2,0,0,0,0,2,0,0,1,0,0,0,0,1,0,0,1,0.0,0,1,350,349,2151,4034,308,400,0,0,903,1937,314,414,1,0,0,350,317,772.6228571428571,775.8742857142857,0,0,0,0,350,2429,4243,1526,2308,Web Attack  XSS,WEBATTACK,8,100151
118,4886,24,20005,4886,16,4928,4881,8,15077,66,833.5416666666667,788.3629146179617,1935,66,307.99999999999994,260.59316951908005,651,1836,1884.625,51.99433348246436,1935,0,212.43478260869563,384.9827417722132,1010,3,325.7333333333333,439.7335990065327,1010,228,697.2857142857142,395.9952500917632,1018,0,0,0,0,24,16,0,0,0,0,0,0,16,8,0,0,0,0,0,0,8,8,0,0,914.2833258897376,0,1,350,349,2149,3623,308,376,0,0,903,1715,312,392,1,0,0,350,324,786.5942857142857,786.7085714285714,0,0,0,0,350,2236,3821,1524,2305,Web Attack  XSS,WEBATTACK,8,100157
119,1,3,198,1,2,132,0,1,66,66,66.0,0.0,66,66,66.0,0.0,66,66,66.0,0.0,66,0,0.5,0.7071067811865476,1,1,1.0,0.0,1,0,0.0,0.0,0,0,0,0,0,3,0,0,2,0,0,0,0,2,0,0,1,0,0,0,0,1,0,0,1,0.0,0,1,350,349,1969,2943,304,354,0,0,803,1349,302,350,1,0,0,350,333,730.6628571428571,736.64,0,0,0,0,350,1879,3120,1405,2120,Web Attack  XSS,WEBATTACK,8,100245
120,1,3,214,1,2,140,0,1,74,66,71.33333333333333,4.618802153517004,74,66,70.0,5.656854249492381,74,74,74.0,0.0,74,0,0.5,0.7071067811865476,1,1,1.0,0.0,1,0,0.0,0.0,0,2,0,0,0,2,0,0,0,1,0,0,0,1,0,0,0,1,0,0,0,1,0,0,0,4.0,0,1,350,349,1975,2934,302,352,0,0,809,1343,302,352,1,0,0,350,333,739.8571428571429,741.3514285714285,0,0,0,0,350,1873,3112,1409,2126,Web Attack  XSS,WEBATTACK,8,100297
121,1,3,198,1,2,132,0,1,66,66,66.0,0.0,66,66,66.0,0.0,66,66,66.0,0.0,66,0,0.5,0.7071067811865476,1,1,1.0,0.0,1,0,0.0,0.0,0,0,0,0,0,3,0,0,2,0,0,0,0,2,0,0,1,0,0,0,0,1,0,0,1,0.0,0,1,350,349,1961,3012,304,360,0,0,793,1362,302,358,1,0,0,350,331,723.6057142857143,723.7942857142857,0,0,0,0,350,1917,3193,1395,2112,Web Attack  XSS,WEBATTACK,8,100391
122,1,3,214,1,2,140,0,1,74,66,71.33333333333333,4.618802153517004,74,66,70.0,5.656854249492381,74,74,74.0,0.0,74,0,0.5,0.7071067811865476,1,1,1.0,0.0,1,0,0.0,0.0,0,2,0,0,0,2,0,0,0,1,0,0,0,1,0,0,0,1,0,0,0,1,0,0,0,4.0,0,1,350,349,1984,2881,304,350,0,0,808,1294,300,352,1,0,0,350,333,735.5085714285714,742.2942857142857,0,0,0,0,350,1857,3059,1408,2134,Web Attack  XSS,WEBATTACK,8,100460
123,1,4,264,1,2,132,0,2,132,66,66.0,0.0,66,66,66.0,0.0,66,66,66.0,0.0,66,0,0.3333333333333333,0.5773502691896258,1,1,1.0,0.0,1,0,0.0,0.0,0,0,0,0,0,4,0,0,2,0,0,0,0,2,0,0,1,0,0,0,0,2,0,0,1,0.0,0,1,350,349,1961,3158,302,364,0,0,792,1458,304,364,1,0,0,350,329,720.9971428571429,726.0514285714286,0,0,0,0,350,1986,3342,1394,2113,Web Attack  XSS,WEBATTACK,8,100498
124,4784,24,20003,4784,16,4928,4781,8,15075,66,833.4583333333334,788.2415199928128,1934,66,307.99999999999994,260.59316951908005,651,1836,1884.375,51.7216105704376,1934,0,208.0,385.2517476805383,1019,3,318.93333333333334,441.95514747647456,1019,236,682.9999999999999,414.1042541840561,1023,0,0,0,0,24,16,0,0,0,0,0,0,16,8,0,0,0,0,0,0,8,8,0,0,913.9870075663,0,0,350,350,1984,3180,304,366,0,0,808,1470,300,364,1,0,0,350,330,734.7657142857142,743.7314285714285,0,0,0,0,350,1997,3362,1408,2134,Web Attack  XSS,WEBATTACK,8,100513
125,1,3,214,1,2,140,0,1,74,66,71.33333333333333,4.618802153517004,74,66,70.0,5.656854249492381,74,74,74.0,0.0,74,0,0.5,0.7071067811865476,1,1,1.0,0.0,1,0,0.0,0.0,0,2,0,0,0,2,0,0,0,1,0,0,0,1,0,0,0,1,0,0,0,1,0,0,0,4.0,0,0,350,350,1983,3249,300,368,0,0,808,1502,304,374,1,0,0,350,328,734.7285714285714,744.0914285714285,0,0,0,0,350,2034,3436,1408,2135,Web Attack  XSS,WEBATTACK,8,100556
126,1,3,198,1,2,132,0,1,66,66,66.0,0.0,66,66,66.0,0.0,66,66,66.0,0.0,66,0,0.5,0.7071067811865476,1,1,1.0,0.0,1,0,0.0,0.0,0,0,0,0,0,3,0,0,2,0,0,0,0,2,0,0,1,0,0,0,0,1,0,0,1,0.0,0,1,350,349,1978,3237,302,372,0,0,804,1494,302,368,1,0,0,350,327,721.0657142857143,726.9685714285714,0,0,0,0,350,2027,3423,1404,2129,Web Attack  XSS,WEBATTACK,8,100587
127,1,3,214,1,2,140,0,1,74,66,71.33333333333333,4.618802153517004,74,66,70.0,5.656854249492381,74,74,74.0,0.0,74,0,0.5,0.7071067811865476,1,1,1.0,0.0,1,0,0.0,0.0,0,2,0,0,0,2,0,0,0,1,0,0,0,1,0,0,0,1,0,0,0,1,0,0,0,4.0,0,1,350,349,1954,2878,308,350,0,0,776,1294,300,344,1,0,0,350,335,709.0085714285714,721.9485714285714,0,0,0,0,350,1846,3052,1395,2104,Web Attack  XSS,WEBATTACK,8,100836
128,4852,24,20005,4852,16,4928,4847,8,15077,66,833.5416666666666,788.3628043178369,1935,66,307.99999999999994,260.59316951908005,651,1836,1884.625,51.98883808775,1935,0,210.95652173913044,384.921536073011,1020,4,323.46666666666664,440.2726211705436,1020,255,692.4285714285713,401.4622676926842,1023,0,0,0,0,24,16,0,0,0,0,0,0,16,8,0,0,0,0,0,0,8,8,0,0,914.2833258897376,0,1,350,349,1996,3019,302,346,0,0,808,1392,302,344,1,0,0,350,335,737.6571428571428,758.2085714285714,0,0,0,0,350,1917,3193,1423,2147,Web Attack  XSS,WEBATTACK,8,100869
129,4902,24,20007,4902,16,4928,4898,8,15079,66,833.625,788.4840607966878,1935,66,307.99999999999994,260.59316951908005,651,1836,1884.875,52.25333208787468,1935,0,213.1304347826088,391.2882341873299,1039,3,326.8,448.1050897150929,1039,245,699.7142857142857,414.04054321838026,1045,0,0,0,0,24,16,0,0,0,0,0,0,16,8,0,0,0,0,0,0,8,8,0,0,914.2833258897376,0,1,350,349,1984,2755,304,340,0,0,808,1244,300,336,1,0,0,350,337,739.1,744.5828571428572,0,0,0,0,350,1786,2925,1410,2134,Web Attack  XSS,WEBATTACK,8,101065
130,1,3,198,1,2,132,0,1,66,66,66.0,0.0,66,66,66.0,0.0,66,66,66.0,0.0,66,0,0.5,0.7071067811865476,1,1,1.0,0.0,1,0,0.0,0.0,0,0,0,0,0,3,0,0,2,0,0,0,0,2,0,0,1,0,0,0,0,1,0,0,1,0.0,0,1,350,349,1990,2768,302,338,0,0,812,1252,302,338,1,0,0,350,337,740.0057142857142,759.3971428571429,0,0,0,0,350,1795,2939,1415,2141,Web Attack  XSS,WEBATTACK,8,101094
131,60613,32,8009,60613,16,1649,60563,16,6360,60,250.28125000000003,427.8597323946702,1514,60,103.06249999999996,102.56280596135552,433,60,397.5,567.0771846348019,1514,0,1955.2580645161288,3986.235374951676,10002,15,4040.866666666667,5038.225238353377,10053,0,4037.533333333333,5046.551055164404,10052,2,0,0,0,31,8,0,2,1,0,0,0,15,3,0,1,1,0,0,0,16,5,0,1,687.6924579102687,0,0,2,2,47,47,4,4,1,1,14,14,4,4,1,0,0,2,2,33266.5,33266.5,0,0,0,0,2,25,49,25,49,BENIGN,BENIGN,0,102547
132,0,2,134,0,1,74,0,1,60,60,67.0,9.899494936611664,74,74,74.0,0.0,74,60,60.0,0.0,60,0,0.0,0.0,0,0,0.0,0.0,0,0,0.0,0.0,0,1,0,0,0,1,0,1,0,1,0,0,0,0,0,0,0,0,0,0,0,1,0,1,0,8.082903768654761,0,0,350,350,354,354,0,0,354,354,0,0,354,354,350,0,0,0,0,424.45142857142855,424.45142857142855,0,0,0,0,1,354,708,354,708,PortScan,PORTSCAN,6,106499
133,0,2,134,0,1,74,0,1,60,60,67.0,9.899494936611664,74,74,74.0,0.0,74,60,60.0,0.0,60,0,0.0,0.0,0,0,0.0,0.0,0,0,0.0,0.0,0,1,0,0,0,1,0,1,0,1,0,0,0,0,0,0,0,0,0,0,0,1,0,1,0,8.082903768654761,0,0,350,350,359,359,0,0,349,349,0,0,355,355,350,0,0,3,3,0.06,0.06,1,1,0,0,12,360,709,360,709,PortScan,PORTSCAN,6,108679
134,0,2,134,0,1,74,0,1,60,60,67.0,9.899494936611664,74,74,74.0,0.0,74,60,60.0,0.0,60,0,0.0,0.0,0,0,0.0,0.0,0,0,0.0,0.0,0,1,0,0,0,1,0,1,0,1,0,0,0,0,0,0,0,0,0,0,0,1,0,1,0,8.082903768654761,0,0,350,350,359,359,0,0,349,349,0,0,355,355,350,0,0,3,3,0.0657142857142857,0.0657142857142857,1,1,0,0,12,360,709,360,709,PortScan,PORTSCAN,6,108686
135,0,2,134,0,1,74,0,1,60,60,67.0,9.899494936611664,74,74,74.0,0.0,74,60,60.0,0.0,60,0,0.0,0.0,0,0,0.0,0.0,0,0,0.0,0.0,0,1,0,0,0,1,0,1,0,1,0,0,0,0,0,0,0,0,0,0,0,1,0,1,0,8.082903768654761,0,0,350,350,359,359,0,0,349,349,0,0,355,355,350,0,0,3,3,0.0685714285714285,0.0685714285714285,1,1,0,0,12,360,709,360,709,PortScan,PORTSCAN,6,108741
136,0,2,134,0,1,74,0,1,60,60,67.0,9.899494936611664,74,74,74.0,0.0,74,60,60.0,0.0,60,0,0.0,0.0,0,0,0.0,0.0,0,0,0.0,0.0,0,1,0,0,0,1,0,1,0,1,0,0,0,0,0,0,0,0,0,0,0,1,0,1,0,8.082903768654761,0,0,350,350,351,351,0,0,351,351,0,0,351,351,350,0,0,0,0,52.637142857142855,52.637142857142855,0,0,0,0,1,351,702,351,702,PortScan,PORTSCAN,6,109149
137,0,2,134,0,1,74,0,1,60,60,67.0,9.899494936611664,74,74,74.0,0.0,74,60,60.0,0.0,60,0,0.0,0.0,0,0,0.0,0.0,0,0,0.0,0.0,0,1,0,0,0,1,0,1,0,1,0,0,0,0,0,0,0,0,0,0,0,1,0,1,0,8.082903768654761,0,0,350,350,352,352,0,0,352,352,0,0,352,352,350,0,0,0,0,157.85714285714286,157.85714285714286,0,0,0,0,1,352,704,352,704,PortScan,PORTSCAN,6,109184
138,0,2,134,0,1,74,0,1,60,60,67.0,9.899494936611664,74,74,74.0,0.0,74,60,60.0,0.0,60,0,0.0,0.0,0,0,0.0,0.0,0,0,0.0,0.0,0,1,0,0,0,1,0,1,0,1,0,0,0,0,0,0,0,0,0,0,0,1,0,1,0,8.082903768654761,0,0,350,350,352,352,0,0,352,352,0,0,352,352,350,0,0,0,0,210.4857142857143,210.4857142857143,0,0,0,0,0,352,704,352,704,PortScan,PORTSCAN,6,109553
139,0,2,134,0,1,74,0,1,60,60,67.0,9.899494936611664,74,74,74.0,0.0,74,60,60.0,0.0,60,0,0.0,0.0,0,0,0.0,0.0,0,0,0.0,0.0,0,1,0,0,0,1,0,1,0,1,0,0,0,0,0,0,0,0,0,0,0,1,0,1,0,8.082903768654761,0,0,350,350,350,350,0,0,350,350,0,0,350,350,350,0,0,0,0,0.0571428571428571,0.0571428571428571,0,0,0,0,0,350,700,350,700,PortScan,PORTSCAN,6,110269
140,0,2,134,0,1,74,0,1,60,60,67.0,9.899494936611664,74,74,74.0,0.0,74,60,60.0,0.0,60,0,0.0,0.0,0,0,0.0,0.0,0,0,0.0,0.0,0,1,0,0,0,1,0,1,0,1,0,0,0,0,0,0,0,0,0,0,0,1,0,1,0,8.082903768654761,0,0,350,350,361,361,0,0,351,351,0,0,356,356,350,0,0,3,3,108.97714285714284,108.97714285714284,1,1,0,0,13,361,712,361,712,PortScan,PORTSCAN,6,110695
141,0,2,134,0,1,74,0,1,60,60,67.0,9.899494936611664,74,74,74.0,0.0,74,60,60.0,0.0,60,0,0.0,0.0,0,0,0.0,0.0,0,0,0.0,0.0,0,1,0,0,0,1,0,1,0,1,0,0,0,0,0,0,0,0,0,0,0,1,0,1,0,8.082903768654761,0,0,350,350,361,361,0,0,351,351,0,0,356,356,350,0,0,3,3,108.97714285714284,108.97714285714284,1,1,0,0,13,361,712,361,712,PortScan,PORTSCAN,6,110721
142,0,2,134,0,1,74,0,1,60,60,67.0,9.899494936611664,74,74,74.0,0.0,74,60,60.0,0.0,60,0,0.0,0.0,0,0,0.0,0.0,0,0,0.0,0.0,0,1,0,0,0,1,0,1,0,1,0,0,0,0,0,0,0,0,0,0,0,1,0,1,0,8.082903768654761,0,0,350,350,361,361,0,0,351,351,0,0,356,356,350,0,0,3,3,108.98,108.98,1,1,0,0,13,361,712,361,712,PortScan,PORTSCAN,6,110742
143,98,7,962,69,4,678,69,3,284,60,137.42857142857144,157.49164754874795,484,60,169.5,209.77050952568777,484,60,94.66666666666669,60.04442799572108,164,0,16.333333333333336,14.109098719148104,29,3,23.0,17.776388834631177,37,32,34.5,3.5355339059327378,37,2,0,0,0,6,2,0,2,1,0,0,0,3,1,0,1,1,0,0,0,3,1,0,1,200.74527806816943,0,0,4,21,21,120,6,32,0,2,6,26,8,36,1,0,0,4,21,89.0,405.2857142857143,0,0,0,0,4,77,138,15,25,BENIGN,BENIGN,0,111673
144,30,2,126,0,1,60,0,1,66,60,63.0,4.242640687119285,66,60,60.0,0.0,60,66,66.0,0.0,66,30,30.0,0.0,30,0,0.0,0.0,0,0,0.0,0.0,0,0,0,0,0,2,0,0,0,0,0,0,0,1,0,0,0,0,0,0,0,1,0,0,0,3.4641016151377544,0,0,16,66,58,214,4,18,0,5,12,32,10,41,1,0,0,16,66,311.8125,294.030303030303,0,0,0,0,16,133,230,36,62,BENIGN,BENIGN,0,112459
145,115753,33,6541,115753,17,3628,115738,16,2913,66,198.2121212121212,532.743240077699,2564,66,213.41176470588235,605.7358189449764,2564,66,182.0625,462.1209753228405,1915,0,3617.28125,4883.382686901968,10225,3,7234.5625,4645.728948453622,10240,0,7715.866666666667,4378.917590759921,10241,2,0,0,0,32,2,0,2,1,0,0,0,16,1,0,1,1,0,0,0,16,1,0,1,1282.5369065514906,0,0,14,49,2880,5565,28,91,14,24,409,513,28,98,2,0,0,14,49,37545.28571428572,47457.24489795919,0,0,0,0,14,2302,5631,942,2908,BENIGN,BENIGN,0,117382
146,1,4,572,0,2,148,1,2,424,74,143.0,79.67433714816836,212,74,74.0,0.0,74,212,212.0,0.0,212,0,0.3333333333333333,0.5773502691896258,1,0,0.0,0.0,0,1,1.0,0.0,1,0,0,0,0,0,0,0,0,0,0,0,0,0,0,0,0,0,0,0,0,0,0,0,0,79.67433714816836,348,350,2,0,12,0,4,0,8,0,4,0,0,0,5,0,0,0,0,56.331428571428575,37.67714285714285,348,350,0,0,348,702,1402,704,1408,BENIGN,BENIGN,0,119275
147,994,6,374,994,3,194,993,3,180,60,62.33333333333333,2.9439202887759484,66,62,64.66666666666667,2.309401076758505,66,60,60.0,0.0,60,0,198.8,271.77325107523,500,494,497.0,4.242640687119285,500,493,496.5,4.949747468305833,500,3,0,0,0,3,0,3,0,3,0,0,0,0,0,0,0,0,0,0,0,3,0,3,0,2.8284271247461903,0,0,147,350,1332,3284,234,490,90,315,244,509,324,805,1,0,0,147,350,280.5986394557823,367.2057142857143,0,0,0,0,147,1900,3844,800,1539,Bot,BOT,1,121298
148,1030,6,374,1029,3,194,1029,3,180,60,62.33333333333333,2.9439202887759484,66,62,64.66666666666667,2.309401076758505,66,60,60.0,0.0,60,0,206.0,281.1654317301471,515,514,514.5,0.7071067811865476,515,513,514.5,2.1213203435596424,516,3,0,0,0,3,0,3,0,3,0,0,0,0,0,0,0,0,0,0,0,3,0,3,0,2.8284271247461903,0,0,260,350,2625,3106,440,422,120,417,456,437,560,839,1,0,0,260,350,238.94615384615383,456.42285714285714,0,0,0,0,260,1828,3734,1468,2965,Bot,BOT,1,121332
149,1003,6,374,1002,3,194,1003,3,180,60,62.33333333333333,2.9439202887759484,66,62,64.66666666666667,2.309401076758505,66,60,60.0,0.0,60,0,200.6,274.25954860314346,507,495,501.0,8.48528137423857,507,496,501.5,7.7781745930520225,507,3,0,0,0,3,0,3,0,3,0,0,0,0,0,0,0,0,0,0,0,3,0,3,0,2.8284271247461903,0,0,130,350,1565,3081,218,412,63,432,231,427,281,844,1,0,0,130,350,247.93846153846152,469.8342857142857,0,0,0,0,130,1818,3719,816,1737,Bot,BOT,1,121337
150,1030,6,374,1029,3,194,1029,3,180,60,62.33333333333333,2.9439202887759484,66,62,64.66666666666667,2.309401076758505,66,60,60.0,0.0,60,0,206.0,281.1654317301471,515,514,514.5,0.7071067811865476,515,513,514.5,2.1213203435596424,516,3,0,0,0,3,0,3,0,3,0,0,0,0,0,0,0,0,0,0,0,3,0,3,0,2.8284271247461903,0,0,273,350,2664,2886,440,334,159,549,456,349,599,883,1,0,0,273,350,276.56410256410254,574.5228571428571,0,0,0,0,273,1740,3602,1507,3043,Bot,BOT,1,121376
151,1014,6,374,1013,3,194,1014,3,180,60,62.33333333333333,2.9439202887759484,66,62,64.66666666666667,2.309401076758505,66,60,60.0,0.0,60,0,202.8,276.7863797227024,508,504,506.5,3.5355339059327378,509,505,507.0,2.8284271247461903,509,3,0,0,0,3,0,3,0,3,0,0,0,0,0,0,0,0,0,0,0,3,0,3,0,2.8284271247461903,0,0,142,350,1601,1974,218,244,99,684,231,249,317,928,1,0,0,142,350,312.59154929577466,689.0085714285714,0,0,0,0,142,1409,2780,852,1809,Bot,BOT,1,121421
152,1010,6,374,1010,3,194,1009,3,180,60,62.33333333333333,2.9439202887759484,66,62,64.66666666666667,2.309401076758505,66,60,60.0,0.0,60,0,202.0,276.1620900847906,509,501,505.0,5.656854249492381,509,500,504.5,6.363961030678928,509,3,0,0,0,3,0,3,0,3,0,0,0,0,0,0,0,0,0,0,0,3,0,3,0,2.8284271247461903,0,0,177,350,1884,1490,278,176,114,786,293,176,392,962,1,0,0,177,350,290.3672316384181,776.4628571428572,0,0,0,0,177,1226,2364,1037,2137,Bot,BOT,1,121455
153,1030,6,374,1029,3,194,1030,3,180,60,62.33333333333333,2.9439202887759484,66,62,64.66666666666667,2.309401076758505,66,60,60.0,0.0,60,0,206.0,281.62119948611826,515,514,514.5,0.7071067811865476,515,514,515.0,1.4142135623730951,516,3,0,0,0,3,0,3,0,3,0,0,0,0,0,0,0,0,0,0,0,3,0,3,0,2.8284271247461903,0,0,150,350,1625,1380,218,132,123,852,231,132,341,984,1,0,0,150,350,350.25333333333333,835.7285714285714,0,0,0,0,150,1182,2298,876,1857,Bot,BOT,1,121477
154,1030,6,374,1029,3,194,1029,3,180,60,62.33333333333333,2.9439202887759484,66,62,64.66666666666667,2.309401076758505,66,60,60.0,0.0,60,0,206.0,281.1654317301471,515,514,514.5,0.7071067811865476,515,513,514.5,2.1213203435596424,516,3,0,0,0,3,0,3,0,3,0,0,0,0,0,0,0,0,0,0,0,3,0,3,0,2.8284271247461903,0,0,313,350,2784,1185,440,54,279,969,456,54,719,1023,1,0,0,313,350,372.8402555910543,940.3085714285714,0,0,0,0,313,1104,2181,1627,3283,Bot,BOT,1,121516
155,997,6,374,997,3,194,996,3,180,60,62.33333333333333,2.9439202887759484,66,62,64.66666666666667,2.309401076758505,66,60,60.0,0.0,60,0,199.4,272.5844823169507,499,498,498.5,0.7071067811865476,499,497,498.0,1.4142135623730951,499,3,0,0,0,3,0,3,0,3,0,0,0,0,0,0,0,0,0,0,0,3,0,3,0,2.8284271247461903,0,0,217,350,1542,1050,234,0,300,1050,244,0,534,1050,1,0,0,217,350,512.2995391705069,1012.4,0,0,0,0,217,1050,2100,1010,1959,Bot,BOT,1,121543
156,1025,6,374,1024,3,194,1024,3,180,60,62.33333333333333,2.9439202887759484,66,62,64.66666666666667,2.309401076758505,66,60,60.0,0.0,60,1,205.0,279.3465589550013,514,509,512.0,4.242640687119285,515,509,512.0,4.242640687119285,515,3,0,0,0,3,0,3,0,3,0,0,0,0,0,0,0,0,0,0,0,3,0,3,0,2.8284271247461903,0,0,204,350,2275,1050,302,0,159,1050,318,0,461,1050,1,0,0,204,350,341.05392156862746,1012.3314285714284,0,0,0,0,204,1050,2100,1213,2585,Bot,BOT,1,121562
157,1045,6,374,1044,3,194,1044,3,180,60,62.33333333333333,2.9439202887759484,66,62,64.66666666666667,2.309401076758505,66,60,60.0,0.0,60,0,209.0,285.3094810902715,528,515,522.0,9.899494936611664,529,516,522.0,8.48528137423857,528,3,0,0,0,3,0,3,0,3,0,0,0,0,0,0,0,0,0,0,0,3,0,3,0,2.8284271247461903,0,0,326,350,2823,1050,440,0,318,1050,456,0,758,1050,1,0,0,326,350,399.1717791411043,1012.42,0,0,0,0,326,1050,2100,1666,3361,Bot,BOT,1,121563
158,996,6,374,996,3,194,996,3,180,60,62.33333333333333,2.9439202887759484,66,62,64.66666666666667,2.309401076758505,66,60,60.0,0.0,60,0,199.2,272.7667501731104,499,497,498.0,1.4142135623730951,499,497,498.0,1.4142135623730951,499,3,0,0,0,3,0,3,0,3,0,0,0,0,0,0,0,0,0,0,0,3,0,3,0,2.8284271247461903,0,0,244,350,1623,1050,234,0,381,1050,244,0,615,1050,1,0,0,244,350,565.9918032786885,1013.9285714285714,0,0,0,0,244,1050,2100,1091,2121,Bot,BOT,1,121636
159,997,6,374,996,3,194,996,3,180,60,62.33333333333333,2.9439202887759484,66,62,64.66666666666667,2.309401076758505,66,60,60.0,0.0,60,1,199.4,271.67130875379536,498,497,498.0,1.4142135623730951,499,497,498.0,1.4142135623730951,499,3,0,0,0,3,0,3,0,3,0,0,0,0,0,0,0,0,0,0,0,3,0,3,0,2.8284271247461903,0,0,252,350,1647,1050,234,0,405,1050,244,0,639,1050,1,0,0,252,350,579.6706349206349,1014.5714285714286,0,0,0,0,252,1050,2100,1115,2169,Bot,BOT,1,121664
160,92,4,700,0,2,140,0,2,560,70,175.0,121.2435565298214,280,70,70.0,0.0,70,280,280.0,0.0,280,0,30.666666666666664,53.116224765445565,92,0,0.0,0.0,0,0,0.0,0.0,0,0,0,0,0,0,0,0,0,0,0,0,0,0,0,0,0,0,0,0,0,0,0,0,0,121.2435565298214,350,346,0,4,0,48,0,0,0,0,0,32,0,0,5,0,0,0,0,46.70857142857143,37.22,337,342,0,0,337,726,1436,700,1400,BENIGN,BENIGN,0,124127
161,7132,17,5122,7132,8,2166,7073,9,2956,60,301.29411764705884,616.0174271790005,2315,60,270.75,477.4625639775332,1435,60,328.44444444444446,746.8055488397081,2315,0,445.75,1691.3227762119604,6787,0,1018.857142857143,2544.0789707718995,6787,0,884.1250000000001,2409.2704549302885,6846,2,0,0,0,16,5,0,2,1,0,0,0,7,3,0,1,1,0,0,0,9,2,0,1,1107.764264934858,0,0,30,30,524,524,44,44,8,8,178,178,60,60,1,0,0,30,30,14884.033333333333,14884.033333333333,0,0,0,0,30,253,554,253,554,BENIGN,BENIGN,0,131104
162,95,2,180,0,1,90,0,1,90,90,90.0,0.0,90,90,90.0,0.0,90,90,90.0,0.0,90,95,95.0,0.0,95,0,0.0,0.0,0,0,0.0,0.0,0,0,0,0,0,0,0,0,0,0,0,0,0,0,0,0,0,0,0,0,0,0,0,0,0,0.0,1,1,0,0,0,0,0,0,0,0,0,0,0,0,1,0,0,0,0,95.0,95.0,0,0,0,0,0,1,2,1,2,BENIGN,BENIGN,0,131795
163,59,2,180,0,1,90,0,1,90,90,90.0,0.0,90,90,90.0,0.0,90,90,90.0,0.0,90,59,59.0,0.0,59,0,0.0,0.0,0,0,0.0,0.0,0,0,0,0,0,0,0,0,0,0,0,0,0,0,0,0,0,0,0,0,0,0,0,0,0,0.0,3,7,0,0,0,0,0,0,0,0,0,0,0,0,1,0,0,0,0,1402.0,643.1428571428571,0,0,0,0,0,9,18,5,10,BENIGN,BENIGN,0,132663
164,1699,12,3668,1699,8,2140,1699,4,1528,66,305.6666666666667,180.8511861038006,469,66,267.5,215.41256098141403,469,382,382.0,0.0,382,0,154.45454545454547,511.9361998601708,1698,0,242.7142857142857,641.7207893068227,1698,0,566.3333333333333,980.9181073531742,1699,0,0,0,0,12,8,0,0,0,0,0,0,8,4,0,0,0,0,0,0,4,4,0,0,177.30834723723527,33,290,16,60,236,814,0,54,0,52,176,388,0,112,4,0,0,0,0,326.6938775510204,65.42857142857143,32,267,0,0,32,1081,2054,214,368,BENIGN,BENIGN,0,135989
165,5776,6,380,5776,4,254,5761,2,126,60,63.333333333333336,5.750362307426087,74,60,63.5,7.000000000000001,74,60,63.0,4.242640687119285,66,0,1155.2,2565.7879296621536,5745,15,1925.3333333333333,3307.9284051099617,5745,5761,5761.0,0.0,5761,2,0,0,0,5,0,0,2,1,0,0,0,3,0,0,1,1,0,0,0,2,0,0,1,6.6332495807108,0,0,2,4,21,132,4,8,0,0,5,24,4,8,2,0,0,2,4,5879.5,33263.0,0,0,0,0,2,64,136,14,23,BENIGN,BENIGN,0,138201
166,81066,23,24604,81066,15,940,72017,8,23664,60,1069.739130434783,2980.9320723161145,11649,60,62.66666666666666,5.052109413285654,74,60,2958.0,4656.079251902828,11649,0,3684.818181818181,13159.53543338483,61270,0,5790.428571428572,16328.262278422864,61270,0,10288.14285714286,26874.247371964186,71230,4,0,0,0,21,4,2,2,2,0,0,0,13,2,2,0,2,0,0,0,8,2,0,2,5792.1704265327,0,0,350,350,8741,8741,881,881,700,700,1416,1416,1400,1400,350,0,0,350,350,79243.62857142858,79243.62857142858,0,0,0,0,350,5666,9441,5666,9441,DDoS,DDOS,2,141761
167,77079,25,24724,77079,16,1000,71989,9,23724,60,988.96,2867.6866908131137,11649,60,62.50000000000001,4.926120853842978,74,60,2636.0,4461.204517840445,11649,0,3211.625,13122.901574073703,64386,0,5138.599999999999,16501.86749518282,64386,0,8998.625000000002,24803.9951905074,70379,4,0,0,0,23,4,2,3,2,0,0,0,14,2,2,0,2,0,0,0,9,2,0,3,5792.1704265327,0,0,350,350,8774,8774,875,875,700,700,1423,1423,1400,1400,350,0,0,350,350,79241.08,79241.08,0,0,0,0,350,5675,9474,5675,9474,DDoS,DDOS,2,141857
168,73077,27,24838,73077,17,1060,72053,10,23778,60,919.925925925926,2485.3934052615045,11649,60,62.352941176470594,4.8080814322163405,74,60,2377.8,3754.257103609181,11649,0,2810.6538461538453,13567.387388712115,69298,0,4567.3125,17269.45227743196,69298,0,8005.888888888889,23681.09374820156,71151,4,0,0,0,25,4,2,3,2,0,0,0,15,2,2,0,2,0,0,0,10,2,0,3,5792.1704265327,0,0,350,350,8684,8684,876,876,700,700,1428,1428,1400,1400,350,0,0,350,350,79285.70285714285,79285.70285714285,0,0,0,0,350,5635,9384,5635,9384,DDoS,DDOS,2,141981
169,82192,29,24952,82192,17,1060,72151,12,23892,60,860.4137931034484,2036.198147059532,7354,60,62.352941176470594,4.8080814322163405,74,60,1991.0000000000005,2859.1875832766964,7354,0,2935.42857142857,13073.5425146973,68934,0,5137.0,17192.787227982164,68934,0,6559.181818181818,21059.282740958588,70042,4,0,0,0,27,4,2,3,2,0,0,0,15,2,2,0,2,0,0,0,12,2,0,3,3644.6726419071806,0,0,350,350,9424,9424,957,957,755,755,1526,1526,1510,1510,350,0,0,350,350,79476.41714285714,79476.41714285714,0,0,0,0,350,6102,10179,6102,10179,DDoS,DDOS,2,142889
170,88874,37,37041,88874,22,1380,79458,15,35661,60,1001.108108108108,2479.840863888288,10274,60,62.727272727272734,5.034942834893893,74,60,2377.4,3521.368175662896,10274,0,2468.722222222222,11295.892263779811,67421,0,4232.095238095238,14678.589829764856,67421,0,5675.571428571428,18858.728388138537,70841,6,0,0,0,34,6,3,4,3,0,0,0,19,3,3,0,3,0,0,0,15,3,0,4,5104.670932913632,0,0,350,350,9450,9450,947,947,756,756,1540,1540,1512,1512,350,0,0,350,350,79230.15428571429,79230.15428571429,0,0,0,0,350,6137,10206,6137,10206,DDoS,DDOS,2,143127
171,80499,25,24718,80499,16,1000,72681,9,23718,60,988.72,2535.167885959429,10189,60,62.5,4.926120853842977,74,60,2635.333333333333,3809.877130564712,10189,0,3354.125,12642.939137209114,61630,0,5366.6,15843.973368896002,61630,0,9085.125,24949.62913802528,70812,4,0,0,0,23,4,2,2,2,0,0,0,14,2,2,0,2,0,0,0,9,2,0,2,5062.170968731367,0,0,350,350,9310,9310,948,948,742,742,1522,1522,1484,1484,350,0,0,350,350,80171.03142857143,80171.03142857143,0,0,0,0,350,6030,10052,6030,10052,DDoS,DDOS,2,143259
172,79752,29,24958,79752,18,1120,73460,11,23838,60,860.6206896551723,2101.146275825125,7269,60,62.22222222222223,4.697377936373035,74,60,2167.090909090909,3055.569225350506,7269,0,2848.2857142857138,11657.97655035715,61274,0,4691.294117647058,14837.997842383866,61274,0,7346.0,22482.67008658496,71320,4,0,0,0,27,4,2,3,2,0,0,0,16,2,2,0,2,0,0,0,11,2,0,3,3602.172712405667,0,0,350,350,9138,9138,961,961,725,725,1503,1503,1450,1450,350,0,0,350,350,80098.95142857142,80098.95142857142,0,0,0,0,350,5908,9863,5908,9863,DDoS,DDOS,2,143540
173,83671,28,26261,83671,16,1006,73094,12,25255,60,937.8928571428572,1778.1662910047555,5894,60,62.875,4.951430769653016,74,60,2104.583333333333,2272.0788822067107,5894,0,3098.925925925926,13197.138731051122,68272,0,5578.066666666668,17567.93100049335,68272,0,6644.909090909091,21707.1195807023,72089,4,0,0,0,26,5,2,3,2,0,0,0,14,2,2,0,2,0,0,0,12,3,0,3,2914.67413844727,0,0,350,350,9386,9386,957,957,743,743,1519,1519,1486,1486,350,0,0,350,350,80223.22857142857,80223.22857142857,0,0,0,0,350,6020,10129,6020,10129,DDoS,DDOS,2,144022
174,82978,27,26201,82978,16,1006,73946,11,25195,60,970.4074074074074,1894.7903732087511,7354,60,62.875,4.951430769653016,74,60,2290.454545454545,2469.8181456794086,7354,0,3191.4615384615386,13727.525403307824,69857,0,5531.866666666668,17962.126953544175,69857,0,7394.6,23311.45441956712,73740,4,0,0,0,25,5,2,3,2,0,0,0,14,2,2,0,2,0,0,0,11,3,0,3,3644.6726419071806,0,0,350,350,8889,8889,915,915,709,709,1448,1448,1418,1418,350,0,0,350,350,80781.79142857142,80781.79142857142,0,0,0,0,350,5791,9598,5791,9598,DDoS,DDOS,2,144965
175,80295,29,24940,80295,16,1000,73707,13,23940,60,859.9999999999999,1844.785682480681,8814,60,62.5,4.926120853842977,74,60,1841.5384615384608,2459.499665087211,8814,0,2867.678571428571,13543.604955444967,71666,0,5353.000000000001,18425.58950791768,71666,0,6142.25,21255.33557881836,73637,4,0,0,0,27,4,2,3,2,0,0,0,14,2,2,0,2,0,0,0,13,2,0,3,4374.6716448209,0,0,350,350,8977,8977,924,924,716,716,1470,1470,1432,1432,350,0,0,350,350,81637.21428571429,81637.21428571429,0,0,0,0,350,5815,9693,5815,9693,DDoS,DDOS,2,145316
176,83660,26,24766,83660,15,940,74252,11,23826,60,952.5384615384614,2278.329866033788,10189,60,62.66666666666666,5.052109413285654,74,60,2166.0000000000005,3188.9475066234627,10189,0,3346.3999999999987,13699.095389842352,68383,0,5975.714285714285,18153.321821166977,68383,0,7425.200000000001,22854.154481552512,72451,4,0,0,0,24,4,2,2,2,0,0,0,13,2,2,0,2,0,0,0,11,2,0,2,5062.170968731367,0,0,350,350,8900,11455,896,1009,716,580,1462,3433,1432,1432,350,0,0,350,282,81109.69142857143,65040.65714285714,0,0,0,0,350,6875,12171,5763,9616,DDoS,DDOS,2,145568
177,81687,24,24652,81687,15,940,74243,9,23712,60,1027.1666666666663,2515.873202491432,10189,60,62.66666666666666,5.052109413285654,74,60,2634.6666666666665,3680.53063429718,10189,0,3551.608695652174,14656.654863728849,70355,0,5834.785714285715,18686.656749911443,70355,0,9280.375,26025.54214578714,73689,4,0,0,0,22,4,2,2,2,0,0,0,13,2,2,0,2,0,0,0,9,2,0,2,5062.170968731367,0,0,350,350,8890,11417,903,1008,716,580,1464,3435,1432,1432,350,0,0,350,282,80879.46571428572,65126.07142857143,0,0,0,0,350,6872,12133,5771,9606,DDoS,DDOS,2,145607
178,81686,26,26147,81686,16,1006,74280,10,25141,60,1005.6538461538464,1962.0468076436443,5894,60,62.875,4.951430769653016,74,60,2514.1,2566.123641690798,5894,0,3267.44,14066.645750616362,70355,0,5445.733333333334,18069.23776345812,70355,0,8253.333333333334,24538.871011112144,73689,4,0,0,0,24,5,2,3,2,0,0,0,14,2,2,0,2,0,0,0,10,3,0,3,2914.67413844727,0,0,350,350,8874,11410,899,1009,716,580,1463,3436,1432,1432,350,0,0,350,282,80863.23428571428,65138.13428571429,0,0,0,0,350,6870,12126,5765,9590,DDoS,DDOS,2,145610
179,79749,28,24904,79749,18,1120,74301,10,23784,60,889.4285714285714,2852.896934807656,11649,60,62.22222222222223,4.697377936373035,74,60,2378.4,4537.081347689896,11649,0,2953.6666666666665,13816.03118732839,71870,0,4691.117647058824,17364.47205460892,71870,0,8255.666666666666,24549.733389591016,73720,4,0,0,0,26,4,2,3,2,0,0,0,16,2,2,0,2,0,0,0,10,2,0,3,5792.1704265327,0,0,350,350,8884,11396,902,1006,716,580,1458,3433,1432,1432,350,0,0,350,282,80737.27714285714,65224.09428571429,0,0,0,0,350,6858,12112,5773,9600,DDoS,DDOS,2,145641
180,77547,28,24898,77547,18,1120,76103,10,23778,60,889.2142857142857,2357.1746483345955,8814,60,62.22222222222223,4.697377936373035,74,60,2377.8,3583.133600635064,8814,0,2872.111111111112,12430.997340189357,64384,0,4561.588235294117,15586.103442084328,64384,0,8455.888888888889,24540.45762839624,73880,4,0,0,0,26,4,2,3,2,0,0,0,16,2,2,0,2,0,0,0,10,2,0,3,4374.6716448209,0,0,350,350,8873,8873,907,907,716,716,1456,1456,1432,1432,350,0,0,350,350,80316.9,80316.9,0,0,0,0,350,5768,9589,5768,9589,DDoS,DDOS,2,145749
181,36,2,126,0,1,60,0,1,66,60,63.0,4.242640687119285,66,60,60.0,0.0,60,66,66.0,0.0,66,36,36.0,0.0,36,0,0.0,0.0,0,0,0.0,0.0,0,0,0,0,0,2,0,0,0,0,0,0,0,1,0,0,0,0,0,0,0,1,0,0,0,3.4641016151377544,0,0,5,14,25,179,2,8,0,2,8,94,6,12,1,0,0,5,14,635.4,959.5714285714286,0,0,0,0,5,99,187,17,28,BENIGN,BENIGN,0,154366
182,3201,9,1996,3201,8,1922,0,1,74,66,221.77777777777777,112.85696453672873,297,66,240.25,105.10233108737408,297,74,74.0,0.0,74,0,400.125,556.8319668317492,1604,0,457.28571428571433,575.5376368479923,1604,0,0.0,0.0,0,2,0,0,0,8,6,0,0,1,0,0,0,7,6,0,0,1,0,0,0,1,0,0,0,112.89633888365616,0,0,350,350,631,804,0,8,28,28,478,573,254,262,1,0,0,350,348,970.1371428571427,968.9057142857145,0,0,0,0,350,819,1055,732,878,DoS Hulk,DOS,3,155424
183,0,1,297,0,1,297,0,0,0,297,297.0,0.0,297,297,297.0,0.0,297,0,0.0,0.0,0,0,0.0,0.0,0,0,0.0,0.0,0,0,0.0,0.0,0,0,0,0,0,1,1,0,0,0,0,0,0,1,1,0,0,0,0,0,0,0,0,0,0,171.47302994931886,0,0,350,350,593,914,0,16,46,46,493,686,298,305,1,0,0,350,346,1007.6685714285716,999.9257142857144,0,0,0,0,350,943,1215,791,895,DoS Hulk,DOS,3,155778
184,31,2,221,0,1,92,0,1,129,92,110.5,26.16295090390226,129,92,92.0,0.0,92,129,129.0,0.0,129,31,31.0,0.0,31,0,0.0,0.0,0,0,0.0,0.0,0,0,0,0,0,0,0,0,0,0,0,0,0,0,0,0,0,0,0,0,0,0,0,0,0,21.361959960016154,350,350,0,0,0,0,0,0,0,0,0,0,0,0,2,0,0,0,0,80.70571428571428,80.70571428571428,350,350,0,0,350,355,710,355,710,BENIGN,BENIGN,0,158256
185,124,9,863,124,5,495,124,4,368,60,95.8888888888889,69.89714665929583,249,60,99.0,83.89278872465738,249,60,92.0,60.06662967072483,182,0,15.5,42.63130975502126,121,0,31.0,60.66849814085285,122,1,41.33333333333333,68.9951689129995,121,2,0,0,0,8,2,0,2,1,0,0,0,4,1,0,1,1,0,0,0,4,1,0,1,93.85227754295578,0,0,3,82,24,660,6,164,0,0,6,166,6,164,1,0,0,3,82,93.0,81.76829268292683,0,0,0,0,3,412,742,15,27,Bot,BOT,1,166192
186,161,82,119998,161,28,116630,161,54,3368,60,1463.390243902439,2754.3390807515866,13194,60,4165.357142857143,3355.872158142938,13194,60,62.37037037037037,16.606768677198264,182,0,1.987654320987654,16.43053090070471,148,0,5.962962962962963,29.58882517942501,154,0,3.037735849056604,20.299642156898067,148,2,0,0,0,81,2,0,2,1,0,0,0,27,1,0,1,1,0,0,0,54,1,0,1,6546.919275506611,0,0,6,86,123,767,12,172,0,0,13,175,12,172,1,0,0,6,86,117.83333333333331,83.72093023255815,0,0,0,0,6,456,853,54,129,Bot,BOT,1,166196
187,93,9,863,93,5,495,92,4,368,60,95.8888888888889,69.89714665929583,249,60,99.0,83.89278872465738,249,60,92.0,60.06662967072483,182,0,11.625,32.07552471455901,91,0,23.25,45.835757511648765,92,0,30.666666666666664,52.252591642265294,91,2,0,0,0,8,2,0,2,1,0,0,0,4,1,0,1,1,0,0,0,4,1,0,1,93.85227754295578,0,0,58,97,510,899,116,194,0,0,118,198,116,194,1,0,0,58,97,79.15517241379311,84.80412371134021,0,0,0,0,58,529,996,309,568,Bot,BOT,1,166207
188,86,53,68129,86,22,66141,85,31,1988,60,1285.4528301886787,1957.3011301479328,5894,60,3006.409090909091,2044.7525559713856,5894,60,64.12903225806451,21.9024229032374,182,0,1.653846153846154,10.660325226589084,77,0,4.095238095238096,17.39800207467732,80,0,2.833333333333333,14.017435776458065,77,2,0,0,0,52,2,0,2,1,0,0,0,21,1,0,1,1,0,0,0,31,1,0,1,2897.23753484821,0,0,62,107,588,1186,124,214,0,0,127,221,124,214,1,0,0,62,107,81.61290322580645,88.16822429906541,0,0,0,0,62,650,1293,347,650,Bot,BOT,1,166217
189,65,9,863,65,5,495,64,4,368,60,95.8888888888889,69.89714665929583,249,60,99.0,83.89278872465738,249,60,92.0,60.06662967072483,182,0,8.125,22.17744993713853,63,0,16.25,31.836823543396,64,0,21.333333333333336,36.08785575970583,63,2,0,0,0,8,2,0,2,1,0,0,0,4,1,0,1,1,0,0,0,4,1,0,1,93.85227754295578,0,0,19,116,277,1364,38,232,0,0,40,240,38,232,1,0,0,19,116,96.3157894736842,90.3793103448276,0,0,0,0,19,726,1480,137,296,Bot,BOT,1,166226
190,74,9,862,74,5,494,74,4,368,60,95.77777777777776,69.62359114872231,248,60,98.8,83.4457907865939,248,60,92.0,60.06662967072483,182,0,9.250000000000002,24.95567499158687,71,0,18.5,35.66978179542641,72,1,24.666666666666664,40.12895878705717,71,2,0,0,0,8,2,0,2,1,0,0,0,4,1,0,1,1,0,0,0,4,1,0,1,93.45765529550448,0,0,36,125,507,1436,72,250,0,0,75,258,72,250,1,0,0,36,125,100.61111111111111,89.112,0,0,0,0,36,771,1561,247,543,Bot,BOT,1,166235
191,95,9,862,95,5,494,95,4,368,60,95.77777777777776,69.62359114872231,248,60,98.8,83.4457907865939,248,60,92.0,60.06662967072483,182,0,11.875000000000002,32.38358270129216,92,0,23.75,46.83570575248475,94,1,31.666666666666664,52.252591642265294,92,2,0,0,0,8,2,0,2,1,0,0,0,4,1,0,1,1,0,0,0,4,1,0,1,93.45765529550448,0,0,46,174,684,2086,92,348,0,0,96,360,92,348,1,0,0,46,174,99.7608695652174,91.54597701149426,0,0,0,0,46,1103,2260,326,730,Bot,BOT,1,166284
192,77,9,863,77,5,495,76,4,368,60,95.8888888888889,69.89714665929583,249,60,99.0,83.89278872465738,249,60,92.0,60.06662967072483,182,0,9.625,26.016135103321663,74,0,19.25,37.16965608306503,75,0,25.333333333333336,42.15843134336634,74,2,0,0,0,8,2,0,2,1,0,0,0,4,1,0,1,1,0,0,0,4,1,0,1,93.85227754295578,0,0,36,191,490,2222,72,382,0,0,75,394,72,382,1,0,0,36,191,89.75,91.1780104712042,0,0,0,0,36,1188,2413,247,526,Bot,BOT,1,166301
193,212,11,982,212,6,554,212,5,428,60,89.27272727272727,63.93291939070342,248,60,92.33333333333331,76.29853646477544,248,60,85.6,53.95183036746761,182,0,21.200000000000003,66.33886074123103,210,0,42.4,93.69258241717964,210,0,53.00000000000001,104.66772823240856,210,2,0,0,0,10,3,0,2,1,0,0,0,5,1,0,1,1,0,0,0,5,2,0,1,93.45765529550448,0,0,54,199,750,2288,108,398,0,0,113,411,108,398,1,0,0,54,199,102.51851851851852,91.41708542713567,0,0,0,0,54,1229,2487,367,804,Bot,BOT,1,166309
194,200,11,983,200,6,555,199,5,428,60,89.36363636363637,64.18141900468191,249,60,92.5,76.70658381130005,249,60,85.6,53.95183036746761,182,0,20.0,62.19324722186485,197,0,40.0,87.76673629570601,197,0,49.74999999999999,98.1711940099199,197,2,0,0,0,10,3,0,2,1,0,0,0,5,1,0,1,1,0,0,0,5,2,0,1,93.85227754295578,0,0,40,201,524,2306,80,402,0,0,84,416,80,402,1,0,0,40,201,90.875,91.91044776119404,0,0,0,0,40,1240,2507,268,564,Bot,BOT,1,166311
195,67,9,863,67,5,495,66,4,368,60,95.8888888888889,69.89714665929583,249,60,99.0,83.89278872465738,249,60,92.0,60.06662967072483,182,0,8.375,22.88441453416339,65,0,16.75,32.83671725370854,66,0,22.0,37.242448899072144,65,2,0,0,0,8,2,0,2,1,0,0,0,4,1,0,1,1,0,0,0,4,1,0,1,93.85227754295578,0,0,95,213,881,2404,190,426,0,0,195,441,190,426,1,0,0,95,213,85.42105263157895,91.88262910798122,0,0,0,0,95,1301,2617,525,976,Bot,BOT,1,166323
196,198,11,984,198,6,556,198,5,428,60,89.45454545454545,64.430371155789,250,60,92.66666666666669,77.11463328491335,250,60,85.6,53.95183036746761,182,0,19.8,61.91176517162683,196,0,39.6,87.99034037893023,197,0,49.49999999999999,97.66780431646858,196,2,0,0,0,10,3,0,2,1,0,0,0,5,1,0,1,1,0,0,0,5,2,0,1,94.24790006502354,0,0,17,222,195,2478,34,444,0,0,36,460,34,444,1,0,0,17,222,107.17647058823528,91.7162162162162,0,0,0,0,17,1347,2700,107,212,Bot,BOT,1,166332
197,62,9,863,62,5,495,61,4,368,60,95.8888888888889,69.89714665929583,249,60,99.0,83.89278872465738,249,60,92.0,60.06662967072483,182,0,7.749999999999999,20.71403940740262,59,0,15.5,29.670411748631555,60,0,20.333333333333336,33.50124375800596,59,2,0,0,0,8,2,0,2,1,0,0,0,4,1,0,1,1,0,0,0,4,1,0,1,93.85227754295578,0,0,99,225,913,2502,198,450,0,0,203,466,198,450,1,0,0,99,225,84.81818181818181,91.36888888888888,0,0,0,0,99,1362,2727,545,1012,Bot,BOT,1,166335
198,65,9,863,65,5,495,65,4,368,60,95.8888888888889,69.89714665929583,249,60,99.0,83.89278872465738,249,60,92.0,60.06662967072483,182,0,8.125,22.17744993713853,63,0,16.25,32.5,65,1,21.666666666666664,35.795716689756794,63,2,0,0,0,8,2,0,2,1,0,0,0,4,1,0,1,1,0,0,0,4,1,0,1,93.85227754295578,0,0,102,237,937,2598,204,474,0,0,209,490,204,474,1,0,0,102,237,84.29411764705883,90.38396624472574,0,0,0,0,102,1422,2835,560,1039,Bot,BOT,1,166347
199,83,9,864,83,5,496,82,4,368,60,96.0,70.17121917139534,250,60,99.2,84.33978894922609,250,60,92.0,60.06662967072483,182,0,10.374999999999998,28.13710057151285,80,0,20.75,40.16943282314717,81,1,27.333333333333336,45.61067126598044,80,2,0,0,0,8,2,0,2,1,0,0,0,4,1,0,1,1,0,0,0,4,1,0,1,94.24790006502354,0,0,32,262,389,2983,64,524,0,0,67,542,64,524,1,0,0,32,262,99.65625,90.1946564885496,0,0,0,0,32,1606,3245,207,421,Bot,BOT,1,166372
200,84,9,863,84,5,495,83,4,368,60,95.8888888888889,69.89714665929583,249,60,99.0,83.89278872465738,249,60,92.0,60.06662967072483,182,0,10.500000000000002,28.490599953568648,81,0,21.0,41.33602141796749,83,1,27.666666666666664,46.18802153517006,81,2,0,0,0,8,2,0,2,1,0,0,0,4,1,0,1,1,0,0,0,4,1,0,1,93.85227754295578,0,0,116,278,1160,3241,232,556,0,0,238,576,232,556,1,0,0,116,278,84.8103448275862,91.06115107913668,0,0,0,0,116,1733,3519,664,1276,Bot,BOT,1,166388
201,75,9,862,75,5,494,74,4,368,60,95.77777777777776,69.62359114872231,248,60,98.8,83.4457907865939,248,60,92.0,60.06662967072483,182,0,9.375,24.90517731602923,71,0,18.75,36.16973873281365,73,1,24.666666666666664,40.12895878705717,71,2,0,0,0,8,2,0,2,1,0,0,0,4,1,0,1,1,0,0,0,4,1,0,1,93.45765529550448,0,0,72,284,953,3289,144,568,0,0,150,588,144,568,1,0,0,72,284,100.68055555555556,91.06338028169014,0,0,0,0,72,1763,3573,481,1025,Bot,BOT,1,166394
202,248,11,986,248,6,558,248,5,428,60,89.63636363636364,64.92961223859686,252,60,93.0,77.9307384797552,252,60,85.6,53.95183036746761,182,0,24.8,77.37182949885572,245,0,49.6,109.79207621681994,246,0,62.0,122.00273220984302,245,2,0,0,0,10,3,0,2,1,0,0,0,5,1,0,1,1,0,0,0,5,2,0,1,95.0420959364849,0,0,6,301,50,3429,12,602,0,0,13,624,12,602,1,0,0,6,301,116.16666666666669,91.69435215946844,0,0,0,0,6,1850,3730,31,56,Bot,BOT,1,166411
203,130,9,866,130,5,498,129,4,368,60,96.22222222222224,70.72089114571764,252,60,99.6,85.23379611398286,252,60,92.0,60.06662967072483,182,0,16.25,44.75249394487099,127,0,32.5,63.668411843446094,128,1,43.0,72.74613391789285,127,2,0,0,0,8,2,0,2,1,0,0,0,4,1,0,1,1,0,0,0,4,1,0,1,95.0420959364849,0,0,8,303,66,3445,16,606,0,0,17,628,16,606,1,0,0,8,303,113.875,91.7953795379538,0,0,0,0,8,1860,3748,41,74,Bot,BOT,1,166413
204,232,11,982,232,6,554,231,5,428,60,89.27272727272727,63.93291939070342,248,60,92.33333333333331,76.29853646477544,248,60,85.6,53.95183036746761,182,0,23.2,72.31228572425758,229,0,46.4,102.63673806196296,230,0,57.74999999999999,114.16763989852817,229,2,0,0,0,10,3,0,2,1,0,0,0,5,1,0,1,1,0,0,0,5,2,0,1,93.45765529550448,0,0,76,304,987,3455,152,608,0,0,159,631,152,608,1,0,0,76,304,100.94736842105264,92.25657894736842,0,0,0,0,76,1866,3759,502,1063,Bot,BOT,1,166414
205,93,9,866,93,5,498,92,4,368,60,96.22222222222224,70.72089114571764,252,60,99.6,85.23379611398286,252,60,92.0,60.06662967072483,182,0,11.625,31.67214864829982,90,0,23.25,45.16912662427734,91,0,30.666666666666664,51.39390365922142,90,2,0,0,0,8,2,0,2,1,0,0,0,4,1,0,1,1,0,0,0,4,1,0,1,95.0420959364849,0,0,16,324,209,3816,32,648,0,0,34,675,32,648,1,0,0,16,324,120.125,95.16358024691358,0,0,0,0,16,2040,4140,111,225,Bot,BOT,1,166434
206,106,117,214880,106,36,209892,105,81,4988,60,1836.581196581197,4691.475880270581,21954,60,5830.333333333332,7017.806112209957,21954,60,61.580246913580254,13.563613270005584,182,0,0.913793103448276,7.791376465451198,84,0,3.028571428571429,15.662780375004631,93,0,1.3125,9.3735336405964,84,2,0,0,0,116,2,0,2,1,0,0,0,35,1,0,1,1,0,0,0,81,1,0,1,10926.818018069122,0,0,124,328,1336,3958,248,656,0,0,256,684,248,656,1,0,0,124,328,86.76612903225806,95.5060975609756,0,0,0,0,124,2092,4286,737,1460,Bot,BOT,1,166438
207,120,9,866,120,5,498,119,4,368,60,96.22222222222224,70.72089114571764,252,60,99.6,85.23379611398286,252,60,92.0,60.06662967072483,182,0,15.000000000000004,41.62073658989848,118,0,30.0,58.66856057549052,118,0,39.66666666666667,67.84049921199971,118,2,0,0,0,8,2,0,2,1,0,0,0,4,1,0,1,1,0,0,0,4,1,0,1,95.0420959364849,0,0,22,342,257,4072,44,684,0,0,46,713,44,684,1,0,0,22,342,109.36363636363636,95.0701754385965,0,0,0,0,22,2163,4414,141,279,Bot,BOT,1,166452
208,81,9,866,81,5,498,80,4,368,60,96.22222222222224,70.72089114571764,252,60,99.6,85.23379611398286,252,60,92.0,60.06662967072483,182,0,10.125,27.833368976310226,79,0,20.25,39.83612263595275,80,0,26.666666666666664,45.32475409015843,79,2,0,0,0,8,2,0,2,1,0,0,0,4,1,0,1,1,0,0,0,4,1,0,1,95.0420959364849,0,0,23,343,265,4080,46,686,0,0,48,715,46,686,1,0,0,23,343,108.1304347826087,95.02915451895043,0,0,0,0,23,2168,4423,146,288,Bot,BOT,1,166453
209,64,9,863,64,5,495,63,4,368,60,95.8888888888889,69.89714665929583,249,60,99.0,83.89278872465738,249,60,92.0,60.06662967072483,182,0,8.0,21.420951025973217,61,0,16.0,30.67028964106252,62,0,21.0,34.655446902326915,61,2,0,0,0,8,2,0,2,1,0,0,0,4,1,0,1,1,0,0,0,4,1,0,1,93.85227754295578,0,0,71,348,918,4185,142,696,0,0,149,726,142,696,1,0,0,71,348,91.61971830985917,95.97126436781608,0,0,0,0,71,2216,4533,471,989,Bot,BOT,1,166458
210,78,9,866,78,5,498,77,4,368,60,96.22222222222224,70.72089114571764,252,60,99.6,85.23379611398286,252,60,92.0,60.06662967072483,182,0,9.75,26.36962538332964,75,0,19.5,38.33623177448022,77,1,25.666666666666664,42.72391992003231,75,2,0,0,0,8,2,0,2,1,0,0,0,4,1,0,1,1,0,0,0,4,1,0,1,95.0420959364849,0,0,24,349,273,4193,48,698,0,0,50,728,48,698,1,0,0,24,349,106.875,95.91977077363896,0,0,0,0,24,2221,4542,151,297,Bot,BOT,1,166459
211,69,9,863,69,5,495,68,4,368,60,95.8888888888889,69.89714665929583,249,60,99.0,83.89278872465738,249,60,92.0,60.06662967072483,182,0,8.625,23.18828213929244,66,0,17.25,33.17001658124397,67,0,22.666666666666664,37.5410886008029,66,2,0,0,0,8,2,0,2,1,0,0,0,4,1,0,1,1,0,0,0,4,1,0,1,93.85227754295578,0,0,73,350,934,4199,146,700,0,0,153,729,146,700,1,0,0,73,350,91.0958904109589,95.77428571428572,0,0,0,0,73,2225,4549,481,1007,Bot,BOT,1,166471
212,204,11,988,204,6,555,203,5,433,60,89.81818181818181,64.15421760386168,249,60,92.5,76.70658381130005,249,60,86.6,53.95183036746761,183,0,20.4,63.10696386999527,200,0,40.8,90.11492662150928,202,0,50.75,99.5033500273567,200,2,0,0,0,10,3,0,2,1,0,0,0,5,1,0,1,1,0,0,0,5,2,0,1,94.0106376959544,0,0,80,350,992,4362,160,700,0,0,168,732,160,700,1,0,0,80,350,91.25,98.64285714285714,0,0,0,0,80,2275,4712,517,1072,Bot,BOT,1,166522
213,87,9,862,87,5,494,86,4,368,60,95.77777777777776,69.62359114872231,248,60,98.8,83.4457907865939,248,60,92.0,60.06662967072483,182,0,10.875,29.55110585312937,84,0,21.75,42.1693016304515,85,0,28.666666666666664,47.93050524804984,84,2,0,0,0,8,2,0,2,1,0,0,0,4,1,0,1,1,0,0,0,4,1,0,1,93.45765529550448,0,0,96,350,1310,4431,192,700,0,0,201,731,192,700,1,0,0,96,350,106.97916666666669,98.35142857142856,0,0,0,0,96,2297,4781,654,1406,Bot,BOT,1,166525
214,75,9,863,75,5,495,75,4,368,60,95.8888888888889,69.89714665929583,249,60,99.0,83.89278872465738,249,60,92.0,60.06662967072483,182,0,9.375,25.309159832530423,72,0,18.75,36.16973873281365,73,1,25.0,40.70626487409524,72,2,0,0,0,8,2,0,2,1,0,0,0,4,1,0,1,1,0,0,0,4,1,0,1,93.85227754295578,0,0,82,350,1079,4431,164,700,0,0,172,731,164,700,1,0,0,82,350,90.8780487804878,98.35714285714286,0,0,0,0,82,2297,4781,550,1161,Bot,BOT,1,166526
215,86,9,863,86,5,495,85,4,368,60,95.8888888888889,69.89714665929583,249,60,99.0,83.89278872465738,249,60,92.0,60.06662967072483,182,0,10.75,28.793600479471625,82,0,21.5,41.66933324800546,84,1,28.333333333333336,46.47938611183815,82,2,0,0,0,8,2,0,2,1,0,0,0,4,1,0,1,1,0,0,0,4,1,0,1,93.85227754295578,0,0,146,350,1595,4524,292,700,0,0,302,736,292,700,1,0,0,146,350,89.03424657534246,101.03714285714284,0,0,0,0,146,2330,4874,875,1741,Bot,BOT,1,166541
216,63,9,862,63,5,494,63,4,368,60,95.77777777777776,69.62359114872231,248,60,98.8,83.4457907865939,248,60,92.0,60.06662967072483,182,0,7.875,21.47049470452749,61,0,15.75,31.5,63,1,21.0,34.64101615137755,61,2,0,0,0,8,2,0,2,1,0,0,0,4,1,0,1,1,0,0,0,4,1,0,1,93.45765529550448,0,0,102,350,1366,4492,204,700,0,0,215,740,204,700,1,0,0,102,350,111.74509803921568,103.46571428571428,0,0,0,0,102,2318,4842,688,1468,Bot,BOT,1,166559
217,78,9,863,78,5,495,77,4,368,60,95.8888888888889,69.89714665929583,249,60,99.0,83.89278872465738,249,60,92.0,60.06662967072483,182,0,9.75,26.36962538332964,75,0,19.5,37.66961640367472,76,0,25.666666666666664,42.73562136360408,75,2,0,0,0,8,2,0,2,1,0,0,0,4,1,0,1,1,0,0,0,4,1,0,1,93.85227754295578,0,0,150,350,1629,4492,300,700,0,0,311,740,300,700,1,0,0,150,350,90.71333333333334,103.49714285714286,0,0,0,0,150,2318,4842,896,1779,Bot,BOT,1,166560
218,69,9,863,69,5,495,69,4,368,60,95.8888888888889,69.89714665929583,249,60,99.0,83.89278872465738,249,60,92.0,60.06662967072483,182,0,8.625,23.18828213929244,66,0,17.25,33.83661724621223,68,1,23.0,37.242448899072144,66,2,0,0,0,8,2,0,2,1,0,0,0,4,1,0,1,1,0,0,0,4,1,0,1,93.85227754295578,0,0,91,350,1155,4381,182,700,0,0,192,739,182,700,1,0,0,91,350,92.37362637362638,102.86857142857144,0,0,0,0,91,2283,4731,597,1246,Bot,BOT,1,166563
219,72,9,862,72,5,494,71,4,368,60,95.77777777777776,69.62359114872231,248,60,98.8,83.4457907865939,248,60,92.0,60.06662967072483,182,0,9.0,24.24871130596428,69,0,18.0,34.66987164671943,70,0,23.666666666666664,39.272551907577046,69,2,0,0,0,8,2,0,2,1,0,0,0,4,1,0,1,1,0,0,0,4,1,0,1,93.45765529550448,0,0,108,350,1532,4600,216,700,0,0,228,742,216,700,1,0,0,108,350,112.60185185185183,107.34,0,0,0,0,108,2351,4950,754,1640,Bot,BOT,1,166591
220,71,9,863,71,5,495,71,4,368,60,95.8888888888889,69.89714665929583,249,60,99.0,83.89278872465738,249,60,92.0,60.06662967072483,182,0,8.875000000000002,23.895232638690565,68,0,17.75,34.16991854443516,69,1,23.666666666666664,38.397048497681865,68,2,0,0,0,8,2,0,2,1,0,0,0,4,1,0,1,1,0,0,0,4,1,0,1,93.85227754295578,0,0,100,350,1298,4526,200,700,0,0,212,745,200,700,1,0,0,100,350,93.85,108.05714285714286,0,0,0,0,100,2323,4876,666,1398,Bot,BOT,1,166612
221,91,9,864,91,5,496,91,4,368,60,96.0,70.17121917139534,250,60,99.2,84.33978894922609,250,60,92.0,60.06662967072483,182,0,11.375,30.9651301582003,88,0,22.75,44.83581157958446,90,1,30.333333333333336,49.94330118577799,88,2,0,0,0,8,2,0,2,1,0,0,0,4,1,0,1,1,0,0,0,4,1,0,1,94.24790006502354,0,0,71,350,928,4526,142,700,0,0,152,745,142,700,1,0,0,71,350,109.88732394366195,107.67428571428572,0,0,0,0,71,2323,4876,479,999,Bot,BOT,1,166621
222,74,9,863,74,5,495,74,4,368,60,95.8888888888889,69.89714665929583,249,60,99.0,83.89278872465738,249,60,92.0,60.06662967072483,182,0,9.25,25.35885306104021,72,0,18.5,36.33639130862245,73,1,24.666666666666664,40.99186911246343,72,2,0,0,0,8,2,0,2,1,0,0,0,4,1,0,1,1,0,0,0,4,1,0,1,93.85227754295578,0,0,106,350,1346,4352,212,700,0,0,224,743,212,700,1,0,0,106,350,92.55660377358492,105.89142857142858,0,0,0,0,106,2269,4702,696,1452,Bot,BOT,1,166649
223,65,9,864,65,5,496,65,4,368,60,96.0,70.17121917139534,250,60,99.2,84.33978894922609,250,60,92.0,60.06662967072483,182,0,8.125,22.17744993713853,63,0,16.25,31.836823543396,64,1,21.666666666666664,35.795716689756794,63,2,0,0,0,8,2,0,2,1,0,0,0,4,1,0,1,1,0,0,0,4,1,0,1,94.24790006502354,0,0,79,350,992,4346,158,700,0,0,168,740,158,700,1,0,0,79,350,106.79746835443038,104.34571428571428,0,0,0,0,79,2266,4696,519,1071,Bot,BOT,1,166669
224,70,9,863,70,5,495,69,4,368,60,95.8888888888889,69.89714665929583,249,60,99.0,83.89278872465738,249,60,92.0,60.06662967072483,182,0,8.750000000000002,23.9448771735656,68,0,17.5,34.336569426778794,69,0,23.0,38.97435053981015,68,2,0,0,0,8,2,0,2,1,0,0,0,4,1,0,1,1,0,0,0,4,1,0,1,93.85227754295578,0,0,188,350,2177,4832,376,700,0,0,391,746,376,700,1,0,0,188,350,96.0744680851064,107.61714285714284,0,0,0,0,188,2437,5182,1163,2365,Bot,BOT,1,166702
225,173,9,863,173,5,495,173,4,368,60,95.8888888888889,69.89714665929583,249,60,99.0,83.89278872465738,249,60,92.0,60.06662967072483,182,0,21.625,60.35830514519108,171,0,43.25,86.5,173,1,57.66666666666667,98.1495457622364,171,2,0,0,0,8,2,0,2,1,0,0,0,4,1,0,1,1,0,0,0,4,1,0,1,93.85227754295578,0,0,123,350,1642,5030,246,700,0,0,261,750,246,700,1,0,0,123,350,96.89430894308944,110.71714285714286,0,0,0,0,123,2515,5380,843,1765,Bot,BOT,1,166748
226,71,9,864,71,5,496,70,4,368,60,96.0,70.17121917139534,250,60,99.2,84.33978894922609,250,60,92.0,60.06662967072483,182,0,8.875000000000002,23.895232638690565,68,0,17.75,34.83652297996075,70,1,23.333333333333336,38.68246803570493,68,2,0,0,0,8,2,0,2,1,0,0,0,4,1,0,1,1,0,0,0,4,1,0,1,94.24790006502354,0,0,95,350,1390,5026,190,700,0,0,203,748,190,700,1,0,0,95,350,106.57894736842104,109.20285714285714,0,0,0,0,95,2513,5376,683,1485,Bot,BOT,1,166762
227,75,9,864,75,5,496,75,4,368,60,96.0,70.17121917139534,250,60,99.2,84.33978894922609,250,60,92.0,60.06662967072483,182,0,9.375,25.309159832530423,72,0,18.75,36.83634980106833,74,1,25.0,40.70626487409524,72,2,0,0,0,8,2,0,2,1,0,0,0,4,1,0,1,1,0,0,0,4,1,0,1,94.24790006502354,0,0,102,350,1446,4713,204,700,0,0,217,742,204,700,1,0,0,102,350,104.03921568627452,104.30857142857144,0,0,0,0,102,2406,5063,718,1548,Bot,BOT,1,166797
228,89,9,866,89,5,498,89,4,368,60,96.22222222222224,70.72089114571764,252,60,99.6,85.23379611398286,252,60,92.0,60.06662967072483,182,0,11.125,30.66145789097446,87,0,22.25,43.835868114288935,88,1,29.666666666666664,49.652123150307816,87,2,0,0,0,8,2,0,2,1,0,0,0,4,1,0,1,1,0,0,0,4,1,0,1,95.0420959364849,0,0,108,350,1170,4646,216,700,0,0,226,740,216,700,1,0,0,108,350,98.05555555555556,103.11714285714284,0,0,0,0,108,2382,4996,665,1278,Bot,BOT,1,166813
229,1013,6,374,1012,3,194,1012,3,180,60,62.33333333333333,2.9439202887759484,66,62,64.66666666666667,2.309401076758505,66,60,60.0,0.0,60,0,202.6,276.54710267873,512,499,506.0,9.899494936611664,513,500,506.0,8.48528137423857,512,3,0,0,0,3,0,3,0,3,0,0,0,0,0,0,0,0,0,0,0,3,0,3,0,2.8284271247461903,0,0,122,350,1257,4566,234,668,15,48,244,708,249,716,1,0,0,122,350,134.3360655737705,144.24285714285713,0,0,0,0,122,2350,4948,725,1389,Bot,BOT,1,166862
230,1,5,349,1,3,186,0,2,163,60,69.8,15.498387012847497,97,60,62.0,3.4641016151377544,66,66,81.5,21.920310216782973,97,0,0.25,0.5,1,0,0.5,0.7071067811865476,1,0,0.0,0.0,0,0,0,0,0,3,1,2,2,0,0,0,0,1,0,2,1,0,0,0,0,2,1,0,1,16.740669042783207,0,1,124,349,6014,1518,221,417,208,150,3176,367,0,0,109,0,0,0,0,778.3306451612904,474.57714285714286,0,0,0,0,0,949,1642,4358,6222,Heartbleed,OTHERS,5,166920
231,1,5,349,1,3,186,0,2,163,60,69.8,15.498387012847497,97,60,62.0,3.4641016151377544,66,66,81.5,21.920310216782973,97,0,0.25,0.5,1,0,0.5,0.7071067811865476,1,0,0.0,0.0,0,0,0,0,0,3,1,2,2,0,0,0,0,1,0,2,1,0,0,0,0,2,1,0,1,16.740669042783207,0,1,129,349,6035,1517,229,415,214,154,3181,371,4,4,113,0,0,0,0,785.2558139534884,485.87142857142857,0,0,0,0,0,950,1649,4375,6251,Heartbleed,OTHERS,5,166925
232,1,5,349,1,3,186,0,2,163,60,69.8,15.498387012847497,97,60,62.0,3.4641016151377544,66,66,81.5,21.920310216782973,97,0,0.25,0.5,1,0,0.5,0.7071067811865476,1,0,0.0,0.0,0,0,0,0,0,3,1,2,2,0,0,0,0,1,0,2,1,0,0,0,0,2,1,0,1,16.740669042783207,0,1,130,349,6038,1513,231,417,216,156,3182,369,4,4,114,0,0,0,0,779.223076923077,471.9142857142857,0,0,0,0,0,949,1647,4378,6256,Heartbleed,OTHERS,5,166926
233,2022,6,444,2022,3,222,2022,3,222,74,74.0,0.0,74,74,74.0,0.0,74,74,74.0,0.0,74,0,404.4,553.3003705041232,1015,1006,1011.0,7.071067811865476,1016,1007,1011.0,5.656854249492381,1015,0,0,0,0,0,0,0,0,0,0,0,0,0,0,0,0,0,0,0,0,0,0,0,0,0.0,0,1,131,348,6041,1471,233,424,218,156,3183,349,4,4,116,1,1,0,0,782.7424242424242,393.8257142857143,0,0,0,0,0,926,1613,4384,6267,Heartbleed,OTHERS,5,166928
234,1,5,349,1,3,186,0,2,163,60,69.8,15.498387012847497,97,60,62.0,3.4641016151377544,66,66,81.5,21.920310216782973,97,0,0.25,0.5,1,0,0.5,0.7071067811865476,1,0,0.0,0.0,0,0,0,0,0,3,1,2,2,0,0,0,0,1,0,2,1,0,0,0,0,2,1,0,1,16.740669042783207,0,0,89,350,5878,1563,151,383,140,84,3125,371,0,0,74,0,0,0,0,1034.7752808988764,797.7342857142858,0,0,0,0,0,930,1613,4240,6018,Heartbleed,OTHERS,5,166954
235,1,5,349,1,3,186,0,2,163,60,69.8,15.498387012847497,97,60,62.0,3.4641016151377544,66,66,81.5,21.920310216782973,97,0,0.25,0.5,1,0,0.5,0.7071067811865476,1,0,0.0,0.0,0,0,0,0,0,3,1,2,2,0,0,0,0,1,0,2,1,0,0,0,0,2,1,0,1,16.740669042783207,0,0,98,350,5920,1555,169,381,158,102,3141,378,0,0,83,0,0,0,0,978.3571428571428,778.4885714285714,0,0,0,0,0,935,1623,4275,6078,Heartbleed,OTHERS,5,166963
236,1,5,349,1,3,186,0,2,163,60,69.8,15.498387012847497,97,60,62.0,3.4641016151377544,66,66,81.5,21.920310216782973,97,0,0.25,0.5,1,0,0.5,0.7071067811865476,1,0,0.0,0.0,0,0,0,0,0,3,1,2,2,0,0,0,0,1,0,2,1,0,0,0,0,2,1,0,1,16.740669042783207,0,0,104,350,5954,1556,181,381,168,112,3156,386,0,0,89,0,0,0,0,927.875,764.6457142857142,0,0,0,0,0,938,1634,4298,6122,Heartbleed,OTHERS,5,166969
237,1,5,349,1,3,186,0,2,163,60,69.8,15.498387012847497,97,60,62.0,3.4641016151377544,66,66,81.5,21.920310216782973,97,0,0.25,0.5,1,0,0.5,0.7071067811865476,1,0,0.0,0.0,0,0,0,0,0,3,1,2,2,0,0,0,0,1,0,2,1,0,0,0,0,2,1,0,1,16.740669042783207,0,0,111,350,5975,1549,195,395,182,124,3163,382,0,0,96,0,0,0,0,869.4054054054054,679.4742857142858,0,0,0,0,0,942,1641,4319,6157,Heartbleed,OTHERS,5,166976
238,1,4,418,0,2,152,1,2,266,76,104.5,32.90896534380867,133,76,76.0,0.0,76,133,133.0,0.0,133,0,0.3333333333333333,0.5773502691896258,1,0,0.0,0.0,0,1,1.0,0.0,1,0,0,0,0,0,0,0,0,0,0,0,0,0,0,0,0,0,0,0,0,0,0,0,0,32.90896534380867,230,347,21,3,310,62,12,0,12,0,188,32,16,8,5,0,0,0,0,55.199203187250994,33.348571428571425,211,345,0,0,211,748,1466,644,1238,BENIGN,BENIGN,0,171378
239,0,4,428,0,2,186,0,2,242,93,107.0,16.165807537309522,121,93,93.0,0.0,93,121,121.0,0.0,121,0,0.0,0.0,0,0,0.0,0.0,0,0,0.0,0.0,0,0,0,0,0,0,0,0,0,0,0,0,0,0,0,0,0,0,0,0,0,0,0,0,0,16.165807537309522,344,350,6,0,631,0,10,0,10,0,444,0,24,0,10,0,0,0,0,2000.86,49.745714285714286,340,350,0,0,342,762,1470,1280,2303,BENIGN,BENIGN,0,176610
240,3045,13,12383,3045,7,440,1792,6,11943,60,952.5384615384614,1723.9232685643046,4434,60,62.85714285714286,5.398412465054624,74,60,1990.5,2175.217115600188,4434,0,253.75,602.1680715245839,1792,0,507.5,805.1198047495789,1799,0,358.4,801.4067631359246,1792,2,0,0,0,12,2,1,1,1,0,0,0,6,1,1,0,1,0,0,0,6,1,0,1,2184.676635111018,0,0,350,350,6712,6849,682,687,544,541,1113,1205,1088,1090,350,0,0,350,348,55548.88857142857,55252.374285714286,0,0,0,0,350,4391,7394,4327,7256,DDoS,DDOS,2,177303
241,99954,29,24940,99954,17,1060,90172,12,23880,60,859.9999999999999,2141.456096744856,10189,60,62.35294117647059,4.80808143221634,74,60,1990.0,3049.054905734204,10189,0,3569.7857142857138,16140.82248892688,85315,0,6247.124999999999,21239.269334183795,85315,0,8197.454545454548,26916.25916565538,89350,4,0,0,0,27,4,2,2,2,0,0,0,15,2,2,0,2,0,0,0,12,2,0,2,5062.170968731367,0,0,350,350,6744,6870,678,682,548,544,1118,1208,1096,1096,350,0,0,350,348,56493.32,55946.53428571428,0,0,0,0,350,4422,7418,4365,7292,DDoS,DDOS,2,177350
242,8442,11,12269,8442,7,440,1094,4,11829,60,1115.3636363636365,2436.1138837389058,7354,60,62.85714285714286,5.398412465054624,74,60,2957.25,3560.0450722802184,7354,0,844.1999999999999,2307.169010810532,7339,0,1406.9999999999998,2938.483622550924,7339,0,364.6666666666666,622.1192275869098,1083,2,0,0,0,10,2,1,1,1,0,0,0,6,1,1,0,1,0,0,0,4,1,0,1,3644.6726419071806,0,0,350,350,6503,6503,671,671,529,529,1101,1101,1058,1058,350,0,0,350,350,54029.43428571429,54029.43428571429,0,0,0,0,350,4204,7032,4204,7032,DDoS,DDOS,2,177637
243,91842,23,24598,91842,15,940,91415,8,23658,60,1069.4782608695652,2907.544916710273,10189,60,62.66666666666666,5.052109413285654,74,60,2957.25,4508.232556747077,10189,0,4174.636363636363,17752.972332073765,83369,0,6560.14285714286,22187.04463578531,83369,0,13059.285714285714,34146.38550278436,90493,4,0,0,0,21,4,2,2,2,0,0,0,13,2,2,0,2,0,0,0,8,2,0,2,5062.170968731367,0,0,350,350,6732,6732,698,698,541,541,1100,1100,1082,1082,350,0,0,350,350,55753.78285714285,55753.78285714285,0,0,0,0,350,4349,7273,4349,7273,DDoS,DDOS,2,177805
244,2523,13,12395,2523,8,500,56,5,11895,60,953.4615384615386,3213.612106217981,11649,60,62.5,5.0990195135927845,74,60,2379.0,5182.088189137657,11649,0,210.25,703.2501333096212,2443,0,360.4285714285714,918.7554729347842,2443,0,14.0,19.578900207451216,42,2,0,0,0,12,2,1,2,1,0,0,0,7,1,1,0,1,0,0,0,5,1,0,2,5792.1704265327,0,0,350,350,6651,6651,689,689,534,534,1079,1079,1068,1068,350,0,0,350,350,53415.16857142857,53415.16857142857,0,0,0,0,350,4303,7185,4303,7185,DDoS,DDOS,2,177879
245,96323,29,24946,96323,17,1060,90916,12,23886,60,860.2068965517241,2279.148656521151,10189,60,62.35294117647059,4.80808143221634,74,60,1990.5000000000005,3293.1567475047955,10189,0,3440.107142857142,15120.436370195544,79835,0,6020.187500000001,19873.67651012683,79835,0,8265.09090909091,27074.747302438656,89896,4,0,0,0,27,4,2,3,2,0,0,0,15,2,2,0,2,0,0,0,12,2,0,3,5062.170968731367,0,0,350,350,6714,6714,690,690,533,533,1077,1077,1066,1066,350,0,0,350,350,55749.83142857143,55749.83142857143,0,0,0,0,350,4319,7247,4319,7247,DDoS,DDOS,2,178224
246,95063,26,24772,95063,16,1000,91636,10,23772,60,952.7692307692308,2255.9532496519923,8814,60,62.50000000000001,4.926120853842978,74,60,2377.2000000000003,3236.2781023199404,8814,0,3802.52,16300.959010949837,81543,0,6337.533333333333,20935.86458983267,81543,0,10181.777777777776,30056.529431131006,90329,4,0,0,0,24,4,2,2,2,0,0,0,14,2,2,0,2,0,0,0,10,2,0,2,4374.6716448209,0,0,350,350,6657,6657,677,677,530,530,1070,1070,1060,1060,350,0,0,350,350,54832.58,54832.58,0,0,0,0,350,4279,7187,4279,7187,DDoS,DDOS,2,178295
247,93673,31,25066,93673,17,1060,91629,14,24006,60,808.5806451612905,1577.6201438494536,4434,60,62.352941176470594,4.8080814322163405,74,60,1714.714285714286,2032.515433892444,4434,0,3122.433333333334,14998.248510807984,82179,0,5854.562499999999,20441.239685070475,82179,0,7048.384615384615,24838.160491263105,89705,4,0,0,0,29,4,2,4,2,0,0,0,15,2,2,0,2,0,0,0,14,2,0,4,2184.676635111018,0,0,350,350,6641,6641,677,677,531,531,1070,1070,1062,1062,350,0,0,350,350,55004.42571428572,55004.42571428572,0,0,0,0,350,4262,7172,4262,7172,DDoS,DDOS,2,178346
248,3308,14,12449,3308,8,500,555,6,11949,60,889.2142857142858,2704.478854350016,10189,60,62.5,5.0990195135927845,74,60,1991.5,4057.749117429514,10189,0,254.46153846153845,762.3504897557088,2743,0,472.57142857142856,1022.4304144444023,2743,0,111.0,239.8916422053924,540,2,0,0,0,13,2,1,2,1,0,0,0,7,1,1,0,1,0,0,0,6,1,0,2,5062.170968731367,0,0,350,350,6610,6610,699,699,528,528,1063,1063,1056,1056,350,0,0,350,350,51784.13142857143,51784.13142857143,0,0,0,0,350,4246,7138,4246,7138,DDoS,DDOS,2,178450
249,1966,15,12503,1966,8,500,724,7,12003,60,833.5333333333333,1626.6475984440544,4434,60,62.5,5.0990195135927845,74,60,1714.7142857142858,2115.509136062027,4434,0,140.42857142857144,362.3412573985839,1217,0,280.8571428571429,494.8560156151244,1217,0,120.66666666666669,287.79413938902,708,2,0,0,0,14,2,1,2,1,0,0,0,7,1,1,0,1,0,0,0,7,1,0,2,2184.676635111018,0,0,350,350,6602,6602,692,692,530,530,1071,1071,1060,1060,350,0,0,350,350,52163.38857142857,52163.38857142857,0,0,0,0,350,4237,7132,4237,7132,DDoS,DDOS,2,178536
250,1226,11,12269,1226,7,440,461,4,11829,60,1115.3636363636365,2690.433209456324,8814,60,62.85714285714286,5.398412465054624,74,60,2957.25,4125.5126045135285,8814,0,122.6,260.4710263264526,754,0,204.3333333333333,321.9631448887693,754,0,153.66666666666669,246.50828248424705,438,2,0,0,0,10,2,1,1,1,0,0,0,6,1,1,0,1,0,0,0,4,1,0,1,4374.6716448209,0,0,350,350,6588,6588,684,684,530,530,1077,1077,1060,1060,350,0,0,350,350,52089.98,52089.98,0,0,0,0,350,4222,7118,4222,7118,DDoS,DDOS,2,178572
251,92293,26,24778,92293,16,1000,92267,10,23778,60,953.0,2172.1084319158654,7354,60,62.50000000000001,4.926120853842978,74,60,2377.8,3072.505629684744,7354,0,3691.72,17105.586423056844,85644,0,6152.866666666667,22031.34008915049,85644,0,10251.888888888889,30239.949377621502,90888,4,0,0,0,24,4,2,3,2,0,0,0,14,2,2,0,2,0,0,0,10,2,0,3,3644.6726419071806,0,0,350,350,6335,6394,623,624,521,519,1055,1099,1042,1042,350,0,0,350,349,50493.64,50214.57142857143,0,0,0,0,350,4103,6915,4077,6856,DDoS,DDOS,2,179071
252,7977,11,12269,7977,7,440,61,4,11829,60,1115.3636363636365,2690.433209456324,8814,60,62.85714285714286,5.398412465054624,74,60,2957.25,4125.5126045135285,8814,0,797.7,2496.250968953242,7902,0,1329.5,3219.9607295741976,7902,0,20.333333333333336,28.57154761879961,53,2,0,0,0,10,2,1,1,1,0,0,0,6,1,1,0,1,0,0,0,4,1,0,1,4374.6716448209,0,0,350,350,6515,6515,676,676,524,524,1070,1070,1048,1048,350,0,0,350,350,53325.322857142855,53325.322857142855,0,0,0,0,350,4201,7039,4201,7039,DDoS,DDOS,2,179495
253,5951,12,12329,5951,7,440,650,5,11889,60,1027.4166666666667,2332.986476925049,7269,60,62.85714285714286,5.398412465054624,74,60,2377.8,3325.680712275308,7269,0,541.0,1589.0044682127234,5296,0,991.8333333333334,2124.755648696261,5296,0,162.5,324.3336759162288,649,2,0,0,0,11,2,1,1,1,0,0,0,6,1,1,0,1,0,0,0,5,1,0,1,3602.172712405667,0,0,350,350,6440,6440,657,657,525,525,1070,1070,1050,1050,350,0,0,350,350,53362.15714285714,53362.15714285714,0,0,0,0,350,4158,6965,4158,6965,DDoS,DDOS,2,179608
254,100670,27,24826,100670,15,940,92325,12,23886,60,919.4814814814816,1760.893509434046,5894,60,62.66666666666666,5.052109413285654,74,60,1990.5,2253.120966772333,5894,0,3871.9230769230767,17219.63496923922,87897,0,7190.714285714285,23335.028230698,87897,0,8393.181818181818,27067.48119355838,89992,4,0,0,0,25,4,2,2,2,0,0,0,13,2,2,0,2,0,0,0,12,2,0,2,2914.67413844727,0,0,350,350,6412,6412,651,651,528,528,1080,1080,1056,1056,350,0,0,350,350,51965.47142857143,51965.47142857143,0,0,0,0,350,4154,6940,4154,6940,DDoS,DDOS,2,179826
255,100594,28,24898,100594,17,1060,92782,11,23838,60,889.2142857142857,2509.938413840037,11649,60,62.352941176470594,4.8080814322163405,74,60,2167.090909090909,3748.445449904412,11649,0,3725.703703703704,17167.82068023871,89284,0,6287.124999999999,22219.32708814558,89284,0,9278.2,28842.873014547866,91362,4,0,0,0,26,4,2,3,2,0,0,0,15,2,2,0,2,0,0,0,11,2,0,3,5792.1704265327,0,0,350,350,6490,6490,679,679,530,530,1091,1091,1060,1060,350,0,0,350,350,52567.17428571429,52567.17428571429,0,0,0,0,350,4202,7020,4202,7020,DDoS,DDOS,2,179851
256,11150,11,12269,11150,7,440,28,4,11829,60,1115.3636363636365,2690.433209456324,8814,60,62.85714285714286,5.398412465054624,74,60,2957.25,4125.5126045135285,8814,0,1115.0,3510.4912919862245,11106,0,1858.3333333333333,4530.427338195224,11106,0,9.333333333333332,16.165807537309522,28,2,0,0,0,10,2,1,1,1,0,0,0,6,1,1,0,1,0,0,0,4,1,0,1,4374.6716448209,0,0,350,350,6439,6439,671,671,527,527,1085,1085,1054,1054,350,0,0,350,350,52101.99714285714,52101.99714285714,0,0,0,0,350,4164,6966,4164,6966,DDoS,DDOS,2,179907
257,8151,14,12455,8151,9,560,80,5,11895,60,889.6428571428572,3096.758692746159,11649,60,62.22222222222222,4.841946348777984,74,60,2379.0,5182.088189137657,11649,0,626.9999999999999,2226.8066073789764,8038,0,1018.875,2836.3780947589785,8038,0,20.0,31.801467471381464,67,2,0,0,0,13,2,1,2,1,0,0,0,8,1,1,0,1,0,0,0,5,1,0,2,5792.1704265327,0,0,350,350,6537,6537,679,679,527,527,1091,1091,1054,1054,350,0,0,350,350,53668.88571428572,53668.88571428572,0,0,0,0,350,4215,7064,4215,7064,DDoS,DDOS,2,180092
258,102510,28,24892,102510,17,1060,93281,11,23832,60,889.0000000000001,1864.514016712805,5894,60,62.352941176470594,4.8080814322163405,74,60,2166.545454545455,2535.597577047129,5894,0,3796.666666666667,16555.320534498875,86052,0,6406.874999999999,21383.10617559261,86052,0,9328.1,28615.16497884761,90753,4,0,0,0,26,4,2,3,2,0,0,0,15,2,2,0,2,0,0,0,11,2,0,3,2914.67413844727,0,0,350,350,6612,6612,688,688,527,527,1084,1084,1054,1054,350,0,0,350,350,52342.28,52342.28,0,0,0,0,350,4245,7139,4245,7139,DDoS,DDOS,2,180328
259,3090,15,12503,3090,8,500,1022,7,12003,60,833.5333333333333,1804.16489849248,5894,60,62.5,5.0990195135927845,74,60,1714.7142857142858,2428.259782525043,5894,0,220.7142857142857,591.2899104853374,2052,0,441.4285714285714,805.7538617433278,2052,0,170.33333333333334,410.40305391976153,1008,2,0,0,0,14,2,1,2,1,0,0,0,7,1,1,0,1,0,0,0,7,1,0,2,2914.67413844727,0,0,350,350,6583,6583,679,679,526,526,1073,1073,1052,1052,350,0,0,350,350,51783.188571428575,51783.188571428575,0,0,0,0,350,4229,7109,4229,7109,DDoS,DDOS,2,180383
260,9401,13,12389,9401,8,500,1497,5,11889,60,953.0,2803.928612976205,10189,60,62.5,5.0990195135927845,74,60,2377.8,4411.626933456636,10189,0,783.4166666666667,2282.3218424280662,7901,0,1343.0,2945.1730000120538,7901,0,374.25,747.8334819106902,1496,2,0,0,0,12,2,1,1,1,0,0,0,7,1,1,0,1,0,0,0,5,1,0,1,5062.170968731367,0,0,350,350,6670,6670,699,699,530,530,1101,1101,1060,1060,350,0,0,350,350,54830.29142857143,54830.29142857143,0,0,0,0,350,4256,7200,4256,7200,DDoS,DDOS,2,180670
261,3841,13,12395,3841,8,500,65,5,11895,60,953.4615384615386,3213.612106217981,11649,60,62.5,5.0990195135927845,74,60,2379.0,5182.088189137657,11649,0,320.0833333333333,1078.9907286090286,3746,0,548.7142857142858,1410.2124797686474,3746,0,16.25,24.4455176532086,52,2,0,0,0,12,2,1,2,1,0,0,0,7,1,1,0,1,0,0,0,5,1,0,2,5792.1704265327,0,0,350,350,6441,6441,668,668,523,523,1068,1068,1046,1046,350,0,0,350,350,51832.53142857143,51832.53142857143,0,0,0,0,350,4140,6964,4140,6964,DDoS,DDOS,2,180940
262,100106,29,24958,100106,17,1060,92925,12,23898,60,860.6206896551723,2101.146275825125,7269,60,62.352941176470594,4.8080814322163405,74,60,1991.5000000000005,2976.1915719132185,7269,0,3575.214285714286,16742.57620416825,88680,0,6256.624999999999,22060.683174296,88680,0,8447.727272727272,27691.20296083545,91936,4,0,0,0,27,4,2,4,2,0,0,0,15,2,2,0,2,0,0,0,12,2,0,4,3602.172712405667,0,0,350,350,6530,6530,682,682,530,530,1074,1074,1060,1060,350,0,0,350,350,53408.92,53408.92,0,0,0,0,350,4199,7060,4199,7060,DDoS,DDOS,2,181042
263,12765,14,12455,12765,9,560,1416,5,11895,60,889.6428571428572,3096.758692746159,11649,60,62.22222222222222,4.841946348777984,74,60,2379.0,5182.088189137657,11649,0,981.9230769230768,3129.782619222898,11319,0,1595.625,3959.751000017912,11319,0,354.0,697.3669526631346,1400,2,0,0,0,13,2,1,2,1,0,0,0,8,1,1,0,1,0,0,0,5,1,0,2,5792.1704265327,0,0,350,350,6444,6444,662,662,526,526,1063,1063,1052,1052,350,0,0,350,350,52539.63714285714,52539.63714285714,0,0,0,0,350,4141,6970,4141,6970,DDoS,DDOS,2,181097
264,96213,27,24832,96213,17,1060,92319,10,23772,60,919.7037037037038,2061.099814975841,7354,60,62.352941176470594,4.8080814322163405,74,60,2377.2000000000003,2919.5179130199635,7354,0,3700.5,16126.797309447402,82162,0,6013.3125,20460.23501891331,82162,0,10257.666666666666,30561.24480449054,91753,4,0,0,0,25,4,2,2,2,0,0,0,15,2,2,0,2,0,0,0,10,2,0,2,3644.6726419071806,0,0,350,350,6464,6464,657,657,527,527,1076,1076,1054,1054,350,0,0,350,350,53858.26571428571,53858.26571428571,0,0,0,0,350,4173,6991,4173,6991,DDoS,DDOS,2,181273
265,7819,12,12329,7819,7,440,583,5,11889,60,1027.4166666666667,2583.255256395885,8814,60,62.85714285714286,5.398412465054624,74,60,2377.8,3800.4871003596368,8814,0,710.8181818181819,2169.854318528404,7232,0,1303.1666666666667,2913.9581614475296,7232,0,145.75,290.8337153770175,582,2,0,0,0,11,2,1,1,1,0,0,0,6,1,1,0,1,0,0,0,5,1,0,1,4374.6716448209,0,0,350,350,6472,6472,655,655,527,527,1077,1077,1054,1054,350,0,0,350,350,53677.35428571429,53677.35428571429,0,0,0,0,350,4176,6999,4176,6999,DDoS,DDOS,2,181347
266,5834,12,12329,5834,8,500,489,4,11829,60,1027.4166666666667,2253.4031821924705,5894,60,62.5,5.0990195135927845,74,60,2957.25,3342.1730829905664,5894,0,530.3636363636364,1596.455779076093,5325,0,833.4285714285716,1988.956749751224,5325,0,163.0,269.43830462649515,474,2,0,0,0,11,2,1,1,1,0,0,0,7,1,1,0,1,0,0,0,4,1,0,1,2914.67413844727,0,0,350,350,6485,6485,651,651,524,524,1076,1076,1048,1048,350,0,0,350,350,52828.20571428572,52828.20571428572,0,0,0,0,350,4185,7009,4185,7009,DDoS,DDOS,2,181438
267,103703,25,24712,103703,15,940,92273,10,23772,60,988.48,2132.1273437578725,8814,60,62.66666666666666,5.052109413285654,74,60,2377.2000000000003,2924.2371008901146,8814,0,4320.958333333334,17609.422565352474,86132,0,7407.357142857144,22891.118467842312,86132,0,10252.555555555557,30549.673799858778,91717,4,0,0,0,23,4,2,2,2,0,0,0,13,2,2,0,2,0,0,0,10,2,0,2,4374.6716448209,0,0,350,350,6422,6422,630,630,522,522,1075,1075,1044,1044,350,0,0,350,350,52208.9,52208.9,0,0,0,0,350,4148,6944,4148,6944,DDoS,DDOS,2,181475
268,103606,26,24772,103606,16,1000,92227,10,23772,60,952.7692307692308,2048.6515234698613,7269,60,62.5,4.926120853842977,74,60,2377.2,2827.497197169256,7269,0,4144.24,17255.52098431108,86153,0,6907.066666666665,22135.66875451301,86153,0,10247.444444444443,30225.39960079565,90840,4,0,0,0,24,4,2,2,2,0,0,0,14,2,2,0,2,0,0,0,10,2,0,2,3602.172712405667,0,0,350,350,6465,6465,633,633,525,525,1081,1081,1050,1050,350,0,0,350,350,52979.57428571428,52979.57428571428,0,0,0,0,350,4175,6990,4175,6990,DDoS,DDOS,2,181483
269,102171,27,24826,102171,16,1000,92743,11,23826,60,919.4814814814814,2170.6680533238605,10189,60,62.50000000000001,4.926120853842978,74,60,2166.0,3060.455227576447,10189,0,3929.653846153847,17285.396180457785,88130,0,6811.399999999999,22638.770353406693,88130,0,9274.3,29090.7585022002,92066,4,0,0,0,25,4,2,2,2,0,0,0,14,2,2,0,2,0,0,0,11,2,0,2,5062.170968731367,0,0,350,350,6428,6428,634,634,524,524,1069,1069,1048,1048,350,0,0,350,350,52459.73428571429,52459.73428571429,0,0,0,0,350,4157,6952,4157,6952,DDoS,DDOS,2,181571
270,96339,28,24886,96339,17,1060,92863,11,23826,60,888.7857142857144,1692.2122351162836,5894,60,62.352941176470594,4.8080814322163405,74,60,2166.0,2185.4395896478127,5894,0,3568.1111111111104,15861.558278606835,82321,0,6021.1875,20502.01766076939,82321,0,9286.3,29102.50109163969,92111,4,0,0,0,26,4,2,2,2,0,0,0,15,2,2,0,2,0,0,0,11,2,0,2,2914.67413844727,0,0,350,350,6516,6516,672,672,528,528,1074,1074,1056,1056,350,0,0,350,350,54946.305714285714,54946.305714285714,0,0,0,0,350,4183,7044,4183,7044,DDoS,DDOS,2,181875
271,82803,12,1522,82786,8,648,82754,4,874,70,126.83333333333331,77.76051034874301,280,70,81.0,11.75949464414667,92,157,218.5,71.01408311032397,280,0,7527.545454545456,24934.20738007782,82707,0,11826.57142857143,31263.271698363795,82725,0,27584.666666666664,47778.04417651829,82754,0,0,0,0,0,0,0,0,0,0,0,0,0,0,0,0,0,0,0,0,0,0,0,0,94.36233358708336,350,349,0,1,0,47,0,0,0,2,0,36,0,4,10,0,0,0,0,3119.4857142857145,1952.9942857142853,350,348,0,0,350,995,1763,1026,1788,BENIGN,BENIGN,0,182798
272,0,4,388,0,2,178,0,2,210,89,97.0,9.237604307034012,105,89,89.0,0.0,89,105,105.0,0.0,105,0,0.0,0.0,0,0,0.0,0.0,0,0,0.0,0.0,0,0,0,0,0,0,0,0,0,0,0,0,0,0,0,0,0,0,0,0,0,0,0,0,0,9.237604307034012,350,347,0,3,0,109,0,0,0,6,0,64,0,12,10,0,0,0,0,50.011428571428574,710.8885714285715,349,347,0,0,349,905,1679,986,1732,BENIGN,BENIGN,0,185396
273,97464,59,21062,97316,34,8466,97314,25,12596,66,356.9830508474576,520.8575320308715,2762,66,249.0,340.4822782733072,1291,66,503.84,676.1938011152325,2762,0,1680.413793103448,3521.505544430612,10028,0,2948.969696969697,4339.355204728351,10176,0,4054.749999999999,4680.105185087004,10176,2,0,0,0,58,21,0,2,1,0,0,0,33,10,0,1,1,0,0,0,25,11,0,1,1281.3379400714969,0,0,1,3,58,120,2,6,0,0,21,46,2,6,1,0,0,1,3,97464.0,45268.66666666666,0,0,0,0,1,71,123,34,59,BENIGN,BENIGN,0,185751
274,32,2,126,0,1,60,0,1,66,60,63.0,4.242640687119285,66,60,60.0,0.0,60,66,66.0,0.0,66,32,32.0,0.0,32,0,0.0,0.0,0,0,0.0,0.0,0,0,0,0,0,2,0,0,0,0,0,0,0,1,0,0,0,0,0,0,0,1,0,0,0,3.4641016151377544,0,0,86,179,893,1229,2,18,1,9,126,201,28,44,1,0,0,86,179,78.01162790697674,69.1731843575419,0,0,0,0,86,606,1251,425,907,BENIGN,BENIGN,0,187260
275,0,4,368,0,2,152,0,2,216,76,92.0,18.475208614068023,108,76,76.0,0.0,76,108,108.0,0.0,108,0,0.0,0.0,0,0,0.0,0.0,0,0,0.0,0.0,0,0,0,0,0,0,0,0,0,0,0,0,0,0,0,0,0,0,0,0,0,0,0,0,0,18.475208614068023,350,328,0,22,0,202,0,8,0,14,0,112,0,8,5,0,0,0,0,23.042857142857144,125.46571428571428,337,323,0,0,337,886,1622,700,1400,BENIGN,BENIGN,0,189272
276,1080,12,2027,1057,6,802,1044,6,1225,60,168.91666666666669,264.62648061451495,913,60,133.66666666666669,174.59171419820206,490,60,204.16666666666663,347.26843603567926,913,0,98.1818181818182,298.0143681710055,996,0,211.4,438.80496806668,996,0,208.8,449.0965375061358,1012,3,0,0,0,11,2,0,2,1,0,0,0,5,1,0,1,2,0,0,0,6,1,0,1,408.650930909662,0,0,84,350,758,3083,168,700,0,0,144,554,187,784,1,0,0,84,350,957.7380952380952,908.2142857142856,0,0,0,0,84,1745,3433,427,842,BENIGN,BENIGN,0,191077
277,48,3,290,48,2,178,0,1,112,66,96.66666666666669,26.558112382722783,112,66,89.0,32.526911934581186,112,112,112.0,0.0,112,0,24.0,33.94112549695428,48,48,48.0,0.0,48,0,0.0,0.0,0,0,0,0,0,3,2,0,0,0,0,0,0,2,1,0,0,0,0,0,0,1,1,0,0,23.0,0,0,23,350,944,2638,14,82,10,15,407,893,14,86,1,0,0,23,350,1579.8260869565215,427.8142857142857,0,0,0,0,23,1287,2695,408,961,BENIGN,BENIGN,0,191778
278,9,15,12907,9,8,842,6,7,12065,60,860.4666666666666,1795.8678310684966,5858,60,105.25,115.15424438551972,390,66,1723.571428571429,2424.929130039533,5858,0,0.6428571428571429,1.1507283885330302,4,0,1.2857142857142856,1.7994708216848745,5,0,1.0,1.6733200530681511,4,2,0,0,0,11,2,3,2,1,0,0,0,4,1,3,1,1,0,0,0,7,1,0,1,2847.177022947467,0,0,350,350,4097,4097,570,570,631,631,712,712,700,700,2,0,0,350,350,9.834285714285716,9.834285714285716,0,0,0,0,350,2642,4864,2642,4864,DoS GoldenEye,DOS,3,192099
279,1002,16,12995,1002,10,996,1,6,11999,66,812.1875,1747.4524778946063,5858,66,99.59999999999998,100.68564942433456,386,66,1999.8333333333333,2536.6035887908592,5858,0,66.8,257.3328028615307,997,0,111.33333333333331,332.1257292050708,997,0,0.2,0.447213595499958,1,3,0,0,0,14,2,1,1,2,0,0,0,8,1,1,0,1,0,0,0,6,1,0,1,2846.6663544105995,0,0,350,350,4177,4177,474,474,603,603,864,864,737,737,2,0,0,350,350,386.98285714285714,386.98285714285714,0,0,0,0,350,2784,4960,2784,4960,DoS GoldenEye,DOS,3,193721
280,1051,16,13025,1051,8,883,51,8,12142,60,814.0625,1285.3306432587688,2973,60,110.375,124.00914424808704,417,66,1517.75,1546.9166336388564,2973,0,70.06666666666668,257.14711372138345,999,0,150.14285714285714,374.5336783127469,999,0,7.285714285714286,13.1746509848052,34,3,0,0,0,12,3,2,3,2,0,0,0,4,1,2,1,1,0,0,0,8,2,0,2,1405.9409660437382,0,0,350,350,3987,3987,485,485,618,618,754,754,726,726,2,0,0,350,350,293.75142857142856,293.75142857142856,0,0,0,0,350,2649,4782,2649,4782,DoS GoldenEye,DOS,3,194703
281,124,14,12897,124,7,832,113,7,12065,60,921.2142857142856,1458.0519236597552,4410,60,118.85714285714285,139.02449253210574,434,66,1723.5714285714284,1756.3245578141166,4410,0,9.538461538461537,27.723682369096714,101,0,20.666666666666668,44.45522091573348,111,0,18.83333333333333,40.48415327837136,101,2,0,0,0,12,2,2,1,1,0,0,0,5,1,2,0,1,0,0,0,7,1,0,1,2118.898062673143,0,0,350,350,4063,4063,492,492,652,652,700,700,700,700,2,0,0,350,350,61.86571428571428,61.86571428571428,0,0,0,0,350,2631,4857,2631,4857,DoS GoldenEye,DOS,3,195911
282,173,16,12957,173,8,826,160,8,12131,60,809.8125000000002,1487.2163805243674,4410,60,103.25,109.50244615663028,374,66,1516.375,1893.8081014189368,4410,0,11.533333333333331,34.22168624606054,134,0,24.714285714285715,54.270047864711664,147,0,22.857142857142858,49.39105374940071,134,2,0,0,0,12,2,3,2,1,0,0,0,4,1,3,1,1,0,0,0,8,1,0,1,2126.7272979862746,0,0,350,350,4111,4111,474,474,591,591,762,762,744,744,2,0,0,350,350,318.1542857142857,318.1542857142857,0,0,0,0,350,2704,4871,2704,4871,DoS Hulk,DOS,3,197030
283,88,14,12866,88,7,801,77,7,12065,60,919.0,1460.659176799718,4410,60,114.42857142857142,129.97930238164477,409,66,1723.571428571429,1759.3449403251254,4410,0,6.769230769230769,15.199527657978091,55,0,14.666666666666668,25.718994277900265,66,0,12.833333333333334,21.254803378687523,55,2,0,0,0,11,2,2,2,1,0,0,0,4,1,2,1,1,0,0,0,7,1,0,1,2122.1122142808567,0,0,350,350,4210,4210,524,524,577,577,710,710,700,700,2,0,0,350,350,31.742857142857144,31.742857142857144,0,0,0,0,350,2657,4903,2657,4903,DoS Hulk,DOS,3,197532
284,158,12,12773,158,7,840,146,5,11933,66,1064.4166666666663,2325.023067660086,7306,66,120.0,139.3747944692057,436,66,2386.6,3330.24770850458,7306,0,14.363636363636363,40.86874778427332,137,0,26.333333333333336,59.70817922752851,148,0,36.5,67.1341939699882,137,2,0,0,0,11,2,1,1,1,0,0,0,6,1,1,0,1,0,0,0,5,1,0,1,3562.605553991816,0,0,350,350,4051,4051,461,461,593,593,777,777,727,727,2,0,0,350,350,355.54857142857145,355.54857142857145,0,0,0,0,350,2693,4819,2693,4819,DoS Hulk,DOS,3,198255
285,167,14,12906,167,7,841,156,7,12065,60,921.8571428571428,1459.623600434391,4410,60,120.14285714285714,145.08897106192987,449,66,1723.571428571429,1759.3449403251254,4410,0,12.846153846153848,36.40935354604673,133,0,27.83333333333333,57.150386408725765,144,0,26.0,52.72191195319077,133,2,0,0,0,11,2,2,2,1,0,0,0,4,1,2,1,1,0,0,0,7,1,0,1,2117.0026570602126,0,0,350,350,4101,4101,503,503,634,634,764,764,747,747,2,0,0,350,350,326.5542857142857,326.5542857142857,0,0,0,0,350,2715,4929,2715,4929,DoS Hulk,DOS,3,199035
286,198,14,12876,198,7,811,184,7,12065,60,919.7142857142856,1666.699568173416,5858,60,115.85714285714285,133.7565307706862,419,66,1723.571428571429,2119.6927337975867,5858,0,15.23076923076923,43.00611167061771,157,0,33.0,67.9293750891321,171,0,30.666666666666668,62.24360743615899,157,2,0,0,0,11,2,2,2,1,0,0,0,4,1,2,1,1,0,0,0,7,1,0,1,2843.124967941672,0,0,350,350,4022,4022,474,474,599,599,721,721,739,739,2,0,0,350,350,320.98857142857145,320.98857142857145,0,0,0,0,350,2685,4812,2685,4812,DoS Hulk,DOS,3,199286
287,13,14,12946,13,8,947,6,6,11999,66,924.714285714286,1664.217322558354,5858,66,118.375,144.93342067505145,477,66,1999.8333333333333,2178.1304292137024,5858,0,1.0000000000000002,1.8708286933869709,6,0,1.8571428571428568,3.0783421635988546,8,0,1.2,2.16794833886788,5,2,0,0,0,13,2,1,1,1,0,0,0,7,1,1,0,1,0,0,0,6,1,0,1,2834.1302457720603,0,0,350,350,4009,4061,484,490,590,588,726,754,736,738,2,0,0,350,348,267.84,262.6542857142857,0,0,0,0,350,2686,4824,2661,4772,DoS Hulk,DOS,3,199602
288,33,15,12990,33,8,925,22,7,12065,60,866.0,1423.536591932722,4410,60,115.625,144.47929906094802,473,66,1723.571428571429,1759.3449403251254,4410,0,2.3571428571428568,4.516757565012639,11,0,4.714285714285714,5.589105048046174,11,0,3.666666666666667,5.680375574437544,11,2,0,0,0,11,2,3,2,1,0,0,0,4,1,3,1,1,0,0,0,7,1,0,1,2114.0218187142723,0,0,350,350,4015,4015,473,473,649,649,708,708,700,700,2,0,0,350,350,19.29428571428572,19.29428571428572,0,0,0,0,350,2660,4774,2660,4774,DoS Hulk,DOS,3,199923
289,161,15,12948,161,9,949,146,6,11999,66,863.2000000000002,1620.8229920100998,5858,66,105.44444444444444,115.36367616272366,413,66,1999.8333333333333,2179.592477199962,5858,0,11.499999999999998,35.49376976749148,134,0,20.125,51.805784288188185,148,0,29.2,58.814964082280966,134,2,0,0,0,14,2,1,1,1,0,0,0,8,1,1,0,1,0,0,0,6,1,0,1,2842.8766387821565,0,0,350,350,4001,4001,463,463,621,621,771,771,744,744,2,0,0,350,350,440.7685714285714,440.7685714285714,0,0,0,0,350,2707,4815,2707,4815,DoS Hulk,DOS,3,200877
290,165,14,12911,165,7,846,150,7,12065,60,922.2142857142858,1565.2157471622993,5858,60,120.85714285714286,144.3138115028364,448,66,1723.571428571429,1946.5062596990588,5858,0,12.692307692307692,37.35501888498299,136,0,27.5,60.22540991973405,150,0,25.0,54.66626016109022,136,2,0,0,0,12,2,2,1,1,0,0,0,5,1,2,0,1,0,0,0,7,1,0,1,2839.141184701224,0,0,350,350,4052,4052,486,486,612,612,736,736,741,741,2,0,0,350,350,305.06857142857143,305.06857142857143,0,0,0,0,350,2682,4847,2682,4847,DoS Hulk,DOS,3,201620
291,8755,12,12329,8755,7,440,142,5,11889,60,1027.4166666666667,2915.1685576818654,10189,60,62.85714285714286,5.398412465054624,74,60,2377.8,4411.626933456636,10189,0,795.9090909090909,2592.310608493722,8611,0,1459.1666666666667,3504.117658793247,8611,0,35.5,69.6730459599215,140,2,0,0,0,11,2,1,1,1,0,0,0,6,1,1,0,1,0,0,0,5,1,0,1,5062.170968731367,0,0,350,350,2181,7031,176,508,346,265,337,2901,520,759,350,0,0,166,166,3510.58,3654.725714285714,0,0,0,0,170,3909,7460,1393,2531,DDoS,DDOS,2,212066
292,8617,14,12443,8617,8,500,819,6,11943,60,888.7857142857142,1859.0539437934729,5894,60,62.5,5.0990195135927845,74,60,1990.5,2537.0946966954148,5894,0,662.8461538461538,2155.097903659825,7796,0,1231.0,2910.8766148132536,7796,0,163.8,365.1502430507202,817,2,0,0,0,13,2,1,1,1,0,0,0,7,1,1,0,1,0,0,0,6,1,0,1,2914.67413844727,0,0,350,350,2234,7084,181,513,346,265,347,2911,525,764,350,0,0,171,171,3634.442857142857,3778.5885714285714,0,0,0,0,175,3940,7513,1424,2584,DDoS,DDOS,2,212071
293,3948,13,12383,3948,7,440,1313,6,11943,60,952.5384615384614,1723.9232685643046,4434,60,62.85714285714286,5.398412465054624,74,60,1990.5,2175.217115600188,4434,0,329.0,818.0025561195893,2634,0,658.0,1101.284885940055,2634,0,262.6,586.6325937075095,1312,2,0,0,0,12,2,1,1,1,0,0,0,6,1,1,0,1,0,0,0,6,1,0,1,2184.676635111018,0,0,350,350,4249,4249,449,449,350,350,703,703,700,700,350,0,0,350,350,10675.757142857145,10675.757142857145,0,0,0,0,350,2688,4599,2688,4599,DDoS,DDOS,2,212528
294,12097,13,12383,12097,8,500,1216,5,11883,60,952.5384615384614,1829.7162173127929,5894,60,62.5,5.0990195135927845,74,60,2376.6,2433.980854485096,5894,0,1008.0833333333331,3124.400930457297,10869,0,1728.142857142857,4055.690094528568,10869,0,304.0,597.3809504830231,1200,2,0,0,0,12,2,1,1,1,0,0,0,7,1,1,0,1,0,0,0,5,1,0,1,2914.67413844727,0,0,350,350,4269,4269,458,458,350,350,710,710,700,700,350,0,0,350,350,12458.074285714283,12458.074285714283,0,0,0,0,350,2705,4619,2705,4619,DDoS,DDOS,2,212630
295,7192,12,12323,7192,7,440,1114,5,11883,60,1026.9166666666663,1890.4383069606483,5894,60,62.85714285714286,5.398412465054624,74,60,2376.6,2433.980854485096,5894,0,653.8181818181819,1826.46920686782,6072,0,1198.6666666666663,2427.0256419466746,6072,0,278.5,542.4324842779976,1092,2,0,0,0,11,2,1,1,1,0,0,0,6,1,1,0,1,0,0,0,5,1,0,1,2914.67413844727,0,0,350,350,4205,4205,440,440,350,350,727,727,700,700,350,0,0,350,350,7966.84,7966.84,0,0,0,0,350,2694,4555,2694,4555,DDoS,DDOS,2,213145
296,1284,13,12389,1284,8,500,141,5,11889,60,953.0,2174.0896179014026,5894,60,62.5,5.0990195135927845,74,60,2377.8,3171.1830915290902,5894,0,107.0,328.09311316925096,1141,0,183.42857142857144,425.5435180029015,1141,0,35.25,69.83492440510454,140,2,0,0,0,12,2,1,1,1,0,0,0,7,1,1,0,1,0,0,0,5,1,0,1,2914.67413844727,0,0,350,350,4229,4229,446,446,350,350,723,723,700,700,350,0,0,350,350,8345.211428571429,8345.211428571429,0,0,0,0,350,2707,4579,2707,4579,DDoS,DDOS,2,213284
297,1268,10,12215,1268,6,380,118,4,11835,60,1221.5,3663.8529582940414,11649,60,63.333333333333336,5.750362307426087,74,60,2958.75,5793.500690428888,11649,0,140.88888888888889,377.0316447078562,1141,0,253.6,499.0473925390253,1141,0,39.33333333333333,68.12733176437584,118,2,0,0,0,9,2,1,1,1,0,0,0,5,1,1,0,1,0,0,0,4,1,0,1,5792.1704265327,0,0,350,350,4228,4228,446,446,350,350,723,723,700,700,350,0,0,350,350,8357.76857142857,8357.76857142857,0,0,0,0,350,2706,4578,2706,4578,DDoS,DDOS,2,213288
298,6616,13,12377,6616,7,440,272,6,11937,60,952.0769230769232,1736.137497508884,5894,60,62.85714285714286,5.398412465054624,74,60,1989.5,2198.9744655179607,5894,0,551.3333333333334,1821.71085088782,6332,0,1102.6666666666663,2563.691531106398,6332,0,54.4,104.17917258262324,239,2,0,0,0,12,2,1,1,1,0,0,0,6,1,1,0,1,0,0,0,6,1,0,1,2914.67413844727,0,0,350,350,4234,4234,446,446,350,350,719,719,700,700,350,0,0,350,350,6899.251428571429,6899.251428571429,0,0,0,0,350,2693,4584,2693,4584,DDoS,DDOS,2,213484
299,2667,13,13764,2667,8,506,68,5,13258,60,1058.7692307692307,2475.5841449997934,8814,60,63.25,5.1199888392735495,74,60,2651.6,3637.5816554408784,8814,0,222.25,742.6137041802849,2580,0,381.0,970.1118492215214,2580,0,17.0,19.30457631409368,43,2,0,0,0,12,3,1,2,1,0,0,0,7,1,1,0,1,0,0,0,5,2,0,2,4374.6716448209,0,0,350,350,4216,4216,445,445,350,350,726,726,700,700,350,0,0,350,350,6757.077142857143,6757.077142857143,0,0,0,0,350,2683,4566,2683,4566,DDoS,DDOS,2,213579
300,12301,14,12437,12301,8,500,1111,6,11937,60,888.3571428571429,1471.1178171268716,4434,60,62.5,5.0990195135927845,74,60,1989.5,1755.154893449578,4434,0,946.2307692307692,3091.4707706269883,11186,0,1757.2857142857142,4177.596825699583,11186,0,222.2,487.9592196075406,1095,2,0,0,0,13,2,1,1,1,0,0,0,7,1,1,0,1,0,0,0,6,1,0,1,2184.676635111018,0,0,350,350,4191,4191,439,439,350,350,724,724,700,700,350,0,0,350,350,7117.794285714286,7117.794285714286,0,0,0,0,350,2683,4541,2683,4541,DDoS,DDOS,2,213693
301,9362,14,12449,9362,8,500,529,6,11949,60,889.2142857142858,2102.388318759677,5894,60,62.5,5.0990195135927845,74,60,1991.5,2990.0648655171344,5894,0,720.1538461538462,2437.1865557835963,8818,0,1337.4285714285716,3304.656404587465,8818,0,105.8,227.72066221579453,513,2,0,0,0,13,2,1,2,1,0,0,0,7,1,1,0,1,0,0,0,6,1,0,2,2914.67413844727,0,0,350,350,4210,4210,437,437,350,350,719,719,700,700,350,0,0,350,350,7137.285714285715,7137.285714285715,0,0,0,0,350,2691,4560,2691,4560,DDoS,DDOS,2,213779
302,72290,26,24760,72290,15,940,71993,11,23820,60,952.3076923076922,1698.0131865031146,5894,60,62.66666666666666,5.052109413285654,74,60,2165.454545454545,2098.093580545747,5894,0,2891.6000000000004,12873.056021525475,64326,0,5163.571428571429,17126.094016550775,64326,0,7199.3,22502.43523142427,71239,4,0,0,0,24,4,2,2,2,0,0,0,13,2,2,0,2,0,0,0,11,2,0,2,2914.67413844727,0,0,350,350,5601,5601,544,544,457,457,936,936,914,914,350,0,0,350,350,29718.202857142856,29718.202857142856,0,0,0,0,350,3576,6058,3576,6058,DDoS,DDOS,2,214000
303,74828,24,24658,74828,15,940,74181,9,23718,60,1027.4166666666667,2693.676732753897,10189,60,62.66666666666666,5.052109413285654,74,60,2635.333333333333,4025.784240368577,10189,0,3253.3913043478265,13858.706871786511,66555,0,5344.857142857142,17691.653663878835,66555,0,9272.625,25598.0208941322,72611,4,0,0,0,22,4,2,2,2,0,0,0,13,2,2,0,2,0,0,0,9,2,0,2,5062.170968731367,0,0,350,350,8765,8765,850,850,698,698,1420,1420,1396,1396,350,0,0,350,350,79314.4857142857,79314.4857142857,0,0,0,0,350,5660,9463,5660,9463,DDoS,DDOS,2,214338
304,0,2,120,0,1,60,0,1,60,60,60.0,0.0,60,60,60.0,0.0,60,60,60.0,0.0,60,0,0.0,0.0,0,0,0.0,0.0,0,0,0.0,0.0,0,1,0,0,0,1,0,1,0,1,0,0,0,0,0,0,0,0,0,0,0,1,0,1,0,0.0,0,0,348,348,356,4902,4,324,346,268,0,2388,354,588,350,0,0,5,7,637.4914285714286,857.6828571428572,1,1,0,0,12,2822,5452,478,828,PortScan,PORTSCAN,6,214527
305,0,2,120,0,1,60,0,1,60,60,60.0,0.0,60,60,60.0,0.0,60,60,60.0,0.0,60,0,0.0,0.0,0,0,0.0,0.0,0,0,0.0,0.0,0,1,0,0,0,1,0,1,0,1,0,0,0,0,0,0,0,0,0,0,0,1,0,1,0,0.0,0,0,348,348,356,4902,4,324,346,268,0,2388,354,588,350,0,0,5,7,637.4971428571429,857.6885714285714,1,1,0,0,12,2822,5452,478,828,PortScan,PORTSCAN,6,214731
306,0,2,120,0,1,60,0,1,60,60,60.0,0.0,60,60,60.0,0.0,60,60,60.0,0.0,60,0,0.0,0.0,0,0,0.0,0.0,0,0,0.0,0.0,0,1,0,0,0,1,0,1,0,1,0,0,0,0,0,0,0,0,0,0,0,1,0,1,0,0.0,0,0,350,350,350,350,0,0,350,350,0,0,350,350,350,0,0,0,0,0.0428571428571428,0.0428571428571428,0,0,0,0,1,350,700,350,700,PortScan,PORTSCAN,6,215239
307,0,2,120,0,1,60,0,1,60,60,60.0,0.0,60,60,60.0,0.0,60,60,60.0,0.0,60,0,0.0,0.0,0,0,0.0,0.0,0,0,0.0,0.0,0,1,0,0,0,1,0,1,0,1,0,0,0,0,0,0,0,0,0,0,0,1,0,1,0,0.0,0,0,350,350,350,350,0,0,350,350,0,0,350,350,350,0,0,0,0,0.0485714285714285,0.0485714285714285,0,0,0,0,1,350,700,350,700,PortScan,PORTSCAN,6,215261
308,0,2,120,0,1,60,0,1,60,60,60.0,0.0,60,60,60.0,0.0,60,60,60.0,0.0,60,0,0.0,0.0,0,0,0.0,0.0,0,0,0.0,0.0,0,1,0,0,0,1,0,1,0,1,0,0,0,0,0,0,0,0,0,0,0,1,0,1,0,0.0,0,0,350,350,350,350,0,0,350,350,0,0,350,350,350,0,0,0,0,0.0571428571428571,0.0571428571428571,0,0,0,0,1,350,700,350,700,PortScan,PORTSCAN,6,216326
309,0,2,120,0,1,60,0,1,60,60,60.0,0.0,60,60,60.0,0.0,60,60,60.0,0.0,60,0,0.0,0.0,0,0,0.0,0.0,0,0,0.0,0.0,0,1,0,0,0,1,0,1,0,1,0,0,0,0,0,0,0,0,0,0,0,1,0,1,0,0.0,0,0,350,350,350,350,0,0,350,350,0,0,350,350,350,0,0,0,0,0.06,0.06,0,0,0,0,1,350,700,350,700,PortScan,PORTSCAN,6,216378
310,0,2,120,0,1,60,0,1,60,60,60.0,0.0,60,60,60.0,0.0,60,60,60.0,0.0,60,0,0.0,0.0,0,0,0.0,0.0,0,0,0.0,0.0,0,1,0,0,0,1,0,1,0,1,0,0,0,0,0,0,0,0,0,0,0,1,0,1,0,0.0,0,0,350,350,418,491,12,20,345,343,13,45,363,369,350,0,0,6,6,67.98857142857143,68.52857142857142,1,1,0,0,18,436,848,397,773,PortScan,PORTSCAN,6,216789
311,0,2,120,0,1,60,0,1,60,60,60.0,0.0,60,60,60.0,0.0,60,60,60.0,0.0,60,0,0.0,0.0,0,0,0.0,0.0,0,0,0.0,0.0,0,1,0,0,0,1,0,1,0,1,0,0,0,0,0,0,0,0,0,0,0,1,0,1,0,0.0,0,0,350,350,350,350,0,0,350,350,0,0,350,350,350,0,0,0,0,0.0514285714285714,0.0514285714285714,0,0,0,0,0,350,700,350,700,PortScan,PORTSCAN,6,216879
312,0,2,120,0,1,60,0,1,60,60,60.0,0.0,60,60,60.0,0.0,60,60,60.0,0.0,60,0,0.0,0.0,0,0,0.0,0.0,0,0,0.0,0.0,0,1,0,0,0,1,0,1,0,1,0,0,0,0,0,0,0,0,0,0,0,1,0,1,0,0.0,0,0,350,350,350,350,0,0,350,350,0,0,350,350,350,0,0,0,0,0.0371428571428571,0.0371428571428571,0,0,0,0,0,350,700,350,700,PortScan,PORTSCAN,6,217294
313,0,2,120,0,1,60,0,1,60,60,60.0,0.0,60,60,60.0,0.0,60,60,60.0,0.0,60,0,0.0,0.0,0,0,0.0,0.0,0,0,0.0,0.0,0,1,0,0,0,1,0,1,0,1,0,0,0,0,0,0,0,0,0,0,0,1,0,1,0,0.0,0,0,350,350,417,417,12,12,345,345,13,13,363,363,350,0,0,6,6,66.39142857142858,66.39142857142858,1,1,0,0,19,396,772,396,772,PortScan,PORTSCAN,6,217507
314,0,2,120,0,1,60,0,1,60,60,60.0,0.0,60,60,60.0,0.0,60,60,60.0,0.0,60,0,0.0,0.0,0,0,0.0,0.0,0,0,0.0,0.0,0,1,0,0,0,1,0,1,0,1,0,0,0,0,0,0,0,0,0,0,0,1,0,1,0,0.0,0,0,350,350,350,350,0,0,350,350,0,0,350,350,350,0,0,0,0,0.0457142857142857,0.0457142857142857,0,0,0,0,0,350,700,350,700,PortScan,PORTSCAN,6,217965
315,0,2,120,0,1,60,0,1,60,60,60.0,0.0,60,60,60.0,0.0,60,60,60.0,0.0,60,0,0.0,0.0,0,0,0.0,0.0,0,0,0.0,0.0,0,1,0,0,0,1,0,1,0,1,0,0,0,0,0,0,0,0,0,0,0,1,0,1,0,0.0,0,0,350,350,418,418,12,12,345,345,13,13,363,363,350,0,0,6,6,67.38857142857142,67.38857142857142,1,1,0,0,19,397,773,397,773,PortScan,PORTSCAN,6,218726
316,0,2,120,0,1,60,0,1,60,60,60.0,0.0,60,60,60.0,0.0,60,60,60.0,0.0,60,0,0.0,0.0,0,0,0.0,0.0,0,0,0.0,0.0,0,1,0,0,0,1,0,1,0,1,0,0,0,0,0,0,0,0,0,0,0,1,0,1,0,0.0,0,0,350,350,350,350,0,0,350,350,0,0,350,350,350,0,0,0,0,0.0457142857142857,0.0457142857142857,0,0,0,0,1,350,700,350,700,PortScan,PORTSCAN,6,218888
317,0,2,120,0,1,60,0,1,60,60,60.0,0.0,60,60,60.0,0.0,60,60,60.0,0.0,60,0,0.0,0.0,0,0,0.0,0.0,0,0,0.0,0.0,0,1,0,0,0,1,0,1,0,1,0,0,0,0,0,0,0,0,0,0,0,1,0,1,0,0.0,0,0,350,350,350,350,0,0,350,350,0,0,350,350,350,0,0,0,0,0.0457142857142857,0.0457142857142857,0,0,0,0,1,350,700,350,700,PortScan,PORTSCAN,6,218889
318,30,2,126,0,1,60,0,1,66,60,63.0,4.242640687119285,66,60,60.0,0.0,60,66,66.0,0.0,66,30,30.0,0.0,30,0,0.0,0.0,0,0,0.0,0.0,0,0,0,0,0,2,0,0,0,0,0,0,0,1,0,0,0,0,0,0,0,1,0,0,0,3.4641016151377544,0,0,8,23,71,1452,2,6,0,0,6,63,5,9,1,0,0,8,23,294.125,249.17391304347825,0,0,0,0,8,550,1456,32,73,BENIGN,BENIGN,0,224299
319,0,4,430,0,2,174,0,2,256,87,107.5,23.67136103677465,128,87,87.0,0.0,87,128,128.0,0.0,128,0,0.0,0.0,0,0,0.0,0.0,0,0,0.0,0.0,0,0,0,0,0,0,0,0,0,0,0,0,0,0,0,0,0,0,0,0,0,0,0,0,0,23.67136103677465,350,350,0,0,0,0,0,0,0,0,0,0,0,0,9,0,0,0,0,80.09142857142857,73.12571428571428,349,346,0,0,349,744,1470,724,1446,BENIGN,BENIGN,0,227451
320,24,4,316,0,2,142,0,2,174,71,79.0,9.237604307034012,87,71,71.0,0.0,71,87,87.0,0.0,87,0,8.0,13.856406460551018,24,0,0.0,0.0,0,0,0.0,0.0,0,0,0,0,0,0,0,0,0,0,0,0,0,0,0,0,0,0,0,0,0,0,0,0,0,9.237604307034012,350,346,0,4,0,185,0,0,0,0,0,130,0,16,12,0,0,0,0,1993.722857142857,698.7028571428572,349,314,0,0,349,920,1729,722,1444,BENIGN,BENIGN,0,234146
321,0,4,568,0,2,156,0,2,412,78,142.0,73.9008344562721,206,78,78.0,0.0,78,206,206.0,0.0,206,0,0.0,0.0,0,0,0.0,0.0,0,0,0.0,0.0,0,0,0,0,0,0,0,0,0,0,0,0,0,0,0,0,0,0,0,0,0,0,0,0,0,73.9008344562721,349,323,1,21,8,698,4,18,0,8,0,520,0,48,8,0,6,0,0,43.24,177.50285714285715,349,308,0,0,349,1236,2276,936,1672,BENIGN,BENIGN,0,243469
322,410,10,990,410,5,423,409,5,567,60,99.0,82.63171304045439,321,60,84.6,37.010809231898726,147,60,113.4,116.08100619825794,321,0,45.55555555555557,74.9585070407474,196,1,102.5,160.89230352423118,339,0,102.25,85.52728609436095,196,2,0,0,0,9,4,0,0,1,0,0,0,4,2,0,0,1,0,0,0,5,2,0,0,123.03657992645928,0,0,2,5,18,37,0,0,0,3,8,14,4,10,1,0,0,0,0,333.0,432.4,0,0,0,0,0,23,42,10,20,Infiltration,OTHERS,5,244355
323,4977,265,66777,4977,133,58857,4944,132,7920,60,251.98867924528287,282.0882287702715,1177,60,442.5338345864664,292.75479834258704,1177,60,60.0,0.0,60,0,18.852272727272712,21.50985614003219,162,3,37.70454545454543,20.713877280836428,185,5,37.7404580152672,24.00627731569056,200,0,0,0,0,265,133,0,0,0,0,0,0,133,133,0,0,0,0,0,0,132,0,0,0,558.5,0,0,7,10,865,884,0,0,15,18,424,430,21,27,1,0,0,0,0,2281.285714285714,1746.5,0,0,0,0,0,456,905,443,883,Infiltration,OTHERS,5,244360
324,565,11,1050,564,6,483,565,5,567,60,95.45454545454544,79.26835892884831,321,60,80.5,34.59335196247973,147,60,113.4,116.08100619825794,321,0,56.5,91.30443581776298,233,0,112.8,109.05365651824792,233,1,141.25,200.80566891068256,433,2,0,0,0,10,4,0,0,1,0,0,0,5,2,0,0,1,0,0,0,5,2,0,0,123.03657992645928,0,0,10,13,1489,1508,0,0,15,18,736,742,23,29,1,0,0,0,0,2651.7,2154.846153846154,0,0,0,0,0,770,1530,757,1508,Infiltration,OTHERS,5,244363
325,4976,325,50967,4976,163,41247,4976,162,9720,60,156.82153846153844,177.7830697930296,953,60,253.0490797546013,211.0031537907473,953,60,60.0,0.0,60,0,15.35802469135802,49.354359945415965,515,0,30.716049382716047,69.86201743399526,524,0,30.90683229813665,67.11862644250068,515,0,0,0,0,325,163,0,0,0,0,0,0,163,163,0,0,0,0,0,0,162,0,0,0,446.5,0,0,14,17,1830,1849,0,0,15,18,907,913,23,29,1,0,0,0,0,2284.8571428571427,1969.6470588235293,0,0,0,0,0,941,1871,928,1849,Infiltration,OTHERS,5,244367
326,4858,292,62615,4841,146,53855,4857,146,8760,60,214.4349315068492,229.15528254409656,1075,60,368.86986301369865,239.4935824839897,1075,60,60.0,0.0,60,0,16.694158075601376,78.33244318549887,1170,0,33.38620689655174,109.80906321422052,1170,0,33.49655172413792,108.73726771813143,1171,0,0,0,0,292,146,0,0,0,0,0,0,146,146,0,0,0,0,0,0,146,0,0,0,507.5,0,0,20,23,3078,3097,0,0,15,18,1531,1537,23,29,1,0,0,0,0,2863.9,2555.391304347826,0,0,0,0,0,1565,3119,1552,3097,Infiltration,OTHERS,5,244373
327,4993,383,94127,4993,192,82667,4993,191,11460,60,245.76240208877263,249.9956721017537,1076,83,430.5572916666666,236.9811374934829,1076,60,60.0,0.0,60,0,13.07068062827225,58.93301263310081,928,0,26.14136125654452,83.28641714134724,929,0,26.27894736842105,81.63728709596339,928,0,0,0,0,383,192,0,0,0,0,0,0,192,192,0,0,0,0,0,0,191,0,0,0,504.2832372123164,0,0,22,25,3465,3484,0,0,15,18,1725,1731,23,29,1,0,0,0,0,2830.5,2550.68,0,0,0,0,0,1759,3506,1746,3484,Infiltration,OTHERS,5,244375
328,4981,414,94533,4964,207,82113,4981,207,12420,60,228.34057971014497,237.2781338014369,1178,60,396.6811594202896,236.4802271801872,1178,60,60.0,0.0,60,0,12.060532687651332,71.89267700198451,1380,0,24.09708737864079,102.52671414527276,1397,0,24.179611650485423,100.57431069876333,1381,0,0,0,0,414,207,0,0,0,0,0,0,207,207,0,0,0,0,0,0,207,0,0,0,559.0,0,0,23,26,3879,3898,0,0,15,18,1932,1938,23,29,1,0,0,0,0,2924.0,2644.153846153846,0,0,0,0,0,1966,3920,1953,3898,Infiltration,OTHERS,5,244376
329,2313,62,8198,2313,31,6338,2312,31,1860,60,132.22580645161293,145.94445601372547,577,83,204.4516129032258,180.35702346728417,577,60,60.0,0.0,60,0,37.91803278688525,221.73011335720483,1682,0,77.10000000000001,316.98910565419794,1698,0,77.06666666666666,314.193102640918,1683,0,0,0,0,62,31,0,0,0,0,0,0,31,31,0,0,0,0,0,0,31,0,0,0,254.8973649661108,0,0,39,42,6727,6746,0,0,15,18,3357,3363,23,29,1,0,0,0,0,3357.333333333333,3153.1428571428573,0,0,0,0,0,3391,6768,3378,6746,Infiltration,OTHERS,5,244392
330,3747,182,33047,3730,91,27587,3747,91,5460,60,181.57692307692312,225.4933991399163,1301,60,303.1538461538463,269.0151554209425,1301,60,60.0,0.0,60,0,20.701657458563552,115.8183896716168,1240,0,41.44444444444445,164.92634454838438,1257,0,41.63333333333336,162.03318081613182,1240,0,0,0,0,182,91,0,0,0,0,0,0,91,91,0,0,0,0,0,0,91,0,0,0,620.5,0,0,46,49,7790,7809,0,0,15,18,3889,3895,23,29,1,0,0,0,0,3331.6304347826085,3158.183673469388,0,0,0,0,0,3923,7831,3910,7809,Infiltration,OTHERS,5,244399
331,4867,260,54199,4867,130,46399,4867,130,7800,60,208.45769230769227,276.1162849894095,1325,72,356.9153846153844,329.6215126807472,1325,60,60.0,0.0,60,0,18.79150579150578,101.46066449218964,994,0,37.72868217054264,146.72171532881902,1027,0,37.72868217054263,141.95855204612016,994,0,0,0,0,260,130,0,0,0,0,0,0,130,130,0,0,0,0,0,0,130,0,0,0,630.5253761745042,0,0,48,51,8086,8105,0,0,15,18,4037,4043,23,29,1,0,0,0,0,3369.1875,3200.333333333333,0,0,0,0,0,4071,8127,4058,8105,Infiltration,OTHERS,5,244401
332,4945,214,42451,4913,107,36031,4944,107,6420,60,198.36915887850463,240.90498230580167,1077,72,336.7383177570094,279.22146942811577,1077,60,60.0,0.0,60,0,23.215962441314552,94.47117124725814,884,0,46.34905660377357,133.50427440653655,901,0,46.64150943396229,131.41408119660366,884,0,0,0,0,214,107,0,0,0,0,0,0,107,107,0,0,0,0,0,0,107,0,0,0,506.53158835357937,0,0,54,57,9004,9023,0,0,15,18,4496,4502,23,29,1,0,0,0,0,3518.703703703704,3359.754385964912,0,0,0,0,0,4530,9045,4517,9023,Infiltration,OTHERS,5,244407
333,3340,262,76056,3340,131,68196,3340,131,7860,60,290.2900763358777,305.2886954408545,1202,83,520.5801526717559,283.26024875744633,1202,60,60.0,0.0,60,0,12.796934865900386,59.57859184265296,869,0,25.69230769230769,84.69021031568786,887,0,25.692307692307693,82.636951975751,869,0,0,0,0,262,131,0,0,0,0,0,0,131,131,0,0,0,0,0,0,131,0,0,0,567.2702912486545,0,0,59,62,10634,10653,0,0,15,18,5311,5317,23,29,1,0,0,0,0,3596.0169491525426,3446.1451612903224,0,0,0,0,0,5345,10675,5332,10653,Infiltration,OTHERS,5,244412
334,570,16,3686,570,8,3206,570,8,480,60,230.375,380.5056066165999,1514,60,400.75,493.866017111061,1514,60,60.0,0.0,60,0,37.99999999999999,139.54006081204267,542,0,81.42857142857143,203.689188997074,543,0,81.42857142857144,203.24275890574563,542,0,0,0,0,16,8,0,0,0,0,0,0,8,8,0,0,0,0,0,0,8,0,0,0,727.0,0,0,75,107,12253,18356,0,0,17,44,6124,6323,25,59,1,0,0,0,0,3352.853333333333,2522.96261682243,0,0,0,0,0,10192,18405,6147,12273,Infiltration,OTHERS,5,244428
335,574,14,3132,573,7,2712,574,7,420,60,223.7142857142857,348.72877461109834,1088,60,387.4285714285714,448.2781343254272,1088,60,60.0,0.0,60,0,44.15384615384615,150.0276897519511,543,0,95.5,219.9124825925077,544,0,95.66666666666669,219.8259917904765,544,0,0,0,0,14,7,0,0,0,0,0,0,7,7,0,0,0,0,0,0,7,0,0,0,514.0,0,0,76,108,12267,18370,0,0,17,44,6131,6330,25,59,1,0,0,0,0,3316.2894736842104,2504.9166666666665,0,0,0,0,0,10199,18419,6154,12287,Infiltration,OTHERS,5,244429
336,557,14,2329,557,7,1909,557,7,420,60,166.35714285714283,213.7614080240855,759,60,272.7142857142857,269.4610140544233,759,60,60.0,0.0,60,0,42.84615384615385,145.90513250844774,528,0,92.83333333333334,213.38361386635728,528,0,92.83333333333334,213.36486746103884,528,0,0,0,0,14,7,0,0,0,0,0,0,7,7,0,0,0,0,0,0,7,0,0,0,349.5,0,0,81,113,12333,18436,0,0,17,44,6164,6363,25,59,1,0,0,0,0,3146.567901234568,2419.1592920353983,0,0,0,0,0,10232,18485,6187,12353,Infiltration,OTHERS,5,244434
337,4964,58,15603,4963,29,13863,4963,29,1740,60,269.0172413793103,425.82207351664016,1514,60,478.0344827586206,527.8520140801519,1514,60,60.0,0.0,60,0,87.08771929824559,506.7891319974975,3775,0,177.24999999999997,718.6688118397174,3776,0,177.25,718.4741354658031,3775,0,0,0,0,58,29,0,0,0,0,0,0,29,29,0,0,0,0,0,0,29,0,0,0,727.0,0,0,84,116,12417,18520,0,0,17,44,6206,6405,25,59,1,0,0,0,0,3106.654761904762,2409.0689655172414,0,0,0,0,0,10274,18569,6229,12437,Infiltration,OTHERS,5,244437
338,23,2,132,0,1,66,0,1,66,66,66.0,0.0,66,66,66.0,0.0,66,66,66.0,0.0,66,23,23.0,0.0,23,0,0.0,0.0,0,0,0.0,0.0,0,0,0,0,0,2,0,0,0,0,0,0,0,1,0,0,0,0,0,0,0,1,0,0,0,0.0,0,0,128,128,2126,2126,0,0,0,0,253,253,32,32,1,0,0,128,128,177.2734375,177.2734375,0,0,0,0,128,869,2142,869,2142,BENIGN,BENIGN,0,249360
339,1,3,214,1,2,140,0,1,74,66,71.33333333333333,4.618802153517004,74,66,70.0,5.656854249492381,74,74,74.0,0.0,74,0,0.5,0.7071067811865476,1,1,1.0,0.0,1,0,0.0,0.0,0,2,0,0,0,2,0,0,0,1,0,0,0,1,0,0,0,1,0,0,0,1,0,0,0,4.0,0,3,38,118,419,38464,36,346,1,1,197,2473,46,350,1,0,0,38,38,1451.1052631578948,1016.5702479338844,0,0,0,0,38,23878,38653,278,443,Web Attack  Brute Force,WEBATTACK,8,249475
340,1,3,198,1,2,132,0,1,66,66,66.0,0.0,66,66,66.0,0.0,66,66,66.0,0.0,66,0,0.5,0.7071067811865476,1,1,1.0,0.0,1,0,0.0,0.0,0,0,0,0,0,3,0,0,2,0,0,0,0,2,0,0,1,0,0,0,0,1,0,0,1,0.0,0,3,106,192,1049,39400,90,424,1,1,519,2955,110,438,1,0,0,106,106,1025.5283018867924,920.6410256410256,0,0,0,0,106,24474,39633,716,1105,Web Attack  Brute Force,WEBATTACK,8,249543
341,1,3,198,1,2,132,0,1,66,66,66.0,0.0,66,66,66.0,0.0,66,66,66.0,0.0,66,0,0.5,0.7071067811865476,1,1,1.0,0.0,1,0,0.0,0.0,0,0,0,0,0,3,0,0,2,0,0,0,0,2,0,0,1,0,0,0,0,1,0,0,1,0.0,0,3,110,196,1087,39438,94,428,1,1,537,2973,114,442,1,0,0,110,110,1032.418181818182,926.5577889447236,0,0,0,0,110,24500,39673,742,1145,Web Attack  Brute Force,WEBATTACK,8,249547
342,1,3,198,1,2,132,0,1,66,66,66.0,0.0,66,66,66.0,0.0,66,66,66.0,0.0,66,0,0.5,0.7071067811865476,1,1,1.0,0.0,1,0,0.0,0.0,0,0,0,0,0,3,0,0,2,0,0,0,0,2,0,0,1,0,0,0,0,1,0,0,1,0.0,0,3,172,260,1666,40092,148,490,1,1,831,3299,170,506,1,0,0,172,172,973.3720930232558,906.4182509505704,0,0,0,0,172,24941,40359,1142,1752,Web Attack  Brute Force,WEBATTACK,8,249609
343,1,3,198,1,2,132,0,1,66,66,66.0,0.0,66,66,66.0,0.0,66,66,66.0,0.0,66,0,0.5,0.7071067811865476,1,1,1.0,0.0,1,0,0.0,0.0,0,0,0,0,0,3,0,0,2,0,0,0,0,2,0,0,1,0,0,0,0,1,0,0,1,0.0,0,3,226,316,2169,40670,194,544,1,1,1087,3587,218,562,1,0,0,226,226,946.141592920354,893.3385579937304,0,0,0,0,226,25330,40965,1490,2279,Web Attack  Brute Force,WEBATTACK,8,249663
344,1,3,198,1,2,132,0,1,66,66,66.0,0.0,66,66,66.0,0.0,66,66,66.0,0.0,66,0,0.5,0.7071067811865476,1,1,1.0,0.0,1,0,0.0,0.0,0,0,0,0,0,3,0,0,2,0,0,0,0,2,0,0,1,0,0,0,0,1,0,0,1,0.0,0,1,350,349,3298,3801,300,338,0,0,1680,1938,316,352,1,0,0,350,337,862.06,851.34,0,0,0,0,350,2524,3979,2280,3456,Web Attack  Brute Force,WEBATTACK,8,249827
345,4120,43,19044,4120,29,8143,3871,14,10901,66,442.8837209302326,365.2234938266813,1134,66,280.7931034482759,237.1820246306237,668,429,778.6428571428571,360.22954372986146,1134,0,98.09523809523807,250.5329742694231,966,2,147.14285714285717,296.4575685441172,966,8,297.76923076923083,415.4277221222632,1007,0,0,0,0,43,28,0,0,0,0,0,0,29,14,0,0,0,0,0,0,14,14,0,0,447.7814757222545,0,1,350,349,3364,3808,298,328,0,0,1724,1950,318,348,1,0,0,350,339,889.4628571428572,857.4314285714286,0,0,0,0,350,2540,3984,2322,3523,Web Attack  Brute Force,WEBATTACK,8,249980
346,1,3,214,1,2,140,0,1,74,66,71.33333333333333,4.618802153517004,74,66,70.0,5.656854249492381,74,74,74.0,0.0,74,0,0.5,0.7071067811865476,1,1,1.0,0.0,1,0,0.0,0.0,0,2,0,0,0,2,0,0,0,1,0,0,0,1,0,0,0,1,0,0,0,1,0,0,0,4.0,0,1,350,349,3307,3953,298,334,0,0,1686,2038,316,352,1,0,0,350,337,852.9857142857143,852.8342857142857,0,0,0,0,350,2610,4131,2284,3465,Web Attack  Brute Force,WEBATTACK,8,250024
347,1,3,214,1,2,140,0,1,74,66,71.33333333333333,4.618802153517004,74,66,70.0,5.656854249492381,74,74,74.0,0.0,74,0,0.5,0.7071067811865476,1,1,1.0,0.0,1,0,0.0,0.0,0,2,0,0,0,2,0,0,0,1,0,0,0,1,0,0,0,1,0,0,0,1,0,0,0,4.0,0,1,350,349,3305,3953,296,334,0,0,1686,2038,318,352,1,0,0,350,337,852.9857142857143,852.8342857142857,0,0,0,0,350,2610,4131,2284,3464,Web Attack  Brute Force,WEBATTACK,8,250025
348,1,3,198,1,2,132,0,1,66,66,66.0,0.0,66,66,66.0,0.0,66,66,66.0,0.0,66,0,0.5,0.7071067811865476,1,1,1.0,0.0,1,0,0.0,0.0,0,0,0,0,0,3,0,0,2,0,0,0,0,2,0,0,1,0,0,0,0,1,0,0,1,0.0,0,1,350,349,3301,3908,296,336,0,0,1684,2006,318,352,1,0,0,350,337,842.0771428571428,838.7885714285715,0,0,0,0,350,2580,4086,2282,3460,Web Attack  Brute Force,WEBATTACK,8,250027
349,1,3,214,1,2,140,0,1,74,66,71.33333333333333,4.618802153517004,74,66,70.0,5.656854249492381,74,74,74.0,0.0,74,0,0.5,0.7071067811865476,1,1,1.0,0.0,1,0,0.0,0.0,0,2,0,0,0,2,0,0,0,1,0,0,0,1,0,0,0,1,0,0,0,1,0,0,0,4.0,0,1,350,349,3318,3913,294,332,0,0,1696,2018,320,356,1,0,0,350,337,830.2628571428571,827.84,0,0,0,0,350,2580,4093,2294,3478,Web Attack  Brute Force,WEBATTACK,8,250174
350,0,3,214,0,2,140,0,1,74,66,71.33333333333333,4.618802153517004,74,66,70.0,5.656854249492381,74,74,74.0,0.0,74,0,0.0,0.0,0,0,0.0,0.0,0,0,0.0,0.0,0,2,0,0,0,2,0,0,0,1,0,0,0,1,0,0,0,1,0,0,0,1,0,0,0,4.0,0,1,350,349,3274,3749,300,332,0,0,1664,1922,316,344,1,0,0,350,339,817.4057142857143,823.3942857142857,0,0,0,0,350,2497,3923,2264,3432,Web Attack  Brute Force,WEBATTACK,8,250210
351,1,3,214,1,2,140,0,1,74,66,71.33333333333333,4.618802153517004,74,66,70.0,5.656854249492381,74,74,74.0,0.0,74,0,0.5,0.7071067811865476,1,1,1.0,0.0,1,0,0.0,0.0,0,2,0,0,0,2,0,0,0,1,0,0,0,1,0,0,0,1,0,0,0,1,0,0,0,4.0,0,1,350,349,3275,3749,302,332,0,0,1664,1922,314,344,1,0,0,350,339,817.4057142857143,823.3942857142857,0,0,0,0,350,2497,3923,2264,3432,Web Attack  Brute Force,WEBATTACK,8,250212
352,4891,37,15264,4891,24,6216,4851,13,9048,66,412.5405405405405,371.747569266102,1134,66,258.99999999999994,222.0041127703641,668,66,696.0,431.1958178523226,1134,0,135.86111111111111,335.0022731503072,1275,1,212.65217391304347,401.8825708966661,1275,3,404.25,506.9432682980683,1275,2,0,0,0,36,22,0,0,1,0,0,0,23,11,0,0,1,0,0,0,13,11,0,0,518.2673055480154,0,1,350,349,3303,3927,300,342,0,0,1682,2022,316,358,1,0,0,350,335,825.7514285714286,802.1514285714286,0,0,0,0,350,2578,4108,2282,3461,Web Attack  Brute Force,WEBATTACK,8,250261
353,1,3,214,1,2,140,0,1,74,66,71.33333333333333,4.618802153517004,74,66,70.0,5.656854249492381,74,74,74.0,0.0,74,0,0.5,0.7071067811865476,1,1,1.0,0.0,1,0,0.0,0.0,0,2,0,0,0,2,0,0,0,1,0,0,0,1,0,0,0,1,0,0,0,1,0,0,0,4.0,0,1,350,349,3292,4275,302,358,0,0,1672,2226,316,370,1,0,0,350,331,813.1085714285714,831.9771428571429,0,0,0,0,350,2745,4462,2274,3450,Web Attack  Brute Force,WEBATTACK,8,250373
354,1,3,214,1,2,140,0,1,74,66,71.33333333333333,4.618802153517004,74,66,70.0,5.656854249492381,74,74,74.0,0.0,74,0,0.5,0.7071067811865476,1,1,1.0,0.0,1,0,0.0,0.0,0,2,0,0,0,2,0,0,0,1,0,0,0,1,0,0,0,1,0,0,0,1,0,0,0,4.0,0,1,350,349,3359,4308,302,354,0,0,1716,2250,316,372,1,0,0,350,331,847.3485714285714,835.8771428571429,0,0,0,0,350,2768,4496,2316,3517,Web Attack  Brute Force,WEBATTACK,8,250390
355,1,3,198,1,2,132,0,1,66,66,66.0,0.0,66,66,66.0,0.0,66,66,66.0,0.0,66,0,0.5,0.7071067811865476,1,1,1.0,0.0,1,0,0.0,0.0,0,0,0,0,0,3,0,0,2,0,0,0,0,2,0,0,1,0,0,0,0,1,0,0,1,0.0,0,0,350,350,3331,4149,300,350,0,0,1699,2147,318,366,1,0,0,350,334,840.4142857142857,825.2228571428572,0,0,0,0,350,2690,4332,2298,3490,Web Attack  Brute Force,WEBATTACK,8,250475
356,3815,7,1444,3815,4,874,3814,3,570,66,206.28571428571428,244.0175637706668,668,66,218.50000000000003,299.69039579761863,668,66,190.0,207.8845833629805,430,0,635.8333333333333,1555.5080734816734,3811,0,1271.6666666666663,2199.12808479482,3811,3,1907.0,2692.662622758373,3811,2,0,0,0,6,2,0,0,1,0,0,0,3,1,0,0,1,0,0,0,3,1,0,0,295.3026695894683,0,1,350,349,3336,4167,298,348,0,0,1703,2159,318,366,1,0,0,350,333,834.8742857142857,840.98,0,0,0,0,350,2703,4352,2303,3495,Web Attack  Brute Force,WEBATTACK,8,250506
357,4851,48,21527,4851,32,9080,4807,16,12447,66,448.4791666666666,362.9001966770298,1133,66,283.75,232.0482430374645,668,429,777.9375,357.34884333565896,1133,0,103.2127659574468,270.22204526376265,967,2,156.483870967742,321.5619039384425,967,6,320.46666666666664,437.1057189328567,1006,0,0,0,0,48,32,0,0,0,0,0,0,32,16,0,0,0,0,0,0,16,16,0,0,447.3648771789459,0,1,350,349,3359,3941,300,330,0,0,1719,2045,316,346,1,0,0,350,339,848.5114285714286,862.1228571428571,0,0,0,0,350,2600,4116,2317,3517,Web Attack  Brute Force,WEBATTACK,8,250596
358,1,3,198,1,2,132,0,1,66,66,66.0,0.0,66,66,66.0,0.0,66,66,66.0,0.0,66,0,0.5,0.7071067811865476,1,1,1.0,0.0,1,0,0.0,0.0,0,0,0,0,0,3,0,0,2,0,0,0,0,2,0,0,1,0,0,0,0,1,0,0,1,0.0,0,1,350,349,3344,3533,300,312,0,0,1711,1821,316,326,1,0,0,350,345,857.8571428571429,839.74,0,0,0,0,350,2397,3698,2308,3502,Web Attack  Brute Force,WEBATTACK,8,250646
359,1,3,198,1,2,132,0,1,66,66,66.0,0.0,66,66,66.0,0.0,66,66,66.0,0.0,66,0,0.5,0.7071067811865476,1,1,1.0,0.0,1,0,0.0,0.0,0,0,0,0,0,3,0,0,2,0,0,0,0,2,0,0,1,0,0,0,0,1,0,0,1,0.0,0,1,350,349,3384,4049,300,326,0,0,1740,2124,314,346,1,0,0,350,339,887.9771428571429,884.9314285714286,0,0,0,0,350,2661,4224,2336,3541,Web Attack  Brute Force,WEBATTACK,8,250805
360,1,3,198,1,2,132,0,1,66,66,66.0,0.0,66,66,66.0,0.0,66,66,66.0,0.0,66,0,0.5,0.7071067811865476,1,1,1.0,0.0,1,0,0.0,0.0,0,0,0,0,0,3,0,0,2,0,0,0,0,2,0,0,1,0,0,0,0,1,0,0,1,0.0,0,1,350,349,3323,3891,302,330,0,0,1694,2012,316,342,1,0,0,350,340,882.6685714285715,875.48,0,0,0,0,350,2568,4064,2295,3481,Web Attack  Brute Force,WEBATTACK,8,251054
361,1,3,198,1,2,132,0,1,66,66,66.0,0.0,66,66,66.0,0.0,66,66,66.0,0.0,66,0,0.5,0.7071067811865476,1,1,1.0,0.0,1,0,0.0,0.0,0,0,0,0,0,3,0,0,2,0,0,0,0,2,0,0,1,0,0,0,0,1,0,0,1,0.0,0,1,350,349,3336,3861,302,326,0,0,1704,1996,314,338,1,0,0,350,341,872.2342857142858,881.3714285714286,0,0,0,0,350,2562,4032,2305,3493,Web Attack  Brute Force,WEBATTACK,8,251105
362,1,3,214,1,2,140,0,1,74,66,71.33333333333333,4.618802153517004,74,66,70.0,5.656854249492381,74,74,74.0,0.0,74,0,0.5,0.7071067811865476,1,1,1.0,0.0,1,0,0.0,0.0,0,2,0,0,0,2,0,0,0,1,0,0,0,1,0,0,0,1,0,0,0,1,0,0,0,4.0,0,1,350,349,3313,3768,302,326,0,0,1688,1954,314,340,1,0,0,350,341,879.32,876.8542857142858,0,0,0,0,350,2495,3940,2289,3470,Web Attack  Brute Force,WEBATTACK,8,251190
363,0,3,198,0,2,132,0,1,66,66,66.0,0.0,66,66,66.0,0.0,66,66,66.0,0.0,66,0,0.0,0.0,0,0,0.0,0.0,0,0,0.0,0.0,0,0,0,0,0,3,0,0,2,0,0,0,0,2,0,0,1,0,0,0,0,1,0,0,1,0.0,0,0,350,350,3319,3696,304,328,0,0,1688,1902,316,340,1,0,0,350,342,885.9942857142858,877.3085714285714,0,0,0,0,350,2465,3866,2291,3477,Web Attack  Brute Force,WEBATTACK,8,251258
364,1,3,214,1,2,140,0,1,74,66,71.33333333333333,4.618802153517004,74,66,70.0,5.656854249492381,74,74,74.0,0.0,74,0,0.5,0.7071067811865476,1,1,1.0,0.0,1,0,0.0,0.0,0,2,0,0,0,2,0,0,0,1,0,0,0,1,0,0,0,1,0,0,0,1,0,0,0,4.0,0,0,350,350,3365,3737,304,326,0,0,1720,1932,314,340,1,0,0,350,342,899.8057142857143,880.26,0,0,0,0,350,2493,3907,2321,3522,Web Attack  Brute Force,WEBATTACK,8,251261
365,0,3,198,0,2,132,0,1,66,66,66.0,0.0,66,66,66.0,0.0,66,66,66.0,0.0,66,0,0.0,0.0,0,0,0.0,0.0,0,0,0.0,0.0,0,0,0,0,0,3,0,0,2,0,0,0,0,2,0,0,1,0,0,0,0,1,0,0,1,0.0,0,1,350,349,3335,3840,298,332,0,0,1704,1996,318,346,1,0,0,350,339,875.0,873.5771428571428,0,0,0,0,350,2535,4015,2305,3494,Web Attack  Brute Force,WEBATTACK,8,251268
366,1,3,198,1,2,132,0,1,66,66,66.0,0.0,66,66,66.0,0.0,66,66,66.0,0.0,66,0,0.5,0.7071067811865476,1,1,1.0,0.0,1,0,0.0,0.0,0,0,0,0,0,3,0,0,2,0,0,0,0,2,0,0,1,0,0,0,0,1,0,0,1,0.0,0,1,350,349,3334,4030,300,346,0,0,1704,2092,316,358,1,0,0,350,335,871.4171428571428,863.8028571428572,0,0,0,0,350,2625,4211,2304,3492,Web Attack  Brute Force,WEBATTACK,8,251311
367,1,3,198,1,2,132,0,1,66,66,66.0,0.0,66,66,66.0,0.0,66,66,66.0,0.0,66,0,0.5,0.7071067811865476,1,1,1.0,0.0,1,0,0.0,0.0,0,0,0,0,0,3,0,0,2,0,0,0,0,2,0,0,1,0,0,0,0,1,0,0,1,0.0,0,1,350,349,3290,4199,304,350,0,0,1672,2190,314,366,1,0,0,350,333,857.2428571428571,871.5914285714285,0,0,0,0,350,2711,4384,2274,3447,Web Attack  Brute Force,WEBATTACK,8,251328
368,0,3,198,0,2,132,0,1,66,66,66.0,0.0,66,66,66.0,0.0,66,66,66.0,0.0,66,0,0.0,0.0,0,0,0.0,0.0,0,0,0.0,0.0,0,0,0,0,0,3,0,0,2,0,0,0,0,2,0,0,1,0,0,0,0,1,0,0,1,0.0,0,1,350,349,3349,4257,302,356,0,0,1712,2214,316,372,1,0,0,350,331,892.0314285714286,868.5257142857142,0,0,0,0,350,2740,4445,2312,3507,Web Attack  Brute Force,WEBATTACK,8,251340
369,1,3,214,1,2,140,0,1,74,66,71.33333333333333,4.618802153517004,74,66,70.0,5.656854249492381,74,74,74.0,0.0,74,0,0.5,0.7071067811865476,1,1,1.0,0.0,1,0,0.0,0.0,0,2,0,0,0,2,0,0,0,1,0,0,0,1,0,0,0,1,0,0,0,1,0,0,0,4.0,0,1,350,349,3322,4258,298,354,0,0,1696,2214,318,374,1,0,0,350,331,867.9342857142857,868.9057142857143,0,0,0,0,350,2740,4447,2296,3481,Web Attack  Brute Force,WEBATTACK,8,251365
370,4849,48,21523,4849,32,9080,4803,16,12443,66,448.3958333333333,362.7407338337804,1132,66,283.75,232.0482430374645,668,429,777.6874999999998,357.087238407274,1132,0,103.17021276595744,269.8282319283991,968,1,156.4193548387097,321.0693356263876,968,5,320.2,436.6404535934408,1006,0,0,0,0,48,32,0,0,0,0,0,0,32,16,0,0,0,0,0,0,16,16,0,0,446.9484496747546,0,1,350,349,3335,3941,300,338,0,0,1704,2026,316,352,1,0,0,350,337,875.6485714285715,871.8342857142857,0,0,0,0,350,2598,4119,2304,3493,Web Attack  Brute Force,WEBATTACK,8,251498
371,1,3,214,1,2,140,0,1,74,66,71.33333333333333,4.618802153517004,74,66,70.0,5.656854249492381,74,74,74.0,0.0,74,0,0.5,0.7071067811865476,1,1,1.0,0.0,1,0,0.0,0.0,0,2,0,0,0,2,0,0,0,1,0,0,0,1,0,0,0,1,0,0,0,1,0,0,0,4.0,0,1,350,349,3288,3918,300,336,0,0,1672,2012,318,354,1,0,0,350,337,861.6542857142857,857.9685714285714,0,0,0,0,350,2584,4097,2274,3447,Web Attack  Brute Force,WEBATTACK,8,251503
372,1,3,214,1,2,140,0,1,74,66,71.33333333333333,4.618802153517004,74,66,70.0,5.656854249492381,74,74,74.0,0.0,74,0,0.5,0.7071067811865476,1,1,1.0,0.0,1,0,0.0,0.0,0,2,0,0,0,2,0,0,0,1,0,0,0,1,0,0,0,1,0,0,0,1,0,0,0,4.0,0,1,350,349,3340,3469,300,306,0,0,1704,1788,318,322,1,0,0,350,347,887.8971428571429,883.1114285714285,0,0,0,0,350,2362,3632,2304,3499,Web Attack  Brute Force,WEBATTACK,8,251684
373,4842,37,15259,4842,24,6216,4804,13,9043,66,412.4054054054055,371.4811539603964,1133,66,258.99999999999994,222.0041127703641,668,66,695.6153846153845,430.78059737750857,1133,0,134.5,334.34144224131114,1273,1,210.5217391304348,401.4439697760638,1273,3,400.33333333333337,507.7102490295986,1274,2,0,0,0,36,22,0,0,1,0,0,0,23,11,0,0,1,0,0,0,13,11,0,0,517.8489966518554,0,1,350,349,3323,3477,302,304,0,0,1694,1792,316,326,1,0,0,350,344,862.68,858.6914285714286,0,0,0,0,350,2364,3642,2296,3481,Web Attack  Brute Force,WEBATTACK,8,251758
374,1,3,198,1,2,132,0,1,66,66,66.0,0.0,66,66,66.0,0.0,66,66,66.0,0.0,66,0,0.5,0.7071067811865476,1,1,1.0,0.0,1,0,0.0,0.0,0,0,0,0,0,3,0,0,2,0,0,0,0,2,0,0,1,0,0,0,0,1,0,0,1,0.0,0,1,350,349,3339,3488,300,302,0,0,1706,1802,318,326,1,0,0,350,344,869.7257142857143,855.1114285714285,0,0,0,0,350,2372,3653,2306,3498,Web Attack  Brute Force,WEBATTACK,8,251770
375,1,3,198,1,2,132,0,1,66,66,66.0,0.0,66,66,66.0,0.0,66,66,66.0,0.0,66,0,0.5,0.7071067811865476,1,1,1.0,0.0,1,0,0.0,0.0,0,0,0,0,0,3,0,0,2,0,0,0,0,2,0,0,1,0,0,0,0,1,0,0,1,0.0,0,1,350,349,3333,3832,296,326,0,0,1704,1972,320,346,1,0,0,350,337,868.5285714285715,859.9171428571428,0,0,0,0,350,2545,4007,2304,3493,Web Attack  Brute Force,WEBATTACK,8,251903
376,1,3,198,1,2,132,0,1,66,66,66.0,0.0,66,66,66.0,0.0,66,66,66.0,0.0,66,0,0.5,0.7071067811865476,1,1,1.0,0.0,1,0,0.0,0.0,0,0,0,0,0,3,0,0,2,0,0,0,0,2,0,0,1,0,0,0,0,1,0,0,1,0.0,0,0,350,350,3295,3965,298,334,0,0,1680,2046,318,352,1,0,0,350,336,860.1628571428571,858.8942857142857,0,0,0,0,350,2605,4141,2280,3454,Web Attack  Brute Force,WEBATTACK,8,251994
377,4878,48,21525,4878,32,9080,4835,16,12445,66,448.43750000000006,362.8209162758316,1133,66,283.75,232.0482430374645,668,429,777.8125000000001,357.2194878502571,1133,0,103.7872340425532,270.06826320397084,972,2,157.35483870967744,321.2206457029287,972,6,322.3333333333333,436.8642591839953,1012,0,0,0,0,48,32,0,0,0,0,0,0,32,16,0,0,0,0,0,0,16,16,0,0,447.3648771789459,0,0,350,350,3365,4110,296,334,0,0,1728,2142,318,356,1,0,0,350,335,881.3428571428572,884.6971428571428,0,0,0,0,350,2687,4288,2326,3524,Web Attack  Brute Force,WEBATTACK,8,252043
378,1,3,214,1,2,140,0,1,74,66,71.33333333333333,4.618802153517004,74,66,70.0,5.656854249492381,74,74,74.0,0.0,74,0,0.5,0.7071067811865476,1,1,1.0,0.0,1,0,0.0,0.0,0,2,0,0,0,2,0,0,0,1,0,0,0,1,0,0,0,1,0,0,0,1,0,0,0,4.0,0,0,350,350,3337,4010,302,338,0,0,1704,2074,316,352,1,0,0,350,336,892.0971428571429,873.9571428571429,0,0,0,0,350,2625,4186,2304,3495,Web Attack  Brute Force,WEBATTACK,8,252062
379,0,3,214,0,2,140,0,1,74,66,71.33333333333333,4.618802153517004,74,66,70.0,5.656854249492381,74,74,74.0,0.0,74,0,0.0,0.0,0,0,0.0,0.0,0,0,0.0,0.0,0,2,0,0,0,2,0,0,0,1,0,0,0,1,0,0,0,1,0,0,0,1,0,0,0,4.0,0,1,350,349,3301,4136,300,342,0,0,1680,2144,320,362,1,0,0,350,335,878.0228571428571,867.9285714285714,0,0,0,0,350,2683,4319,2282,3461,Web Attack  Brute Force,WEBATTACK,8,252101
380,37,2,132,0,1,66,0,1,66,66,66.0,0.0,66,66,66.0,0.0,66,66,66.0,0.0,66,37,37.0,0.0,37,0,0.0,0.0,0,0,0.0,0.0,0,0,0,0,0,2,0,0,0,0,0,0,0,1,0,0,0,0,0,0,0,1,0,0,0,0.0,0,0,350,350,1332,2308,87,79,0,12,284,978,74,76,2,0,0,350,350,363.9542857142857,490.30285714285714,0,0,0,0,350,1146,2350,740,1369,BENIGN,BENIGN,0,253387
381,16,2,126,0,1,60,0,1,66,60,63.0,4.242640687119285,66,60,60.0,0.0,60,66,66.0,0.0,66,16,16.0,0.0,16,0,0.0,0.0,0,0,0.0,0.0,0,0,0,0,0,2,0,0,0,0,0,0,0,1,0,0,0,0,0,0,0,1,0,0,0,3.4641016151377544,0,0,6,6,91,91,2,2,1,1,15,15,4,4,1,0,0,6,6,116.33333333333331,116.33333333333331,0,0,0,0,6,38,93,38,93,BENIGN,BENIGN,0,254763
382,0,2,120,0,1,60,0,1,60,60,60.0,0.0,60,60,60.0,0.0,60,60,60.0,0.0,60,0,0.0,0.0,0,0,0.0,0.0,0,0,0.0,0.0,0,1,0,0,0,1,0,1,0,1,0,0,0,0,0,0,0,0,0,0,0,1,0,1,0,0.0,0,0,349,347,384,7475,8,484,344,225,10,3798,360,710,318,1,3,7,12,899.9514285714286,1341.777142857143,1,1,0,0,17,4023,8113,382,878,PortScan,PORTSCAN,6,266047
383,0,2,120,0,1,60,0,1,60,60,60.0,0.0,60,60,60.0,0.0,60,60,60.0,0.0,60,0,0.0,0.0,0,0,0.0,0.0,0,0,0.0,0.0,0,1,0,0,0,1,0,1,0,1,0,0,0,0,0,0,0,0,0,0,0,1,0,1,0,0.0,0,0,350,350,350,376,0,4,350,349,0,4,350,353,350,0,0,0,0,0.0457142857142857,0.0685714285714285,0,0,0,0,1,368,727,350,700,PortScan,PORTSCAN,6,266500
384,0,2,120,0,1,60,0,1,60,60,60.0,0.0,60,60,60.0,0.0,60,60,60.0,0.0,60,0,0.0,0.0,0,0,0.0,0.0,0,0,0.0,0.0,0,1,0,0,0,1,0,1,0,1,0,0,0,0,0,0,0,0,0,0,0,1,0,1,0,0.0,0,0,350,350,350,350,0,0,350,350,0,0,350,350,350,0,0,0,0,0.0314285714285714,0.0314285714285714,0,0,0,0,0,350,700,350,700,PortScan,PORTSCAN,6,267672
385,1,2,120,0,1,60,0,1,60,60,60.0,0.0,60,60,60.0,0.0,60,60,60.0,0.0,60,1,1.0,0.0,1,0,0.0,0.0,0,0,0.0,0.0,0,1,0,0,0,1,0,1,0,1,0,0,0,0,0,0,0,0,0,0,0,1,0,1,0,0.0,0,0,350,350,350,350,0,0,350,350,0,0,350,350,350,0,0,0,0,0.0314285714285714,0.0314285714285714,0,0,0,0,0,350,700,350,700,PortScan,PORTSCAN,6,267692
386,0,2,120,0,1,60,0,1,60,60,60.0,0.0,60,60,60.0,0.0,60,60,60.0,0.0,60,0,0.0,0.0,0,0,0.0,0.0,0,0,0.0,0.0,0,1,0,0,0,1,0,1,0,1,0,0,0,0,0,0,0,0,0,0,0,1,0,1,0,0.0,0,0,350,350,350,350,0,0,350,350,0,0,350,350,350,0,0,0,0,0.0342857142857142,0.0342857142857142,0,0,0,0,0,350,700,350,700,PortScan,PORTSCAN,6,267747
387,0,2,120,0,1,60,0,1,60,60,60.0,0.0,60,60,60.0,0.0,60,60,60.0,0.0,60,0,0.0,0.0,0,0,0.0,0.0,0,0,0.0,0.0,0,1,0,0,0,1,0,1,0,1,0,0,0,0,0,0,0,0,0,0,0,1,0,1,0,0.0,0,0,350,350,350,350,0,0,350,350,0,0,355,355,350,0,0,3,3,0.06,0.06,1,1,0,0,12,355,705,355,705,PortScan,PORTSCAN,6,267886
388,0,2,120,0,1,60,0,1,60,60,60.0,0.0,60,60,60.0,0.0,60,60,60.0,0.0,60,0,0.0,0.0,0,0,0.0,0.0,0,0,0.0,0.0,0,1,0,0,0,1,0,1,0,1,0,0,0,0,0,0,0,0,0,0,0,1,0,1,0,0.0,0,0,350,350,350,350,0,0,350,350,0,0,350,350,350,0,0,0,0,0.0742857142857142,0.0742857142857142,0,0,0,0,0,350,700,350,700,PortScan,PORTSCAN,6,268262
389,0,2,120,0,1,60,0,1,60,60,60.0,0.0,60,60,60.0,0.0,60,60,60.0,0.0,60,0,0.0,0.0,0,0,0.0,0.0,0,0,0.0,0.0,0,1,0,0,0,1,0,1,0,1,0,0,0,0,0,0,0,0,0,0,0,1,0,1,0,0.0,0,0,350,350,350,350,0,0,350,350,0,0,350,350,350,0,0,0,0,0.06,0.06,0,0,0,0,1,350,700,350,700,PortScan,PORTSCAN,6,268740
390,0,2,120,0,1,60,0,1,60,60,60.0,0.0,60,60,60.0,0.0,60,60,60.0,0.0,60,0,0.0,0.0,0,0,0.0,0.0,0,0,0.0,0.0,0,1,0,0,0,1,0,1,0,1,0,0,0,0,0,0,0,0,0,0,0,1,0,1,0,0.0,0,0,350,350,350,425,0,8,350,348,0,32,355,361,350,0,0,3,3,0.0771428571428571,0.6628571428571428,1,1,0,0,12,396,782,355,705,PortScan,PORTSCAN,6,268919
391,0,2,120,0,1,60,0,1,60,60,60.0,0.0,60,60,60.0,0.0,60,60,60.0,0.0,60,0,0.0,0.0,0,0,0.0,0.0,0,0,0.0,0.0,0,1,0,0,0,1,0,1,0,1,0,0,0,0,0,0,0,0,0,0,0,1,0,1,0,0.0,0,0,350,350,350,425,0,8,350,348,0,32,355,361,350,0,0,3,3,0.0742857142857142,0.66,1,1,0,0,13,396,782,355,705,PortScan,PORTSCAN,6,269152
392,0,2,120,0,1,60,0,1,60,60,60.0,0.0,60,60,60.0,0.0,60,60,60.0,0.0,60,0,0.0,0.0,0,0,0.0,0.0,0,0,0.0,0.0,0,1,0,0,0,1,0,1,0,1,0,0,0,0,0,0,0,0,0,0,0,1,0,1,0,0.0,0,0,350,350,350,350,0,0,350,350,0,0,355,355,350,0,0,3,3,0.06,0.06,1,1,0,0,12,355,705,355,705,PortScan,PORTSCAN,6,269993
393,0,2,120,0,1,60,0,1,60,60,60.0,0.0,60,60,60.0,0.0,60,60,60.0,0.0,60,0,0.0,0.0,0,0,0.0,0.0,0,0,0.0,0.0,0,1,0,0,0,1,0,1,0,1,0,0,0,0,0,0,0,0,0,0,0,1,0,1,0,0.0,0,0,350,350,350,350,0,0,350,350,0,0,350,350,350,0,0,0,0,0.06,0.06,0,0,0,0,0,350,700,350,700,PortScan,PORTSCAN,6,270740
394,266,3,180,266,2,120,0,1,60,60,60.0,0.0,60,60,60.0,0.0,60,60,60.0,0.0,60,1,133.0,186.6761902332485,265,266,266.0,0.0,266,0,0.0,0.0,0,0,0,0,0,3,0,0,2,0,0,0,0,2,0,0,1,0,0,0,0,1,0,0,1,0.0,0,0,9,228,45,776,4,122,0,0,12,104,14,160,1,0,0,9,228,897.1111111111111,593.0921052631579,0,0,0,0,9,485,853,30,52,BENIGN,BENIGN,0,272986
395,4603,10,1847,4603,9,1773,0,1,74,66,184.7,118.39862048745891,297,66,197.0,118.61070777969417,297,74,74.0,0.0,74,0,511.44444444444446,665.1169278989806,2004,1,575.375,680.836866867324,2004,0,0.0,0.0,0,4,0,0,0,7,5,0,0,3,0,0,0,6,5,0,0,1,0,0,0,1,0,0,0,112.89633888365616,0,0,350,350,758,832,16,20,0,0,560,598,522,524,1,0,0,350,349,1764.4314285714286,1755.5171428571427,0,0,0,0,350,1142,1285,1098,1210,DoS Hulk,DOS,3,275554
396,117,2,132,0,1,66,0,1,66,66,66.0,0.0,66,66,66.0,0.0,66,66,66.0,0.0,66,117,117.0,0.0,117,0,0.0,0.0,0,0,0.0,0.0,0,0,0,0,0,2,0,0,0,0,0,0,0,1,0,0,0,0,0,0,0,1,0,0,0,0.0,0,0,5,5,21,21,2,2,0,0,6,6,4,4,1,0,0,5,5,1059.6,1059.6,0,0,0,0,5,14,23,14,23,BENIGN,BENIGN,0,278772
397,166,4,588,0,2,178,0,2,410,89,147.0,66.9726312259966,205,89,89.0,0.0,89,205,205.0,0.0,205,0,55.33333333333333,95.84014468547788,166,0,0.0,0.0,0,0,0.0,0.0,0,0,0,0,0,0,0,0,0,0,0,0,0,0,0,0,0,0,0,0,0,0,0,0,0,66.97263122599658,346,339,4,11,82,133,4,2,6,9,56,80,8,12,9,0,0,0,0,55.83714285714286,60.36571428571428,340,334,0,0,344,775,1513,752,1494,BENIGN,BENIGN,0,288428
398,51,2,132,0,1,66,0,1,66,66,66.0,0.0,66,66,66.0,0.0,66,66,66.0,0.0,66,51,51.0,0.0,51,0,0.0,0.0,0,0,0.0,0.0,0,0,0,0,0,2,0,0,0,0,0,0,0,1,0,0,0,0,0,0,0,1,0,0,0,0.0,0,0,2,2,8,8,0,0,0,0,2,2,2,2,1,0,0,2,2,77.0,77.0,0,0,0,0,2,5,9,5,9,BENIGN,BENIGN,0,295280
399,1,2,252,0,1,90,0,1,162,90,126.0,50.91168824543142,162,90,90.0,0.0,90,162,162.0,0.0,162,1,1.0,0.0,1,0,0.0,0.0,0,0,0.0,0.0,0,0,0,0,0,0,0,0,0,0,0,0,0,0,0,0,0,0,0,0,0,0,0,0,0,41.569219381653056,350,350,0,0,0,0,0,0,0,0,0,0,0,0,2,0,0,0,0,167.64285714285714,167.64285714285714,350,350,0,0,350,359,718,359,718,BENIGN,BENIGN,0,300018
400,31,4,506,0,2,146,0,2,360,73,126.5,61.77647880328996,180,73,73.0,0.0,73,180,180.0,0.0,180,0,10.333333333333332,17.897858344878397,31,0,0.0,0.0,0,0,0.0,0.0,0,0,0,0,0,0,0,0,0,0,0,0,0,0,0,0,0,0,0,0,0,0,0,0,0,61.77647880328996,344,348,6,2,192,24,8,0,8,0,108,16,24,0,5,0,0,0,0,37.08,33.80285714285714,337,347,0,0,337,730,1446,802,1580,BENIGN,BENIGN,0,300517
401,23,2,126,0,1,60,0,1,66,60,63.0,4.242640687119285,66,60,60.0,0.0,60,66,66.0,0.0,66,23,23.0,0.0,23,0,0.0,0.0,0,0,0.0,0.0,0,0,0,0,0,2,0,0,0,0,0,0,0,1,0,0,0,0,0,0,0,1,0,0,0,3.4641016151377544,0,0,189,329,721,1296,6,23,3,26,183,294,44,74,1,0,0,189,329,125.83597883597884,149.01215805471125,0,0,0,0,189,680,1344,380,743,BENIGN,BENIGN,0,302894
402,0,2,134,0,1,74,0,1,60,60,67.0,9.899494936611664,74,74,74.0,0.0,74,60,60.0,0.0,60,0,0.0,0.0,0,0,0.0,0.0,0,0,0.0,0.0,0,1,0,0,0,1,0,1,0,1,0,0,0,0,0,0,0,0,0,0,0,1,0,1,0,8.082903768654761,0,2,130,348,259,13474,24,930,118,118,38,6838,206,1092,5,0,0,66,59,493.0153846153846,429.2942857142857,0,0,0,0,109,7286,14112,270,446,PortScan,PORTSCAN,6,316505
403,0,2,134,0,1,74,0,1,60,60,67.0,9.899494936611664,74,74,74.0,0.0,74,60,60.0,0.0,60,0,0.0,0.0,0,0,0.0,0.0,0,0,0.0,0.0,0,1,0,0,0,1,0,1,0,1,0,0,0,0,0,0,0,0,0,0,0,1,0,1,0,8.082903768654761,0,2,227,348,468,8470,24,542,215,215,38,4258,359,865,5,0,0,112,101,282.58590308370043,264.9485714285714,0,0,0,0,190,4650,9015,479,752,PortScan,PORTSCAN,6,316602
404,0,1,297,0,1,297,0,0,0,297,297.0,0.0,297,297,297.0,0.0,297,0,0.0,0.0,0,0,0.0,0.0,0,0,0.0,0.0,0,0,0.0,0.0,0,0,0,0,0,1,1,0,0,0,0,0,0,1,1,0,0,0,0,0,0,0,0,0,0,171.47302994931886,0,0,350,350,690,690,0,0,38,38,552,552,292,292,1,0,0,350,350,1040.3285714285714,1040.3285714285714,0,0,0,0,350,844,969,844,969,DoS GoldenEye,DOS,3,327184
405,3208,2,594,3208,2,594,0,0,0,297,297.0,0.0,297,297,297.0,0.0,297,0,0.0,0.0,0,3208,3208.0,0.0,3208,3208,3208.0,0.0,3208,0,0.0,0.0,0,0,0,0,0,2,2,0,0,0,0,0,0,2,2,0,0,0,0,0,0,0,0,0,0,171.47302994931886,0,0,350,350,709,709,0,0,32,32,524,524,212,212,1,0,0,350,350,832.8,832.8,0,0,0,0,350,736,912,736,912,DoS GoldenEye,DOS,3,327292
406,0,1,297,0,1,297,0,0,0,297,297.0,0.0,297,297,297.0,0.0,297,0,0.0,0.0,0,0,0.0,0.0,0,0,0.0,0.0,0,0,0.0,0.0,0,0,0,0,0,1,1,0,0,0,0,0,0,1,1,0,0,0,0,0,0,0,0,0,0,171.47302994931886,0,0,350,350,702,874,0,8,36,36,517,613,177,182,1,0,0,350,348,718.32,708.9571428571429,0,0,0,0,350,773,1050,694,877,DoS GoldenEye,DOS,3,327433
407,0,1,297,0,1,297,0,0,0,297,297.0,0.0,297,297,297.0,0.0,297,0,0.0,0.0,0,0,0.0,0.0,0,0,0.0,0.0,0,0,0.0,0.0,0,0,0,0,0,1,1,0,0,0,0,0,0,1,1,0,0,0,0,0,0,0,0,0,0,171.47302994931886,0,0,350,350,697,1028,0,16,54,52,561,744,193,206,1,0,0,350,346,799.0457142857143,803.1028571428571,0,0,0,0,350,914,1232,754,897,DoS GoldenEye,DOS,3,329674
408,3001,3,222,3001,3,222,0,0,0,74,74.0,0.0,74,74,74.0,0.0,74,0,0.0,0.0,0,997,1500.5,712.0565286548533,2004,997,1500.5,712.0565286548533,2004,0,0.0,0.0,0,3,0,0,0,0,0,0,0,3,0,0,0,0,0,0,0,0,0,0,0,0,0,0,0,42.72391992003231,0,0,350,350,695,695,9,9,51,51,566,566,215,215,1,0,0,350,350,970.7342857142858,970.7342857142858,0,0,0,0,350,788,913,788,913,DoS GoldenEye,DOS,3,331599
409,0,1,297,0,1,297,0,0,0,297,297.0,0.0,297,297,297.0,0.0,297,0,0.0,0.0,0,0,0.0,0.0,0,0,0.0,0.0,0,0,0.0,0.0,0,0,0,0,0,1,1,0,0,0,0,0,0,1,1,0,0,0,0,0,0,0,0,0,0,171.47302994931886,0,0,350,350,618,618,0,0,44,44,527,527,284,284,1,0,0,350,350,1107.0171428571427,1107.0171428571427,0,0,0,0,350,811,901,811,901,DoS Hulk,DOS,3,332717
410,0,1,297,0,1,297,0,0,0,297,297.0,0.0,297,297,297.0,0.0,297,0,0.0,0.0,0,0,0.0,0.0,0,0,0.0,0.0,0,0,0.0,0.0,0,0,0,0,0,1,1,0,0,0,0,0,0,1,1,0,0,0,0,0,0,0,0,0,0,171.47302994931886,0,0,350,350,670,752,0,4,34,34,478,522,177,178,1,0,0,350,349,634.9057142857143,626.6057142857143,0,0,0,0,350,704,930,655,849,DoS Hulk,DOS,3,333021
411,0,1,297,0,1,297,0,0,0,297,297.0,0.0,297,297,297.0,0.0,297,0,0.0,0.0,0,0,0.0,0.0,0,0,0.0,0.0,0,0,0.0,0.0,0,0,0,0,0,1,1,0,0,0,0,0,0,1,1,0,0,0,0,0,0,0,0,0,0,171.47302994931886,0,0,350,350,683,764,0,4,33,33,489,532,165,169,1,0,0,350,349,618.9142857142857,619.1942857142857,0,0,0,0,350,705,931,654,848,DoS Hulk,DOS,3,333077
412,0,1,297,0,1,297,0,0,0,297,297.0,0.0,297,297,297.0,0.0,297,0,0.0,0.0,0,0,0.0,0.0,0,0,0.0,0.0,0,0,0.0,0.0,0,0,0,0,0,1,1,0,0,0,0,0,0,1,1,0,0,0,0,0,0,0,0,0,0,171.47302994931886,0,0,350,350,671,671,0,0,41,41,489,489,132,132,1,0,0,350,350,532.5628571428572,532.5628571428572,0,0,0,0,350,621,813,621,813,DoS Hulk,DOS,3,333273
413,0,2,140,0,1,74,0,1,66,66,70.0,5.656854249492381,74,74,74.0,0.0,74,66,66.0,0.0,66,0,0.0,0.0,0,0,0.0,0.0,0,0,0.0,0.0,0,0,0,0,0,2,1,0,0,0,0,0,0,1,1,0,0,0,0,0,0,1,0,0,0,4.618802153517006,0,0,350,350,672,672,0,0,42,42,488,488,108,108,1,0,0,350,350,477.1257142857143,477.1257142857143,0,0,0,0,350,596,793,596,793,DoS Hulk,DOS,3,333390
414,0,2,140,0,1,74,0,1,66,66,70.0,5.656854249492381,74,74,74.0,0.0,74,66,66.0,0.0,66,0,0.0,0.0,0,0,0.0,0.0,0,0,0.0,0.0,0,0,0,0,0,2,1,0,0,0,0,0,0,1,1,0,0,0,0,0,0,1,0,0,0,4.618802153517006,0,0,350,350,733,956,0,16,40,39,527,649,169,185,1,0,0,350,346,703.0142857142857,710.9028571428571,0,0,0,0,350,807,1133,696,903,DoS Hulk,DOS,3,334175
415,3204,2,594,3204,2,594,0,0,0,297,297.0,0.0,297,297,297.0,0.0,297,0,0.0,0.0,0,3204,3204.0,0.0,3204,3204,3204.0,0.0,3204,0,0.0,0.0,0,0,0,0,0,2,2,0,0,0,0,0,0,2,2,0,0,0,0,0,0,0,0,0,0,171.47302994931886,0,0,350,350,683,824,0,12,38,38,560,624,298,304,1,0,0,350,347,1165.4057142857143,1143.7828571428572,0,0,0,0,350,933,1110,858,967,DoS Hulk,DOS,3,335136
416,0,1,297,0,1,297,0,0,0,297,297.0,0.0,297,297,297.0,0.0,297,0,0.0,0.0,0,0,0.0,0.0,0,0,0.0,0.0,0,0,0.0,0.0,0,0,0,0,0,1,1,0,0,0,0,0,0,1,1,0,0,0,0,0,0,0,0,0,0,171.47302994931886,0,0,350,350,696,696,0,0,30,30,480,480,138,138,1,0,0,350,350,527.9971428571429,527.9971428571429,0,0,0,0,350,618,834,618,834,DoS Hulk,DOS,3,335661
417,0,4,504,0,2,158,0,2,346,79,126.0,54.270925303824825,173,79,79.0,0.0,79,173,173.0,0.0,173,0,0.0,0.0,0,0,0.0,0.0,0,0,0.0,0.0,0,0,0,0,0,0,0,0,0,0,0,0,0,0,0,0,0,0,0,0,0,0,0,0,0,54.270925303824825,350,337,0,13,0,421,0,20,0,20,0,240,0,52,7,0,0,0,0,58.08857142857143,1792.6,326,337,0,0,326,969,1841,702,1404,BENIGN,BENIGN,0,345097
418,13199,57,8531,13199,23,3534,13199,34,4997,66,149.6666666666667,185.38235905182307,1042,66,153.65217391304344,136.11713161019287,706,66,146.9705882352941,214.3563282769388,1042,0,235.69642857142856,651.4636365947026,2452,0,599.9545454545455,974.5050258744412,2502,0,399.96969696969694,813.7554333477782,2452,2,0,0,0,56,31,0,2,1,0,0,0,22,16,0,1,1,0,0,0,34,15,0,1,486.2482219333386,0,6,350,344,9191,18950,702,1305,647,0,5128,9742,704,1276,3,0,0,1,0,9065.5,1083.0942857142857,0,0,0,0,350,9974,19612,4019,10190,SSH-Patator,SSHPATATOR,7,346878
419,13605,61,9379,13605,25,4226,13605,36,5153,66,153.75409836065572,182.8426149942171,1042,66,169.04000000000002,140.0441835041118,706,66,143.13888888888889,208.7575699606436,1042,0,226.75,606.9237694014025,2255,0,566.875,898.9246383511704,2301,0,388.71428571428567,758.1845410711879,2255,2,0,0,0,60,33,0,2,1,0,0,0,24,18,0,1,1,0,0,0,36,15,0,1,486.2482219333386,0,6,350,344,9822,18863,702,1269,607,0,5482,9712,704,1240,3,0,0,1,0,9297.36,1785.5428571428572,0,0,0,0,350,9817,19507,4271,10781,SSH-Patator,SSHPATATOR,7,346898
420,12394,56,8465,12394,23,3534,12394,33,4931,66,151.16071428571428,186.71346806228024,1042,66,153.65217391304344,136.11713161019287,706,66,149.42424242424244,217.19447367264988,1042,0,225.34545454545457,623.6680390204575,2219,1,563.3636363636364,926.0294937941358,2264,0,387.31250000000006,782.9836004338706,2219,2,0,0,0,55,31,0,2,1,0,0,0,22,16,0,1,1,0,0,0,33,15,0,1,486.2482219333386,0,6,350,344,10528,19238,703,1250,567,0,5869,9957,704,1220,3,0,0,1,0,9539.26857142857,2534.442857142857,0,0,0,0,350,9859,19872,4559,11447,SSH-Patator,SSHPATATOR,7,346918
421,12706,55,8399,12706,22,3468,12706,33,4931,66,152.70909090909092,188.07117178495395,1042,66,157.63636363636363,137.9408242532681,706,66,149.42424242424244,217.19447367264988,1042,0,235.2962962962964,647.0190463974907,2356,0,605.0476190476193,972.014684878293,2417,0,397.06250000000006,805.9581329676959,2356,2,0,0,0,54,31,0,2,1,0,0,0,21,16,0,1,1,0,0,0,33,15,0,1,486.2482219333386,0,6,350,344,10997,19177,703,1218,535,0,6141,9965,704,1188,3,0,0,1,0,9707.294285714286,3110.2542857142857,0,0,0,0,350,9717,19795,4737,11884,SSH-Patator,SSHPATATOR,7,346934
422,13967,52,8201,13966,20,3336,13967,32,4865,66,157.71153846153845,192.31126082661925,1042,66,166.80000000000004,141.62723496633876,706,66,152.03125,220.1445982830963,1042,0,273.8627450980392,735.1284518941663,2611,0,735.0526315789474,1108.3193720265638,2666,0,450.5483870967743,904.7519305942257,2611,2,0,0,0,51,31,0,2,1,0,0,0,19,16,0,1,1,0,0,0,32,15,0,1,486.2482219333386,0,6,350,344,11666,19345,703,1166,491,2,6525,10181,704,1144,3,0,0,1,0,10001.937142857145,3954.568571428571,0,0,0,0,350,9641,19941,5002,12509,SSH-Patator,SSHPATATOR,7,346956
423,14269,57,8531,14269,23,3534,14269,34,4997,66,149.6666666666667,185.38235905182307,1042,66,153.65217391304344,136.11713161019287,706,66,146.9705882352941,214.3563282769388,1042,0,254.8035714285714,713.6054020291571,2599,1,648.5909090909091,1069.399549328452,2659,0,432.3939393939394,892.3396543425163,2599,2,0,0,0,56,31,0,2,1,0,0,0,22,16,0,1,1,0,0,0,34,15,0,1,486.2482219333386,0,6,350,344,12094,19391,703,1142,463,2,6763,10245,704,1120,3,0,0,1,0,10180.442857142858,4472.302857142857,0,0,0,0,350,9569,19975,5169,12909,SSH-Patator,SSHPATATOR,7,346970
424,10832,55,8399,10832,22,3468,10832,33,4931,66,152.70909090909092,188.07117178495395,1042,66,157.63636363636363,137.9408242532681,706,66,149.42424242424244,217.19447367264988,1042,0,200.59259259259247,554.0363900083901,2235,0,515.8095238095237,837.1597588899994,2301,0,338.5,690.4580060108769,2235,2,0,0,0,54,31,0,2,1,0,0,0,21,16,0,1,1,0,0,0,33,15,0,1,486.2482219333386,0,6,350,344,13296,19799,703,1083,384,4,7452,10580,704,1062,3,0,0,1,0,10603.797142857144,5840.717142857143,0,0,0,0,350,9515,20356,5628,14032,SSH-Patator,SSHPATATOR,7,347009
425,11476,57,8531,11476,23,3534,11476,34,4997,66,149.6666666666667,185.38235905182307,1042,66,153.65217391304344,136.11713161019287,706,66,146.9705882352941,214.3563282769388,1042,0,204.9285714285714,580.5032881323478,2274,0,521.6363636363636,877.2962004799881,2332,0,347.7575757575757,726.9015592870464,2274,2,0,0,0,56,31,0,2,1,0,0,0,22,16,0,1,1,0,0,0,34,15,0,1,486.2482219333386,0,6,350,344,13496,19784,703,1067,372,4,7565,10599,704,1050,3,0,0,1,0,10649.857142857143,6033.748571428571,0,0,0,0,350,9465,20335,5709,14220,SSH-Patator,SSHPATATOR,7,347015
426,12111,56,8465,12111,23,3534,12111,33,4931,66,151.16071428571428,186.71346806228024,1042,66,153.65217391304344,136.11713161019287,706,66,149.42424242424244,217.19447367264988,1042,0,220.2,609.3114936518892,2240,0,550.5,909.2333112494912,2300,0,378.46875,764.9024810023485,2240,2,0,0,0,55,31,0,2,1,0,0,0,22,16,0,1,1,0,0,0,33,15,0,1,486.2482219333386,0,6,350,344,14700,19508,703,979,292,8,8258,10560,704,970,3,0,0,1,0,10992.905714285716,7311.188571428572,0,0,0,0,350,9073,20023,6177,15344,SSH-Patator,SSHPATATOR,7,347055
427,19525,77,10659,19525,33,4674,19525,44,5985,66,138.42857142857144,161.01858576700397,1042,66,141.63636363636363,115.8031244671906,706,66,136.02272727272728,189.29028877612063,1042,0,256.90789473684214,714.878659683009,4123,0,610.15625,1066.868226871559,4167,0,454.0697674418605,906.2256471696436,4123,2,0,0,0,76,41,0,2,1,0,0,0,32,22,0,1,1,0,0,0,44,19,0,1,486.2482219333386,0,2,350,348,17814,19482,711,823,106,14,10002,10744,704,818,3,0,0,1,0,11987.32,10502.597142857145,0,0,0,0,350,8470,19911,7421,18272,SSH-Patator,SSHPATATOR,7,347149
428,13550,55,8399,13550,22,3468,13550,33,4931,66,152.70909090909092,188.07117178495395,1042,66,157.63636363636363,137.9408242532681,706,66,149.42424242424244,217.19447367264988,1042,0,250.9259259259259,700.3440085119315,2739,0,645.2380952380952,1054.5117782538944,2809,0,423.4375,873.6731483577199,2739,2,0,0,0,54,31,0,2,1,0,0,0,21,16,0,1,1,0,0,0,33,15,0,1,486.2482219333386,0,0,350,350,19439,19298,713,774,2,14,10941,10718,709,773,3,0,0,1,0,12684.822857142855,11503.382857142857,0,0,0,0,350,8200,19696,8051,19795,SSH-Patator,SSHPATATOR,7,347203
429,13856,55,8399,13855,22,3468,13856,33,4931,66,152.70909090909092,188.07117178495395,1042,66,157.63636363636363,137.9408242532681,706,66,149.42424242424244,217.19447367264988,1042,0,256.59259259259267,707.423801310838,2563,0,659.7619047619048,1057.124869859843,2608,0,433.00000000000006,881.4161259568457,2563,2,0,0,0,54,31,0,2,1,0,0,0,21,16,0,1,1,0,0,0,33,15,0,1,486.2482219333386,0,0,350,350,19740,19212,713,769,2,16,11136,10689,705,771,3,0,0,0,0,12839.797142857144,11562.868571428571,0,0,0,0,350,8151,19611,8171,20094,SSH-Patator,SSHPATATOR,7,347220
430,13781,55,8399,13781,22,3468,13781,33,4931,66,152.70909090909092,188.07117178495395,1042,66,157.63636363636363,137.9408242532681,706,66,149.42424242424244,217.19447367264988,1042,0,255.20370370370367,708.9268631844291,2699,0,656.2380952380954,1061.5346864215933,2764,0,430.65625,883.9328032180041,2699,2,0,0,0,54,31,0,2,1,0,0,0,21,16,0,1,1,0,0,0,33,15,0,1,486.2482219333386,0,0,350,350,19711,19055,712,777,2,16,11136,10598,705,779,3,0,0,0,0,12912.165714285717,11467.454285714286,0,0,0,0,350,8101,19458,8156,20065,SSH-Patator,SSHPATATOR,7,347243
431,12266,55,8399,12266,22,3468,12266,33,4931,66,152.70909090909092,188.07117178495395,1042,66,157.63636363636363,137.9408242532681,706,66,149.42424242424244,217.19447367264988,1042,0,227.14814814814807,627.4653236275265,2228,0,584.0952380952382,945.8203267408616,2302,0,383.3125,781.929764913745,2228,2,0,0,0,54,31,0,2,1,0,0,0,21,16,0,1,1,0,0,0,33,15,0,1,486.2482219333386,0,0,350,350,19544,19186,711,781,2,14,11075,10696,705,779,3,0,0,0,0,12883.785714285714,11433.931428571428,0,0,0,0,350,8171,19589,8069,19898,SSH-Patator,SSHPATATOR,7,347271
432,12517,55,8399,12517,22,3468,12517,33,4931,66,152.70909090909092,188.07117178495395,1042,66,157.63636363636363,137.9408242532681,706,66,149.42424242424244,217.19447367264988,1042,0,231.7962962962963,650.0643039202405,2605,0,596.0476190476189,981.8688545926324,2665,0,391.15625000000006,811.3070342543847,2605,2,0,0,0,54,31,0,2,1,0,0,0,21,16,0,1,1,0,0,0,33,15,0,1,486.2482219333386,0,0,350,350,19544,19130,711,781,2,16,11075,10667,705,781,3,0,0,0,0,12870.834285714283,11379.531428571428,0,0,0,0,350,8150,19536,8068,19898,SSH-Patator,SSHPATATOR,7,347277
433,12510,57,8531,12509,23,3534,12510,34,4997,66,149.6666666666667,185.38235905182307,1042,66,153.65217391304344,136.11713161019287,706,66,146.9705882352941,214.3563282769388,1042,0,223.3928571428572,629.9880136975604,2532,0,568.5909090909091,945.5396876206736,2577,0,379.0909090909092,788.3233142101485,2532,2,0,0,0,56,31,0,2,1,0,0,0,22,16,0,1,1,0,0,0,34,15,0,1,486.2482219333386,0,0,350,350,19479,19007,711,785,2,18,11055,10625,705,789,3,0,0,0,0,12629.014285714286,11196.908571428572,0,0,0,0,350,8099,19419,8027,19833,SSH-Patator,SSHPATATOR,7,347350
434,11424,52,8201,11424,20,3336,11424,32,4865,66,157.71153846153845,192.31126082661925,1042,66,166.80000000000004,141.62723496633876,706,66,152.03125,220.1445982830963,1042,0,224.0,593.8813349483211,2076,0,601.2631578947368,900.8761687074584,2132,0,368.51612903225816,730.001774927876,2076,2,0,0,0,51,31,0,2,1,0,0,0,19,16,0,1,1,0,0,0,32,15,0,1,486.2482219333386,0,0,350,350,19412,19009,711,785,2,18,11028,10625,705,789,3,0,0,0,0,12613.857142857143,11188.242857142855,0,0,0,0,350,8103,19421,7992,19766,SSH-Patator,SSHPATATOR,7,347365
435,31,2,262,0,1,98,0,1,164,98,131.0,46.66904755831214,164,98,98.0,0.0,98,164,164.0,0.0,164,31,31.0,0.0,31,0,0.0,0.0,0,0,0.0,0.0,0,0,0,0,0,0,0,0,0,0,0,0,0,0,0,0,0,0,0,0,0,0,0,0,0,38.1051177665153,350,350,0,0,0,0,0,0,0,0,0,0,0,0,2,0,0,0,0,8786.891428571429,8786.891428571429,349,349,0,0,349,416,829,416,829,BENIGN,BENIGN,0,353794
436,125,2,246,0,1,98,0,1,148,98,123.0,35.35533905932738,148,98,98.0,0.0,98,148,148.0,0.0,148,125,125.0,0.0,125,0,0.0,0.0,0,0,0.0,0.0,0,0,0,0,0,0,0,0,0,0,0,0,0,0,0,0,0,0,0,0,0,0,0,0,0,28.867513459481287,350,350,0,0,0,0,0,0,0,0,0,0,0,0,2,0,0,0,0,10549.288571428571,10549.288571428571,350,350,0,0,350,426,852,426,852,BENIGN,BENIGN,0,354638
437,31,2,246,0,1,97,0,1,149,97,123.0,36.76955262170047,149,97,97.0,0.0,97,149,149.0,0.0,149,31,31.0,0.0,31,0,0.0,0.0,0,0,0.0,0.0,0,0,0,0,0,0,0,0,0,0,0,0,0,0,0,0,0,0,0,0,0,0,0,0,0,30.02221399786054,350,350,0,0,0,0,0,0,0,0,0,0,0,0,2,0,0,0,0,11548.831428571428,11548.831428571428,350,350,0,0,350,433,866,433,866,BENIGN,BENIGN,0,355077
438,7760,28,2170,7760,11,864,7760,17,1306,60,77.50000000000001,12.80480233986308,100,66,78.54545454545455,9.709414363015274,91,60,76.82352941176471,14.714938388070331,100,0,287.40740740740745,810.1152462771653,2585,0,776.0,1245.7204073680953,2627,0,485.0,1017.5239882512188,2585,2,0,0,0,25,14,2,2,1,0,0,0,10,7,0,1,1,0,0,0,15,7,2,1,19.27649691550136,0,10,97,168,2276,6462,172,440,172,172,1261,3433,194,470,1,0,0,0,0,8529.288659793814,5081.646067415731,0,0,0,0,97,3298,6909,1015,2545,FTP-Patator,FTPPATATOR,4,357462
439,8603,28,2161,8603,11,855,8603,17,1306,60,77.17857142857142,12.493119799635409,100,66,77.72727272727272,8.626597348791805,88,60,76.82352941176471,14.714938388070331,100,0,318.6296296296297,904.3560883152912,3077,0,860.3000000000001,1387.9844739765642,3121,0,537.6875,1136.6565425990973,3077,2,0,0,0,25,14,2,2,1,0,0,0,10,7,0,1,1,0,0,0,15,7,2,1,18.717193521821944,0,10,161,232,3876,8062,300,568,300,300,2157,4329,322,598,1,0,0,0,0,8647.708074534161,6072.202479338843,0,0,0,0,161,4002,8701,1719,4337,FTP-Patator,FTPPATATOR,4,357526
440,8692,28,2160,8692,11,854,8692,17,1306,60,77.14285714285714,12.48618283963365,100,66,77.63636363636364,8.605495073181174,89,60,76.82352941176471,14.714938388070331,100,0,321.9259259259259,915.8738965064972,3169,0,869.2,1405.4453465795896,3212,0,543.25,1151.3987725081754,3169,2,0,0,0,25,14,2,2,1,0,0,0,10,7,0,1,1,0,0,0,15,7,2,1,18.89223826513594,0,10,168,239,4051,8237,314,582,314,314,2255,4427,336,612,1,0,0,0,0,8652.011904761905,6147.510040160642,0,0,0,0,168,4079,8897,1796,4533,FTP-Patator,FTPPATATOR,4,357533
441,8578,28,2159,8578,11,853,8578,17,1306,60,77.10714285714286,12.470229098000312,100,66,77.54545454545455,8.548258727526168,90,60,76.82352941176471,14.714938388070331,100,0,317.7037037037037,903.026229060026,3135,0,857.8,1386.6609615267253,3178,0,536.125,1135.1508490064216,3135,2,0,0,0,25,14,2,2,1,0,0,0,10,7,0,1,1,0,0,0,15,7,2,1,19.078784028338912,0,10,190,261,4601,8787,358,626,358,358,2563,4735,380,656,1,0,0,0,0,8691.636842105263,6378.608856088561,0,0,0,0,190,4321,9513,2038,5149,FTP-Patator,FTPPATATOR,4,357555
442,9364,28,2148,9364,11,842,9364,17,1306,60,76.71428571428572,12.162045219260778,100,66,76.54545454545453,7.271363508498754,84,60,76.82352941176471,14.714938388070331,100,0,346.8148148148148,972.8253474777252,3320,0,936.4,1487.710186830755,3367,0,585.25,1221.3052307538303,3320,2,0,0,0,25,14,2,2,1,0,0,0,10,7,0,1,1,0,0,0,15,7,2,1,18.138357147217054,0,10,226,297,5501,9687,430,698,430,430,3067,5239,452,728,1,0,0,0,0,8735.769911504425,6682.332247557003,0,0,0,0,226,4717,10521,2434,6157,FTP-Patator,FTPPATATOR,4,357591
443,9467,28,2166,9467,11,860,9467,17,1306,60,77.35714285714288,12.673139532431009,100,66,78.18181818181817,9.2716576923243,92,60,76.82352941176471,14.714938388070331,100,0,350.6296296296297,995.7970579524628,3273,0,946.7,1525.3819230314457,3316,0,591.6875000000002,1251.6673529736245,3273,2,0,0,0,25,14,2,2,1,0,0,0,10,7,0,1,1,0,0,0,15,7,2,1,19.485036994233976,0,10,254,329,6202,10638,487,771,487,487,3459,5761,508,800,1,0,0,0,0,8775.594488188977,6810.769911504425,0,0,0,0,254,5156,11565,2743,6943,FTP-Patator,FTPPATATOR,4,357619
444,9443,28,2165,9443,11,859,9443,17,1306,60,77.32142857142856,12.748430757253484,100,66,78.09090909090911,9.55462762701452,96,60,76.82352941176471,14.714938388070331,100,0,349.7407407407408,1001.4719010840836,3413,0,944.3,1538.784083474857,3460,0,590.1875,1259.797032263531,3413,2,0,0,0,25,14,2,2,1,0,0,0,10,7,0,1,1,0,0,0,15,7,2,1,20.42057785666214,0,8,286,342,7002,10886,551,811,551,551,3907,5928,572,810,1,0,0,0,0,8846.524475524475,7279.82,0,0,0,0,286,5221,11874,3095,7839,FTP-Patator,FTPPATATOR,4,357651
445,9155,28,2158,9155,11,852,9155,17,1306,60,77.07142857142857,12.451174484029448,100,66,77.45454545454545,8.47777843970502,89,60,76.82352941176471,14.714938388070331,100,0,339.0740740740741,964.2429842957284,3319,0,915.5,1478.4651388066836,3362,0,572.1874999999999,1212.1601224673248,3319,2,0,0,0,25,14,2,2,1,0,0,0,10,7,0,1,1,0,0,0,15,7,2,1,18.89223826513594,0,0,350,350,8752,9477,702,742,702,662,4900,5258,700,740,1,0,0,0,0,9061.945714285714,8608.94,0,0,0,0,350,4283,10509,3852,9804,FTP-Patator,FTPPATATOR,4,357819
446,8972,28,2164,8972,11,858,8972,17,1306,60,77.28571428571429,12.59587570024747,100,66,78.0,9.0,90,60,76.82352941176471,14.714938388070331,100,0,332.2962962962963,933.9406921877944,3263,0,897.2,1428.1915371079142,3307,0,560.75,1172.7198869863737,3263,2,0,0,0,25,14,2,2,1,0,0,0,10,7,0,1,1,0,0,0,15,7,2,1,19.078784028338912,0,0,350,350,8752,9935,702,746,702,650,4900,5546,700,746,1,0,0,0,0,9014.294285714286,10899.8,0,0,0,0,350,4457,10956,3852,9804,FTP-Patator,FTPPATATOR,4,357922
447,8667,28,2167,8667,11,861,8667,17,1306,60,77.39285714285715,12.781176221634126,100,66,78.27272727272727,9.654956334348787,96,60,76.82352941176471,14.714938388070331,100,0,321.00000000000006,910.655596471364,3032,0,866.7,1397.2569198254128,3075,0,541.6874999999999,1144.5241059788416,3032,2,0,0,0,25,14,2,2,1,0,0,0,10,7,0,1,1,0,0,0,15,7,2,1,20.42057785666214,0,0,350,350,8751,9858,701,743,701,651,4900,5514,700,744,1,0,0,0,0,8981.997142857143,10878.105714285712,0,0,0,0,350,4402,10879,3851,9802,FTP-Patator,FTPPATATOR,4,357981
448,9061,28,2145,9061,11,839,9061,17,1306,60,76.60714285714285,12.102461597525384,100,66,76.27272727272725,6.987000917287891,83,60,76.82352941176471,14.714938388070331,100,0,335.59259259259267,953.2647650315791,3164,0,906.1,1462.6711067997026,3208,0,566.3125,1198.226062073987,3164,2,0,0,0,25,14,2,2,1,0,0,0,10,7,0,1,1,0,0,0,15,7,2,1,18.02544497832624,0,0,350,350,8751,9681,701,737,701,657,4900,5406,700,738,1,0,0,0,0,8960.98,10936.054285714286,0,0,0,0,350,4325,10705,3851,9802,FTP-Patator,FTPPATATOR,4,358054
449,9772,28,2162,9771,11,856,9772,17,1306,60,77.21428571428572,12.526585485093053,100,66,77.81818181818181,8.750064934823993,89,60,76.82352941176471,14.714938388070331,100,0,361.92592592592587,1023.5421499691809,3420,0,977.1,1565.785457845359,3463,0,610.75,1286.0106531440554,3420,2,0,0,0,25,14,2,2,1,0,0,0,10,7,0,1,1,0,0,0,15,7,2,1,18.89223826513594,0,0,350,350,8751,9699,701,730,701,662,4900,5436,700,732,1,0,0,0,0,9091.197142857143,11160.42857142857,0,0,0,0,350,4315,10725,3851,9802,FTP-Patator,FTPPATATOR,4,358142
450,8604,28,2157,8603,11,851,8604,17,1306,60,77.03571428571428,12.405142729431454,100,66,77.36363636363636,8.29786390913622,90,60,76.82352941176471,14.714938388070331,100,0,318.66666666666663,902.1161020281488,3072,0,860.3000000000001,1384.117693293778,3114,0,537.75,1133.5596146652367,3072,2,0,0,0,25,14,2,2,1,0,0,0,10,7,0,1,1,0,0,0,15,7,2,1,19.078784028338912,0,0,350,350,8751,9265,701,725,701,661,4900,5134,700,724,1,0,0,0,0,9139.42,8675.297142857144,0,0,0,0,350,4185,10288,3851,9802,FTP-Patator,FTPPATATOR,4,358225
451,8867,28,2177,8867,11,871,8866,17,1306,60,77.75000000000001,13.62357705787477,109,66,79.1818181818182,12.2867260229744,109,60,76.82352941176471,14.714938388070331,100,0,328.40740740740733,945.9759819385258,3605,0,886.7,1456.0617393808852,3650,0,554.125,1190.681478537956,3605,2,0,0,0,25,14,2,2,1,0,0,0,10,7,0,1,1,0,0,0,15,7,2,1,24.3635656941535,0,0,350,350,8751,9284,701,725,701,669,4900,5154,700,724,1,0,0,0,0,9175.365714285714,8799.957142857143,0,0,0,0,350,4184,10315,3851,9802,FTP-Patator,FTPPATATOR,4,358267
452,8750,28,2165,8750,11,859,8750,17,1306,60,77.32142857142857,12.622888005020942,100,66,78.09090909090911,9.09345418919066,89,60,76.82352941176471,14.714938388070331,100,0,324.07407407407413,921.1196750913836,3188,0,875.0,1414.3559193734322,3233,0,546.875,1157.8934248597034,3188,2,0,0,0,25,14,2,2,1,0,0,0,10,7,0,1,1,0,0,0,15,7,2,1,18.89223826513594,0,0,350,350,8751,9420,701,729,701,665,4900,5228,700,728,1,0,0,0,0,9154.748571428572,8719.957142857143,0,0,0,0,350,4256,10449,3851,9802,FTP-Patator,FTPPATATOR,4,358295
453,9791,28,2164,9791,11,858,9791,17,1306,60,77.28571428571426,12.631111334517382,100,66,78.0,9.1323600454647,93,60,76.82352941176471,14.714938388070331,100,0,362.6296296296297,1030.6112505972123,3449,0,979.1,1578.454972433487,3493,0,611.9375000000001,1295.509653572678,3449,2,0,0,0,25,14,2,2,1,0,0,0,10,7,0,1,1,0,0,0,15,7,2,1,19.704060495238032,0,0,350,350,8751,9451,701,737,701,657,4900,5236,700,736,1,0,0,0,0,9026.56,8462.108571428571,0,0,0,0,350,4279,10476,3851,9802,FTP-Patator,FTPPATATOR,4,358457
454,8866,28,2157,8866,11,851,8866,17,1306,60,77.03571428571428,12.387216059031246,100,66,77.36363636363636,8.225238322051554,88,60,76.82352941176471,14.714938388070331,100,0,328.37037037037044,930.2002740579844,3019,0,886.6,1426.3467086698568,3063,0,554.1250000000001,1168.925824564302,3019,2,0,0,0,25,14,2,2,1,0,0,0,10,7,0,1,1,0,0,0,15,7,2,1,18.717193521821944,0,0,350,350,8751,9684,701,747,701,655,4900,5366,700,746,1,0,0,0,0,9039.148571428572,8462.288571428571,0,0,0,0,350,4398,10712,3851,9802,FTP-Patator,FTPPATATOR,4,358487
455,8336,28,2158,8335,11,852,8336,17,1306,60,77.07142857142858,12.4303349718834,100,66,77.45454545454545,8.394803587501453,90,60,76.82352941176471,14.714938388070331,100,0,308.7407407407408,882.0898956714016,3101,0,833.5,1355.856617296485,3142,0,521.0000000000001,1109.3845140437106,3101,2,0,0,0,25,14,2,2,1,0,0,0,10,7,0,1,1,0,0,0,15,7,2,1,19.078784028338912,0,0,350,350,8750,9625,700,742,700,658,4900,5366,700,742,1,0,0,0,0,9059.511428571428,8581.234285714285,0,0,0,0,350,4347,10654,3850,9800,FTP-Patator,FTPPATATOR,4,358547
456,9139,28,2159,9139,11,853,9139,17,1306,60,77.10714285714286,12.488036603127735,100,66,77.54545454545455,8.618162639027373,90,60,76.82352941176471,14.714938388070331,100,0,338.4814814814815,968.4098135353478,3493,0,913.9,1486.968313941715,3537,0,571.1875,1218.1044409929168,3493,2,0,0,0,25,14,2,2,1,0,0,0,10,7,0,1,1,0,0,0,15,7,2,1,19.078784028338912,0,0,350,350,8750,9704,700,748,700,652,4900,5406,700,748,1,0,0,0,0,9058.011428571428,8505.897142857142,0,0,0,0,350,4392,10730,3850,9800,FTP-Patator,FTPPATATOR,4,358585
457,8052,28,2158,8052,11,852,8052,17,1306,60,77.07142857142858,12.415428190072912,100,66,77.45454545454545,8.33503013028311,89,60,76.82352941176471,14.714938388070331,100,0,298.22222222222223,847.4817598823785,2924,0,805.1999999999999,1303.1756767391128,2969,0,503.25000000000006,1065.3030554729485,2924,2,0,0,0,25,14,2,2,1,0,0,0,10,7,0,1,1,0,0,0,15,7,2,1,18.89223826513594,0,0,350,350,8750,9572,700,744,700,656,4900,5328,700,744,1,0,0,0,0,9078.465714285714,8561.774285714286,0,0,0,0,350,4334,10600,3850,9800,FTP-Patator,FTPPATATOR,4,358628
458,9125,28,2160,9125,11,854,9125,17,1306,60,77.14285714285717,12.47431222987727,100,66,77.63636363636364,8.55888692848232,89,60,76.82352941176471,14.714938388070331,100,0,337.962962962963,963.722409820838,3405,0,912.5,1478.040839159129,3448,0,570.3124999999999,1211.8240641693828,3405,2,0,0,0,25,14,2,2,1,0,0,0,10,7,0,1,1,0,0,0,15,7,2,1,18.89223826513594,0,0,350,350,8750,9548,700,740,700,660,4900,5324,700,740,1,0,0,0,0,9074.245714285717,8598.177142857143,0,0,0,0,350,4316,10578,3850,9800,FTP-Patator,FTPPATATOR,4,358643
459,8472,28,2156,8471,11,850,8472,17,1306,60,77.0,12.355835328567093,100,66,77.27272727272728,8.100505034760602,87,60,76.82352941176471,14.714938388070331,100,0,313.77777777777777,889.8311565569544,3241,0,847.0999999999999,1365.691314560749,3283,0,529.5,1118.310988351034,3241,2,0,0,0,25,14,2,2,1,0,0,0,10,7,0,1,1,0,0,0,15,7,2,1,18.55397531527948,0,0,350,350,8750,9533,700,736,700,664,4900,5320,700,736,1,0,0,0,0,8985.762857142858,8579.502857142857,0,0,0,0,350,4303,10565,3850,9800,FTP-Patator,FTPPATATOR,4,358697
460,8589,28,2158,8589,11,852,8589,17,1306,60,77.07142857142858,12.415428190072912,100,66,77.45454545454545,8.335030130283108,89,60,76.82352941176471,14.714938388070331,100,0,318.1111111111112,903.6209779519684,3145,0,858.9,1388.84687980913,3193,0,536.8124999999999,1135.8248232745518,3145,2,0,0,0,25,14,2,2,1,0,0,0,10,7,0,1,1,0,0,0,15,7,2,1,18.89223826513594,0,0,350,350,8750,9364,700,730,700,670,4900,5218,700,730,1,0,0,0,0,8991.482857142857,8649.08,0,0,0,0,350,4204,10399,3850,9800,FTP-Patator,FTPPATATOR,4,358950
461,9872,28,2157,9872,11,851,9872,17,1306,60,77.03571428571428,12.405142729431455,100,66,77.36363636363636,8.297863909136222,90,60,76.82352941176471,14.714938388070331,100,0,365.6296296296297,1038.9250046284214,3465,0,987.2,1590.6423440442754,3509,0,617.0,1305.936700865194,3465,2,0,0,0,25,14,2,2,1,0,0,0,10,7,0,1,1,0,0,0,15,7,2,1,19.078784028338912,0,0,350,350,8750,9594,700,738,700,662,4900,5358,700,738,1,0,0,0,0,9045.968571428572,8627.18,0,0,0,0,350,4324,10625,3850,9800,FTP-Patator,FTPPATATOR,4,358980
462,23,2,126,0,1,60,0,1,66,60,63.0,4.242640687119285,66,60,60.0,0.0,60,66,66.0,0.0,66,23,23.0,0.0,23,0,0.0,0.0,0,0,0.0,0.0,0,0,0,0,0,2,0,0,0,0,0,0,0,1,0,0,0,0,0,0,0,1,0,0,0,3.4641016151377544,0,0,12,90,89,411,4,14,2,16,25,87,8,24,1,0,0,12,90,80.41666666666667,223.8,0,0,0,0,12,212,427,46,93,BENIGN,BENIGN,0,360907
463,31,2,126,0,1,60,0,1,66,60,63.0,4.242640687119285,66,60,60.0,0.0,60,66,66.0,0.0,66,31,31.0,0.0,31,0,0.0,0.0,0,0,0.0,0.0,0,0,0,0,0,2,0,0,0,0,0,0,0,1,0,0,0,0,0,0,0,1,0,0,0,3.4641016151377544,0,0,7,20,35,75,0,2,0,0,6,13,2,4,1,0,0,7,20,41.71428571428572,38.8,0,0,0,0,7,39,77,17,36,BENIGN,BENIGN,0,361568
464,1267,16,13351,1267,10,1352,249,6,11999,66,834.4375,1569.9694675905853,5858,66,135.2,141.70768033761144,404,66,1999.8333333333333,2179.592477199962,5858,0,84.46666666666668,258.67433101065427,1000,0,140.77777777777777,329.0914682036659,1000,0,49.8,90.08995504494382,208,3,0,0,0,14,3,1,1,2,0,0,0,8,2,1,0,1,0,0,0,6,1,0,1,2844.1333184879595,0,0,350,350,4012,4012,469,469,610,610,744,744,743,743,2,0,0,350,350,393.7057142857143,393.7057142857143,0,0,0,0,350,2686,4818,2686,4818,DoS GoldenEye,DOS,3,364041
465,164,14,12844,164,8,845,151,6,11999,60,917.4285714285714,1461.2617684877532,4410,60,105.625,113.77664523090844,387,66,1999.8333333333333,1753.071637631123,4410,0,12.615384615384617,37.71060518726454,137,0,23.428571428571427,56.05609435454555,150,0,30.2,60.00999916680553,137,2,0,0,0,11,2,3,1,1,0,0,0,5,1,3,0,1,0,0,0,6,1,0,1,2124.99747058673,0,0,350,350,4144,4144,517,517,692,692,763,763,754,754,2,0,0,350,350,351.8285714285714,351.8285714285714,0,0,0,0,350,2813,5027,2813,5027,DoS GoldenEye,DOS,3,364699
466,12,15,12914,12,8,849,8,7,12065,60,860.9333333333334,1425.1695872354812,4410,60,106.125,117.62705896178822,397,66,1723.571428571429,1759.3449403251254,4410,0,0.8571428571428571,1.4600918230947435,5,0,1.7142857142857144,1.889822365046136,5,0,1.3333333333333333,1.96638416050035,5,2,0,0,0,11,2,3,2,1,0,0,0,4,1,3,1,1,0,0,0,7,1,0,1,2123.679413188346,0,0,350,350,4042,4190,490,494,597,591,743,835,732,736,2,0,0,350,348,253.60285714285715,258.74857142857144,0,0,0,0,350,2741,4944,2671,4800,DoS GoldenEye,DOS,3,365003
467,142,15,12960,142,8,895,131,7,12065,60,864.0,1424.1491193992697,4410,60,111.875,133.8788764944962,443,66,1723.571428571429,1759.3449403251254,4410,0,10.142857142857146,28.30834925181328,107,0,20.285714285714285,43.86613836706048,119,0,21.833333333333336,42.13510017392467,107,2,0,0,0,11,2,3,2,1,0,0,0,4,1,3,1,1,0,0,0,7,1,0,1,2117.757835542109,0,0,350,350,4096,4096,481,481,666,666,700,700,700,700,2,0,0,350,350,57.08,57.08,0,0,0,0,350,2653,4893,2653,4893,DoS GoldenEye,DOS,3,366108
468,1000,14,12956,1000,8,957,1,6,11999,66,925.4285714285712,1848.910478104323,5858,66,119.625,145.2543950650523,479,66,1999.8333333333333,2536.6035887908592,5858,0,76.92307692307692,276.7494238291086,998,0,142.85714285714283,377.0828505653316,998,0,0.2,0.447213595499958,1,3,0,0,0,12,2,1,1,2,0,0,0,6,1,1,0,1,0,0,0,6,1,0,1,2833.8623084640744,0,0,350,350,4128,4128,506,506,695,695,779,779,747,747,2,0,0,350,350,360.5885714285714,360.5885714285714,0,0,0,0,350,2780,5007,2780,5007,DoS GoldenEye,DOS,3,366989
469,19,15,12897,19,8,832,10,7,12065,60,859.8000000000001,1425.5715745923508,4410,60,104.0,111.62181046474998,380,66,1723.571428571429,1759.3449403251254,4410,0,1.3571428571428572,2.307417566062941,7,0,2.7142857142857144,2.984084768360628,7,0,1.6666666666666663,2.7325202042558927,7,2,0,0,0,11,2,3,2,1,0,0,0,4,1,3,1,1,0,0,0,7,1,0,1,2125.9266214994345,0,0,350,350,4085,4085,571,571,622,622,712,712,700,700,2,0,0,350,350,11.131428571428572,11.131428571428572,0,0,0,0,350,2632,4834,2632,4834,DoS GoldenEye,DOS,3,368005
470,170,15,12885,170,8,820,159,7,12065,60,859.0000000000002,1620.9854586463316,4410,60,102.5,107.38315909463113,368,66,1723.571428571429,2117.186486601409,4410,0,12.142857142857146,36.23610002545728,137,0,24.285714285714285,54.38355843976586,147,0,26.5,54.40496300890205,137,2,0,0,0,11,2,3,2,1,0,0,0,4,1,3,1,1,0,0,0,7,1,0,1,2127.531903403566,0,0,350,350,4107,4107,477,477,631,631,833,833,714,714,2,0,0,350,350,400.9742857142857,400.9742857142857,0,0,0,0,350,2786,4918,2786,4918,DoS GoldenEye,DOS,3,368699
471,1150,16,13000,1150,9,935,139,7,12065,60,812.5000000000001,1578.210336636618,5858,60,103.88888888888889,114.54523609086112,409,66,1723.571428571429,2118.4399808304584,5858,0,76.66666666666667,256.5281011247436,998,0,143.75,347.7797948620444,998,0,23.166666666666664,44.91955773008753,114,3,0,0,0,11,2,3,2,2,0,0,0,4,1,3,1,1,0,0,0,7,1,0,1,2844.514530929077,0,0,350,350,3984,3984,472,472,615,615,755,755,728,728,2,0,0,350,350,375.57428571428574,375.57428571428574,0,0,0,0,350,2684,4801,2684,4801,DoS Hulk,DOS,3,369249
472,157,15,12937,157,8,872,151,7,12065,60,862.4666666666666,1525.211875991879,5858,60,109.0,120.87301483079553,408,66,1723.571428571429,1946.5062596990588,5858,0,11.214285714285715,37.18183711153888,140,0,22.428571428571427,53.30996511865658,143,0,25.166666666666664,56.42842073518155,140,2,0,0,0,13,2,2,1,1,0,0,0,6,1,2,0,1,0,0,0,7,1,0,1,2844.653933257963,0,0,350,350,3992,3992,465,465,600,600,753,753,732,732,2,0,0,350,350,385.2028571428572,385.2028571428572,0,0,0,0,350,2682,4791,2682,4791,DoS Hulk,DOS,3,369263
473,170,16,12950,170,8,819,157,8,12131,60,809.3749999999999,1488.0679139967592,5858,60,102.375,107.02995241653484,367,66,1516.375,1895.0092300943704,5858,0,11.333333333333334,34.2463067177984,134,0,24.285714285714285,53.903352665408754,146,0,22.42857142857143,49.49699365569975,134,2,0,0,0,12,2,3,2,1,0,0,0,4,1,3,1,1,0,0,0,8,1,0,1,2850.439074364977,0,0,350,350,4141,4141,504,504,665,665,788,788,741,741,2,0,0,350,350,344.1857142857143,344.1857142857143,0,0,0,0,350,2821,5003,2821,5003,DoS Hulk,DOS,3,369531
474,163,14,12892,163,8,893,152,6,11999,60,920.857142857143,1760.5650254367797,5858,60,111.625,133.17221664339107,441,66,1999.8333333333333,2364.171095049313,5858,0,12.53846153846154,36.11466780643608,132,0,23.285714285714285,52.10794656516505,141,0,30.4,56.98508576812007,132,2,0,0,0,10,2,3,2,1,0,0,0,4,1,3,1,1,0,0,0,6,1,0,1,2840.096521247121,0,0,350,350,4011,4011,537,537,677,677,747,747,747,747,2,0,0,350,350,364.0685714285714,364.0685714285714,0,0,0,0,350,2711,4945,2711,4945,DoS Hulk,DOS,3,371732
475,1133,18,13143,1133,10,1012,122,8,12131,60,730.1666666666666,1326.885262560407,4410,60,101.2,114.25196327026994,426,66,1516.375,1728.424380551754,4410,0,66.64705882352942,241.5002435755683,999,0,125.88888888888889,329.2941103498681,999,0,17.428571428571423,37.60255817032108,102,3,0,0,0,12,2,4,2,2,0,0,0,4,1,4,1,1,0,0,0,8,1,0,1,2119.919102230083,0,0,350,350,4114,4114,541,541,696,696,764,764,751,751,2,0,0,350,350,350.95428571428573,350.95428571428573,0,0,0,0,350,2778,5051,2778,5051,DoS Hulk,DOS,3,371790
476,182,12,12798,182,6,799,169,6,11999,66,1066.4999999999998,1766.7502524537686,5858,66,133.16666666666666,160.6367537852613,461,66,1999.8333333333333,2179.592477199962,5858,0,16.545454545454543,42.45789358026053,142,0,36.4,66.74803367890323,154,0,33.8,61.60519458617106,142,2,0,0,0,11,2,1,1,1,0,0,0,5,1,1,0,1,0,0,0,6,1,0,1,2836.2855257067004,0,0,350,350,4090,4090,495,495,662,662,758,758,753,753,2,0,0,350,350,369.4685714285714,369.4685714285714,0,0,0,0,350,2750,4943,2750,4943,DoS Hulk,DOS,3,372511
477,2,14,12858,2,8,859,1,6,11999,66,918.4285714285714,1851.0198317636728,5858,66,107.375,113.82811289709711,389,66,1999.8333333333333,2536.6035887908592,5858,0,0.1538461538461538,0.3755338080994054,1,0,0.2857142857142857,0.4879500364742666,1,0,0.2,0.447213595499958,1,2,0,0,0,13,2,1,1,1,0,0,0,7,1,1,0,1,0,0,0,6,1,0,1,2846.242362015809,0,0,350,350,4129,4422,459,469,552,543,720,903,742,750,2,0,0,350,346,287.2,302.27142857142854,0,0,0,0,350,2802,5122,2670,4832,DoS Hulk,DOS,3,372660
478,4,13,12827,4,7,828,1,6,11999,66,986.6923076923076,1908.719439162261,5858,66,118.28571428571428,134.84029353981975,424,66,1999.8333333333333,2536.6035887908592,5858,0,0.3333333333333333,0.6513389472789296,2,0,0.6666666666666666,0.816496580927726,2,0,0.2,0.447213595499958,1,2,0,0,0,12,2,1,1,1,0,0,0,6,1,1,0,1,0,0,0,6,1,0,1,2841.349620632186,0,0,350,350,4299,4586,361,371,375,369,686,870,700,705,2,0,0,350,346,72.35142857142857,81.51428571428572,0,0,0,0,350,2767,4994,2638,4709,DoS Hulk,DOS,3,372877
479,0,2,120,0,1,60,0,1,60,60,60.0,0.0,60,60,60.0,0.0,60,60,60.0,0.0,60,0,0.0,0.0,0,0,0.0,0.0,0,0,0.0,0.0,0,1,0,0,0,1,0,1,0,1,0,0,0,0,0,0,0,0,0,0,0,1,0,1,0,0.0,0,0,350,350,349,349,0,0,349,349,0,0,350,350,350,0,0,0,0,0.0514285714285714,0.0514285714285714,0,0,0,0,0,350,699,350,699,PortScan,PORTSCAN,6,375644
480,0,2,120,0,1,60,0,1,60,60,60.0,0.0,60,60,60.0,0.0,60,60,60.0,0.0,60,0,0.0,0.0,0,0,0.0,0.0,0,0,0.0,0.0,0,1,0,0,0,1,0,1,0,1,0,0,0,0,0,0,0,0,0,0,0,1,0,1,0,0.0,0,0,350,350,349,349,0,0,349,349,0,0,350,350,350,0,0,0,0,0.0457142857142857,0.0457142857142857,0,0,0,0,1,350,699,350,699,PortScan,PORTSCAN,6,375664
481,0,2,120,0,1,60,0,1,60,60,60.0,0.0,60,60,60.0,0.0,60,60,60.0,0.0,60,0,0.0,0.0,0,0,0.0,0.0,0,0,0.0,0.0,0,1,0,0,0,1,0,1,0,1,0,0,0,0,0,0,0,0,0,0,0,1,0,1,0,0.0,0,0,350,350,349,349,0,0,349,349,0,0,350,350,350,0,0,0,0,0.0485714285714285,0.0485714285714285,0,0,0,0,1,350,699,350,699,PortScan,PORTSCAN,6,375818
482,0,2,120,0,1,60,0,1,60,60,60.0,0.0,60,60,60.0,0.0,60,60,60.0,0.0,60,0,0.0,0.0,0,0,0.0,0.0,0,0,0.0,0.0,0,1,0,0,0,1,0,1,0,1,0,0,0,0,0,0,0,0,0,0,0,1,0,1,0,0.0,0,0,350,350,350,350,0,0,350,350,0,0,355,355,350,0,0,3,3,0.0628571428571428,0.0628571428571428,1,1,0,0,13,355,705,355,705,PortScan,PORTSCAN,6,375972
483,0,2,120,0,1,60,0,1,60,60,60.0,0.0,60,60,60.0,0.0,60,60,60.0,0.0,60,0,0.0,0.0,0,0,0.0,0.0,0,0,0.0,0.0,0,1,0,0,0,1,0,1,0,1,0,0,0,0,0,0,0,0,0,0,0,1,0,1,0,0.0,0,0,350,350,349,349,0,0,349,349,0,0,355,355,350,0,0,3,3,0.0628571428571428,0.0628571428571428,1,1,0,0,13,355,704,355,704,PortScan,PORTSCAN,6,375995
484,0,2,120,0,1,60,0,1,60,60,60.0,0.0,60,60,60.0,0.0,60,60,60.0,0.0,60,0,0.0,0.0,0,0,0.0,0.0,0,0,0.0,0.0,0,1,0,0,0,1,0,1,0,1,0,0,0,0,0,0,0,0,0,0,0,1,0,1,0,0.0,0,0,350,350,349,349,0,0,349,349,0,0,355,355,350,0,0,3,3,0.0714285714285714,0.0714285714285714,1,1,0,0,12,355,704,355,704,PortScan,PORTSCAN,6,376023
485,0,2,120,0,1,60,0,1,60,60,60.0,0.0,60,60,60.0,0.0,60,60,60.0,0.0,60,0,0.0,0.0,0,0,0.0,0.0,0,0,0.0,0.0,0,1,0,0,0,1,0,1,0,1,0,0,0,0,0,0,0,0,0,0,0,1,0,1,0,0.0,0,0,350,350,349,349,0,0,349,349,0,0,355,355,350,0,0,3,3,0.0657142857142857,0.0657142857142857,1,1,0,0,12,355,704,355,704,PortScan,PORTSCAN,6,376104
486,0,2,120,0,1,60,0,1,60,60,60.0,0.0,60,60,60.0,0.0,60,60,60.0,0.0,60,0,0.0,0.0,0,0,0.0,0.0,0,0,0.0,0.0,0,1,0,0,0,1,0,1,0,1,0,0,0,0,0,0,0,0,0,0,0,1,0,1,0,0.0,0,0,350,350,349,349,0,0,349,349,0,0,355,355,350,0,0,3,3,0.0714285714285714,0.0714285714285714,1,1,0,0,12,355,704,355,704,PortScan,PORTSCAN,6,376165
487,0,2,120,0,1,60,0,1,60,60,60.0,0.0,60,60,60.0,0.0,60,60,60.0,0.0,60,0,0.0,0.0,0,0,0.0,0.0,0,0,0.0,0.0,0,1,0,0,0,1,0,1,0,1,0,0,0,0,0,0,0,0,0,0,0,1,0,1,0,0.0,0,0,350,350,350,350,0,0,350,350,0,0,350,350,350,0,0,0,0,0.0571428571428571,0.0571428571428571,0,0,0,0,0,350,700,350,700,PortScan,PORTSCAN,6,376658
488,0,2,120,0,1,60,0,1,60,60,60.0,0.0,60,60,60.0,0.0,60,60,60.0,0.0,60,0,0.0,0.0,0,0,0.0,0.0,0,0,0.0,0.0,0,1,0,0,0,1,0,1,0,1,0,0,0,0,0,0,0,0,0,0,0,1,0,1,0,0.0,0,0,350,350,350,350,0,0,350,350,0,0,350,350,350,0,0,0,0,0.0457142857142857,0.0457142857142857,0,0,0,0,1,350,700,350,700,PortScan,PORTSCAN,6,377399
489,0,2,120,0,1,60,0,1,60,60,60.0,0.0,60,60,60.0,0.0,60,60,60.0,0.0,60,0,0.0,0.0,0,0,0.0,0.0,0,0,0.0,0.0,0,1,0,0,0,1,0,1,0,1,0,0,0,0,0,0,0,0,0,0,0,1,0,1,0,0.0,0,0,350,350,350,350,0,0,350,350,0,0,350,350,350,0,0,0,0,0.0657142857142857,0.0657142857142857,0,0,0,0,0,350,700,350,700,PortScan,PORTSCAN,6,377815
490,0,2,120,0,1,60,0,1,60,60,60.0,0.0,60,60,60.0,0.0,60,60,60.0,0.0,60,0,0.0,0.0,0,0,0.0,0.0,0,0,0.0,0.0,0,1,0,0,0,1,0,1,0,1,0,0,0,0,0,0,0,0,0,0,0,1,0,1,0,0.0,0,0,350,350,350,350,0,0,350,350,0,0,350,350,350,0,0,0,0,0.0571428571428571,0.0571428571428571,0,0,0,0,1,350,700,350,700,PortScan,PORTSCAN,6,378309
491,0,2,120,0,1,60,0,1,60,60,60.0,0.0,60,60,60.0,0.0,60,60,60.0,0.0,60,0,0.0,0.0,0,0,0.0,0.0,0,0,0.0,0.0,0,1,0,0,0,1,0,1,0,1,0,0,0,0,0,0,0,0,0,0,0,1,0,1,0,0.0,0,0,350,350,349,349,0,0,349,349,0,0,350,350,350,0,0,0,0,0.0514285714285714,0.0514285714285714,0,0,0,0,0,350,699,350,699,PortScan,PORTSCAN,6,378639
492,1,2,120,0,1,60,0,1,60,60,60.0,0.0,60,60,60.0,0.0,60,60,60.0,0.0,60,1,1.0,0.0,1,0,0.0,0.0,0,0,0.0,0.0,0,1,0,0,0,1,0,1,0,1,0,0,0,0,0,0,0,0,0,0,0,1,0,1,0,0.0,0,0,350,350,350,350,0,0,350,350,0,0,350,350,350,0,0,0,0,0.0571428571428571,0.0571428571428571,0,0,0,0,0,350,700,350,700,PortScan,PORTSCAN,6,378702
493,0,2,120,0,1,60,0,1,60,60,60.0,0.0,60,60,60.0,0.0,60,60,60.0,0.0,60,0,0.0,0.0,0,0,0.0,0.0,0,0,0.0,0.0,0,1,0,0,0,1,0,1,0,1,0,0,0,0,0,0,0,0,0,0,0,1,0,1,0,0.0,0,0,350,350,350,350,0,0,350,350,0,0,350,350,350,0,0,0,0,0.0514285714285714,0.0514285714285714,0,0,0,0,0,350,700,350,700,PortScan,PORTSCAN,6,378798
494,0,2,120,0,1,60,0,1,60,60,60.0,0.0,60,60,60.0,0.0,60,60,60.0,0.0,60,0,0.0,0.0,0,0,0.0,0.0,0,0,0.0,0.0,0,1,0,0,0,1,0,1,0,1,0,0,0,0,0,0,0,0,0,0,0,1,0,1,0,0.0,0,0,350,350,350,350,0,0,350,350,0,0,355,355,350,0,0,3,3,0.0685714285714285,0.0685714285714285,1,1,0,0,12,355,705,355,705,PortScan,PORTSCAN,6,378998
495,0,2,120,0,1,60,0,1,60,60,60.0,0.0,60,60,60.0,0.0,60,60,60.0,0.0,60,0,0.0,0.0,0,0,0.0,0.0,0,0,0.0,0.0,0,1,0,0,0,1,0,1,0,1,0,0,0,0,0,0,0,0,0,0,0,1,0,1,0,0.0,0,0,350,350,350,350,0,0,350,350,0,0,355,355,350,0,0,3,3,0.0571428571428571,0.0571428571428571,1,1,0,0,12,355,705,355,705,PortScan,PORTSCAN,6,379087
496,0,2,120,0,1,60,0,1,60,60,60.0,0.0,60,60,60.0,0.0,60,60,60.0,0.0,60,0,0.0,0.0,0,0,0.0,0.0,0,0,0.0,0.0,0,1,0,0,0,1,0,1,0,1,0,0,0,0,0,0,0,0,0,0,0,1,0,1,0,0.0,0,0,350,350,349,349,0,0,349,349,0,0,350,350,350,0,0,0,0,0.0485714285714285,0.0485714285714285,0,0,0,0,0,350,699,350,699,PortScan,PORTSCAN,6,379399
497,0,2,120,0,1,60,0,1,60,60,60.0,0.0,60,60,60.0,0.0,60,60,60.0,0.0,60,0,0.0,0.0,0,0,0.0,0.0,0,0,0.0,0.0,0,1,0,0,0,1,0,1,0,1,0,0,0,0,0,0,0,0,0,0,0,1,0,1,0,0.0,0,0,350,350,350,350,0,0,350,350,0,0,355,355,350,0,0,3,3,0.0428571428571428,0.0428571428571428,1,1,0,0,13,355,705,355,705,PortScan,PORTSCAN,6,380062
498,0,2,120,0,1,60,0,1,60,60,60.0,0.0,60,60,60.0,0.0,60,60,60.0,0.0,60,0,0.0,0.0,0,0,0.0,0.0,0,0,0.0,0.0,0,1,0,0,0,1,0,1,0,1,0,0,0,0,0,0,0,0,0,0,0,1,0,1,0,0.0,0,0,350,350,350,350,0,0,350,350,0,0,355,355,350,0,0,3,3,0.0457142857142857,0.0457142857142857,1,1,0,0,12,355,705,355,705,PortScan,PORTSCAN,6,380133
499,0,2,252,0,1,94,0,1,158,94,126.0,45.254833995939045,158,94,94.0,0.0,94,158,158.0,0.0,158,0,0.0,0.0,0,0,0.0,0.0,0,0,0.0,0.0,0,0,0,0,0,0,0,0,0,0,0,0,0,0,0,0,0,0,0,0,0,0,0,0,0,36.95041722813605,350,350,0,0,0,0,0,0,0,0,0,0,0,0,2,0,0,0,0,4639.371428571429,4639.371428571429,350,350,0,0,350,386,772,386,772,BENIGN,BENIGN,0,383525
500,36,2,126,0,1,60,0,1,66,60,63.0,4.242640687119285,66,60,60.0,0.0,60,66,66.0,0.0,66,36,36.0,0.0,36,0,0.0,0.0,0,0,0.0,0.0,0,0,0,0,0,2,0,0,0,0,0,0,0,1,0,0,0,0,0,0,0,1,0,0,0,3.4641016151377544,0,0,33,85,697,1948,4,112,0,0,231,700,22,112,2,0,0,33,85,867.4848484848485,571.6117647058824,0,0,0,0,33,1033,2004,294,708,BENIGN,BENIGN,0,386243
