bidirectional_duration_ms,bidirectional_packets,bidirectional_bytes,src2dst_duration_ms,src2dst_packets,src2dst_bytes,dst2src_duration_ms,dst2src_packets,dst2src_bytes,bidirectional_min_ps,bidirectional_mean_ps,bidirectional_stddev_ps,bidirectional_max_ps,src2dst_min_ps,src2dst_mean_ps,src2dst_stddev_ps,src2dst_max_ps,dst2src_min_ps,dst2src_mean_ps,dst2src_stddev_ps,dst2src_max_ps,bidirectional_min_piat_ms,bidirectional_mean_piat_ms,bidirectional_stddev_piat_ms,bidirectional_max_piat_ms,src2dst_min_piat_ms,src2dst_mean_piat_ms,src2dst_stddev_piat_ms,src2dst_max_piat_ms,dst2src_min_piat_ms,dst2src_mean_piat_ms,dst2src_stddev_piat_ms,dst2src_max_piat_ms,bidirectional_syn_packets,bidirectional_cwr_packets,bidirectional_ece_packets,bidirectional_urg_packets,bidirectional_ack_packets,bidirectional_psh_packets,bidirectional_rst_packets,bidirectional_fin_packets,src2dst_syn_packets,src2dst_cwr_packets,src2dst_ece_packets,src2dst_urg_packets,src2dst_ack_packets,src2dst_psh_packets,src2dst_rst_packets,src2dst_fin_packets,dst2src_syn_packets,dst2src_cwr_packets,dst2src_ece_packets,dst2src_urg_packets,dst2src_ack_packets,dst2src_psh_packets,dst2src_rst_packets,dst2src_fin_packets,udps.srcdst_packet_size_variation,udps.srcdst_udp_packet_count,udps.udp_packet_count,udps.srcdst_tcp_packet_count,udps.tcp_packet_count,udps.srcdst_ack_packet_count,udps.ack_packet_count,udps.srcdst_fin_packet_count,udps.fin_packet_count,udps.srcdst_rst_packet_count,udps.rst_packet_count,udps.srcdst_psh_packet_count,udps.psh_packet_count,udps.srcdst_syn_packet_count,udps.syn_packet_count,udps.srcdst_unique_ports_count,udps.srcdst_icmp_packet_count,udps.icmp_packet_count,udps.srcdst_http_ports_count,udps.http_ports_count,udps.srcdst_bidirectional_duration_avg,udps.bidirectional_duration_avg,udps.srcdst_dns_port_count,udps.dns_port_count,udps.srcdst_dns_port_src_count,udps.dns_port_src_count,udps.srcdst_vul_ports_count,udps.src2dst_packet_count,udps.bidirectional_packet_count,udps.srcdst_src2dst_packet_count,udps.srcdst_bidirectional_packet_count
582,14,2320,582,7,1900,581,7,420,60,165.71428571428572,211.9239444748003,751,60,271.42857142857144,266.89439680821147,751,60,60,0,60,0,44.76923076923077,151.6438557092208,549,1,97,222.1035794398641,550,0,96.83333333333334,221.7173125100218,549,0,0,0,0,14,7,0,0,0,0,0,0,7,7,0,0,0,0,0,0,7,0,0,0,345.5,0,0,115,147,12888,18991,0,0,17,44,6445,6644,25,59,1,0,0,0,0,2485.4347826086955,2070.190476190476,0,0,0,0,0,10513,19040,6468,12908
1,3,214,1,2,140,0,1,74,66,71.33333333333333,4.618802153517004,74,66,70,5.656854249492381,74,74,74,0,74,0,0.5,0.7071067811865476,1,1,1,0,1,0,0,0,0,2,0,0,0,2,0,0,0,1,0,0,0,1,0,0,0,1,0,0,0,1,0,0,0,4,0,1,350,349,3383,4004,298,328,0,0,1740,2092,316,346,1,0,0,350,339,885.8428571428572,870.9942857142858,0,0,0,0,350,2631,4179,2336,3541
0,2,120,0,1,60,0,1,60,60,60,0,60,60,60,0,60,60,60,0,60,0,0,0,0,0,0,0,0,0,0,0,0,1,0,0,0,1,0,1,0,1,0,0,0,0,0,0,0,0,0,0,0,1,0,1,0,0,0,0,350,350,350,350,0,0,350,350,0,0,350,350,350,0,0,0,0,0.04,0.04,0,0,0,0,0,350,700,350,700
68,9,866,68,5,498,68,4,368,60,96.22222222222224,70.72089114571764,252,60,99.6,85.23379611398286,252,60,92,60.06662967072483,182,0,8.5,23.23790008,66,0,17,34,68,1,22.666666666666664,37.52776749732568,66,2,0,0,0,8,2,0,2,1,0,0,0,4,1,0,1,1,0,0,0,4,1,0,1,95.04209594,0,0,68,350,720,4352,136,700,0,0,143,743,136,700,1,0,0,68,350,100.76470588235294,105.91714285714286,0,0,0,0,68,2269,4702,408,788
3265,10,1798,3265,9,1724,0,1,74,66,179.79999999999998,94.53841077,253,66,191.5555555555556,92.19559521895704,253,74,74,0,74,0,362.77777777777777,458.1666666666667,1371,0,408.125,467.7109722589674,1371,0,0,0,0,2,0,0,0,9,6,0,2,1,0,0,0,8,6,0,2,1,0,0,0,1,0,0,0,90.91158708694216,0,0,350,350,737,1125,97,125,29,29,445,642,38,66,1,0,0,350,343,177.32857142857142,185.9028571428572,0,0,0,0,350,715,1187,502,785
0,2,357,0,1,297,0,1,60,60,178.5,167.58430714121175,297,297,297,0,297,60,60,0,60,0,0,0,0,0,0,0,0,0,0,0,0,0,0,0,0,1,1,1,0,0,0,0,0,1,1,0,0,0,0,0,0,0,0,1,0,136.8320137979413,0,0,350,350,704,704,37,37,57,57,566,566,222,222,1,0,0,350,350,1083.8028571428572,1083.8028571428572,0,0,0,0,350,810,936,810,936
180871,60,32372,180871,32,25077,180835,28,7295,60,539.5333333333331,984.7287412202968,4194,60,783.6562500000001,1244.3703060863172,4194,60,260.5357142857142,435.59184787655056,1484,0,3065.610169491524,12971.184380848334,58781,0,5834.548387096775,17575.24234415884,58781,0,6697.592592592592,18749.18376532954,59015,2,0,0,0,59,24,0,2,1,0,0,0,31,13,0,1,1,0,0,0,28,11,0,1,1948.9220097274288,0,0,12,70,561,6202,19,131,3,4,254,1136,24,138,2,0,0,12,70,130801.08333333331,106270.3,0,0,0,0,12,2771,6271,282,573
24,2,126,0,1,60,0,1,66,60,63,4.242640687119285,66,60,60,0,60,66,66,0,66,24,24,0,24,0,0,0,0,0,0,0,0,0,0,0,0,2,0,0,0,0,0,0,0,1,0,0,0,0,0,0,0,1,0,0,0,3.4641016151377544,0,0,14,14,55,55,2,2,1,1,14,14,4,4,1,0,0,14,14,41.57142857142857,41.57142857142857,0,0,0,0,14,29,57,29,57
0,1,297,0,1,297,0,0,0,297,297,0,297,297,297,0,297,0,0,0,0,0,0,0,0,0,0,0,0,0,0,0,0,0,0,0,0,1,1,0,0,0,0,0,0,1,1,0,0,0,0,0,0,0,0,0,0,171.47302994931886,0,0,350,350,702,877,0,8,22,22,516,611,256,261,1,0,0,350,348,906.4942857142858,905.6542857142856,0,0,0,0,350,860,1113,772,937
1,3,214,1,2,140,0,1,74,66,71.33333333333333,4.618802153517004,74,66,70,5.656854249492381,74,74,74,0,74,0,0.5,0.7071067811865476,1,1,1,0,1,0,0,0,0,2,0,0,0,2,0,0,0,1,0,0,0,1,0,0,0,1,0,0,0,1,0,0,0,4,0,0,350,350,1974,2701,304,334,0,0,792,1198,302,334,1,0,0,350,340,724.9371428571428,743.6971428571428,0,0,0,0,350,1765,2868,1409,2125
81693,26,24778,81693,16,1000,73107,10,23778,60,953,2437.526418318374,8814,60,62.5,4.926120853842977,74,60,2377.8,3583.133600635064,8814,0,3267.72,14066.395275383573,70274,0,5446.2,18068.87785352799,70274,0,8123,24007.71676982216,72139,4,0,0,0,24,4,2,3,2,0,0,0,14,2,2,0,2,0,0,0,10,2,0,3,4374.671645,0,0,350,350,9137,9137,935,935,720,720,1475,1475,1440,1440,350,0,0,350,350,80455.21428571429,80455.21428571429,0,0,0,0,350,5866,9857,5866,9857
0,3,198,0,2,132,0,1,66,66,66,0,66,66,66,0,66,66,66,0,66,0,0,0,0,0,0,0,0,0,0,0,0,0,0,0,0,3,0,0,2,0,0,0,0,2,0,0,1,0,0,0,0,1,0,0,1,0,0,4,350,346,2895,7198,306,534,0,0,1394,3764,322,548,1,0,0,350,272,866.8142857142857,875.6828571428572,0,0,0,0,350,4069,7480,2015,3056
1028,6,374,1028,3,194,1028,3,180,60,62.33333333333333,2.9439202887759484,66,62,64.66666666666667,2.309401076758505,66,60,60,0,60,0,205.6,281.0752568263525,515,512,514,2.8284271247461903,516,513,514,1.4142135623730951,515,3,0,0,0,3,0,3,0,3,0,0,0,0,0,0,0,0,0,0,0,3,0,3,0,2.8284271247461903,0,0,250,350,2595,3289,440,492,90,312,456,511,530,804,1,0,0,250,350,207.572,364.57142857142856,0,0,0,0,250,1902,3847,1438,2905
1183,15,12962,1183,9,963,167,6,11999,66,864.1333333333334,1620.4247620682083,5858,66,107,117.05127081753534,419,66,1999.8333333333333,2179.592477199962,5858,0,84.49999999999999,265.77774115284313,997,0,147.875,348.2960306980256,997,0,33.4,67.65205097,154,3,0,0,0,13,2,1,1,2,0,0,0,7,1,1,0,1,0,0,0,6,1,0,1,2842.0425020279577,0,0,350,350,3997,3997,523,523,678,678,749,749,737,737,2,0,0,350,350,367.0514285714286,367.0514285714286,0,0,0,0,350,2725,4919,2725,4919
0,2,120,0,1,60,0,1,60,60,60,0,60,60,60,0,60,60,60,0,60,0,0,0,0,0,0,0,0,0,0,0,0,1,0,0,0,1,0,1,0,1,0,0,0,0,0,0,0,0,0,0,0,1,0,1,0,0,0,0,350,350,350,350,0,0,350,350,0,0,350,350,350,0,0,0,0,0.057142857,0.057142857,0,0,0,0,1,350,700,350,700
3002,3,222,3002,3,222,0,0,0,74,74,0,74,74,74,0,74,0,0,0,0,998,1501,711.3494218736668,2004,998,1501,711.3494218736668,2004,0,0,0,0,3,0,0,0,0,0,0,0,3,0,0,0,0,0,0,0,0,0,0,0,0,0,0,0,42.72391992003231,0,0,350,350,88,264,0,8,0,0,43,143,1045,1047,2,0,0,350,348,2938.96,2929.782857142857,0,0,0,0,350,1168,1290,1088,1116
9319,28,2165,9319,11,859,9319,17,1306,60,77.32142857142858,12.669746910356446,100,66,78.09090909090911,9.267734841,93,60,76.82352941176471,14.714938388070331,100,0,345.1481481481482,965.1909218747944,3448,0,931.9,1472.6052084655953,3492,0,582.4375,1211.356538,3448,2,0,0,0,25,14,2,2,1,0,0,0,10,7,0,1,1,0,0,0,15,7,2,1,19.704060495238032,0,0,350,350,8751,9701,701,745,701,657,4900,5390,700,744,1,0,0,0,0,9094.46,8556.737142857142,0,0,0,0,350,4409,10730,3851,9802
1,5,349,1,3,186,0,2,163,60,69.8,15.498387012847497,97,60,62,3.4641016151377544,66,66,81.5,21.920310216782973,97,0,0.25,0.5,1,0,0.5,0.7071067811865476,1,0,0,0,0,0,0,0,0,3,1,2,2,0,0,0,0,1,0,2,1,0,0,0,0,2,1,0,1,16.740669042783207,0,1,119,349,5999,1527,211,407,198,140,3171,373,0,0,104,0,0,0,0,811,545.6742857142857,0,0,0,0,0,947,1641,4343,6197
4874,58,13682,4873,29,11942,4874,29,1740,60,235.89655172413788,242.9768373665949,804,84,411.7931034482758,236.84343522226192,804,60,60,0,60,0,85.50877192982458,536.3542979760612,4053,0,174.03571428571428,765.5194548241643,4069,1,174.07142857142858,762.0329014269284,4053,0,0,0,0,58,29,0,0,0,0,0,0,29,29,0,0,0,0,0,0,29,0,0,0,368.1738719681233,0,0,29,32,5035,5054,0,0,15,18,2510,2516,23,29,1,0,0,0,0,3158.103448275862,2908.78125,0,0,0,0,0,2544,5076,2531,5054
0,1,253,0,1,253,0,0,0,253,253,0,253,253,253,0,253,0,0,0,0,0,0,0,0,0,0,0,0,0,0,0,0,0,0,0,0,1,1,0,1,0,0,0,0,1,1,0,1,0,0,0,0,0,0,0,0,146.06961810497532,0,0,350,350,736,1124,98,126,29,29,445,642,38,66,1,0,0,350,343,177.32857142857142,185.9028571428572,0,0,0,0,350,715,1186,502,784
4913,204,33800,4897,102,27680,4912,102,6120,60,165.68627450980392,186.96017754597585,927,72,271.37254901960785,218.38942062509096,927,60,60,0,60,0,24.20197044334976,126.78446509788782,1385,0,48.48514851485148,177.9297397211262,1386,0,48.63366336633661,176.92669232042277,1385,0,0,0,0,204,102,0,0,0,0,0,0,102,102,0,0,0,0,0,0,102,0,0,0,431.5370784,0,0,32,35,5397,5416,0,0,15,18,2691,2697,23,29,1,0,0,0,0,3271.96875,3034.2571428571428,0,0,0,0,0,2725,5438,2712,5416
1,3,214,1,2,140,0,1,74,66,71.33333333333333,4.618802153517004,74,66,70,5.656854249492381,74,74,74,0,74,0,0.5,0.7071067811865476,1,1,1,0,1,0,0,0,0,2,0,0,0,2,0,0,0,1,0,0,0,1,0,0,0,1,0,0,0,1,0,0,0,4,0,1,350,349,1983,2754,302,338,0,0,808,1244,302,338,1,0,0,350,337,739.1,744.5828571428572,0,0,0,0,350,1786,2925,1410,2134
1,3,214,1,2,140,0,1,74,66,71.33333333333333,4.618802153517004,74,66,70,5.656854249492381,74,74,74,0,74,0,0.5,0.7071067811865476,1,1,1,0,1,0,0,0,0,2,0,0,0,2,0,0,0,1,0,0,0,1,0,0,0,1,0,0,0,1,0,0,0,4,0,0,350,350,1971,2997,300,344,0,0,792,1376,306,350,1,0,0,350,336,723.7514285714286,744.6428571428571,0,0,0,0,350,1903,3172,1409,2124
4964,58,15603,4963,29,13863,4963,29,1740,60,269.0172413793103,425.82207351664016,1514,60,478.0344827586206,527.8520140801519,1514,60,60,0,60,0,87.08771929824559,506.7891319974975,3775,0,177.24999999999997,718.6688118397174,3776,0,177.25,718.4741354658031,3775,0,0,0,0,58,29,0,0,0,0,0,0,29,29,0,0,0,0,0,0,29,0,0,0,727,0,0,84,116,12417,18520,0,0,17,44,6206,6405,25,59,1,0,0,0,0,3106.654761904762,2409.0689655172414,0,0,0,0,0,10274,18569,6229,12437
12363,57,8531,12363,23,3534,12363,34,4997,66,149.6666666666667,185.38235905182307,1042,66,153.65217391304344,136.11713161019287,706,66,146.9705882352941,214.3563282769388,1042,0,220.7678571428572,621.0489657483882,2446,0,561.9545454545455,935.3881535680777,2501,0,374.6363636363636,777.0451972931585,2446,2,0,0,0,56,31,0,2,1,0,0,0,22,16,0,1,1,0,0,0,34,15,0,1,486.2482219333386,0,6,350,344,13021,19506,703,1083,400,4,7300,10414,704,1066,3,0,0,1,0,10538.12,5572.442857142857,0,0,0,0,350,9414,20065,5516,13773
0,1,74,0,1,74,0,0,0,74,74,0,74,74,74,0,74,0,0,0,0,0,0,0,0,0,0,0,0,0,0,0,0,1,0,0,0,0,0,0,0,1,0,0,0,0,0,0,0,0,0,0,0,0,0,0,0,42.72391992003231,0,0,350,350,44,44,0,0,0,0,36,36,346,346,2,0,0,350,350,73.28,73.28,0,0,0,0,350,382,386,382,386
1787,14,12437,1787,8,500,662,6,11937,60,888.3571428571429,1471.1178171268716,4434,60,62.5,5.0990195135927845,74,60,1989.5,1755.154893449578,4434,0,137.46153846153848,345.8797034096815,1119,0,255.28571428571428,452.5828521886773,1119,0,132.4,292.1528709,655,2,0,0,0,13,2,1,1,1,0,0,0,7,1,1,0,1,0,0,0,6,1,0,1,2184.676635111018,0,0,350,350,6503,6503,649,649,531,531,1075,1075,1062,1062,350,0,0,350,350,54075.502857142856,54075.502857142856,0,0,0,0,350,4196,7034,4196,7034
0,4,482,0,2,160,0,2,322,80,120.5,46.76537180435969,161,80,80,0,80,161,161,0,161,0,0,0,0,0,0,0,0,0,0,0,0,0,0,0,0,0,0,0,0,0,0,0,0,0,0,0,0,0,0,0,0,0,0,0,0,46.76537180435969,350,347,0,3,0,74,0,10,0,2,0,32,0,12,9,0,0,0,0,306.86571428571426,572.8457142857143,348,344,0,0,348,814,1556,732,1448
12288,55,8399,12288,22,3468,12288,33,4931,66,152.70909090909092,188.07117178495395,1042,66,157.63636363636363,137.9408242532681,706,66,149.42424242424244,217.19447367264988,1042,0,227.55555555555551,632.6993881167188,2441,0,585.1428571428572,953.2355053,2514,0,384.0000000000001,788.9778605994777,2441,2,0,0,0,54,31,0,2,1,0,0,0,21,16,0,1,1,0,0,0,33,15,0,1,486.2482219333386,0,5,350,345,16901,19020,709,845,158,14,9492,10424,704,838,3,0,0,1,0,11631.674285714284,9505.125714285714,0,0,0,0,350,8404,19471,7049,17411
0,2,120,0,1,60,0,1,60,60,60,0,60,60,60,0,60,60,60,0,60,0,0,0,0,0,0,0,0,0,0,0,0,1,0,0,0,1,0,1,0,1,0,0,0,0,0,0,0,0,0,0,0,1,0,1,0,0,0,0,350,350,418,418,12,12,345,345,13,13,363,363,350,0,0,6,6,67.4,67.4,1,1,0,0,18,397,773,397,773
231,3,260,231,2,160,0,1,100,60,86.66666666666667,23.09401076758504,100,60,80,28.284271247461906,100,100,100,0,100,35,115.5,113.84419177103416,196,231,231,0,231,0,0,0,0,0,0,0,0,3,2,0,0,0,0,0,0,2,1,0,0,0,0,0,0,1,1,0,0,20,0,0,2,2,21,21,0,0,0,0,12,12,2,2,1,0,0,2,2,255,255,0,0,0,0,2,12,22,12,22
424,15,13351,424,9,1352,417,6,11999,66,890.0666666666667,1609.9336928079042,5858,66,150.22222222222223,164.87630043291378,441,66,1999.8333333333333,2179.592477199962,5858,0,30.28571428571429,74.46984786984757,209,0,53,95.09393851795782,211,0,83.4,114.20070052324547,209,2,0,0,0,14,3,1,1,1,0,0,0,8,2,1,0,1,0,0,0,6,1,0,1,2839.009026051168,0,0,350,350,4488,4488,347,347,349,349,747,747,749,749,2,0,0,350,350,413.4457142857143,413.4457142857143,0,0,0,0,350,2975,4896,2975,4896
1998,6,588,1998,3,294,1998,3,294,98,98,0,98,98,98,0,98,98,98,0,98,0,399.6,547.1748349476609,999,999,999,0,999,999,999,0,999,0,0,0,0,0,0,0,0,0,0,0,0,0,0,0,0,0,0,0,0,0,0,0,0,0,0,1,134,341,6054,1366,234,421,222,159,3186,302,9,9,117,8,8,1,1,886.5140845070423,312.2657142857143,0,0,0,0,1,892,1564,4418,6336
0,1,253,0,1,253,0,0,0,253,253,0,253,253,253,0,253,0,0,0,0,0,0,0,0,0,0,0,0,0,0,0,0,0,0,0,0,1,1,0,1,0,0,0,0,1,1,0,1,0,0,0,0,0,0,0,0,146.06961810497532,0,0,350,350,730,1118,107,135,35,35,450,647,40,68,1,0,0,350,343,186.6428571428572,195.2142857142857,0,0,0,0,350,723,1187,510,785
0,2,134,0,1,74,0,1,60,60,67,9.899494936611664,74,74,74,0,74,60,60,0,60,0,0,0,0,0,0,0,0,0,0,0,0,1,0,0,0,1,0,1,0,1,0,0,0,0,0,0,0,0,0,0,0,1,0,1,0,8.082903768654761,0,0,350,350,354,354,0,0,350,350,0,0,352,352,350,0,0,0,0,0.031428571,0.031428571,0,0,0,0,3,354,704,354,704
1061,6,374,1061,3,194,1060,3,180,60,62.33333333333333,2.9439202887759484,66,62,64.66666666666667,2.309401076758505,66,60,60,0,60,0,212.2,289.6561755,531,529,530.5,2.1213203435596424,532,529,530,1.4142135623730951,531,3,0,0,0,3,0,3,0,3,0,0,0,0,0,0,0,0,0,0,0,3,0,3,0,2.8284271247461903,0,0,233,350,2544,4108,440,614,39,129,456,646,479,743,1,0,0,233,350,148.36051502145924,212.42,0,0,0,0,233,2192,4544,1387,2803
12260,55,8399,12260,22,3468,12259,33,4931,66,152.70909090909092,188.07117178495395,1042,66,157.63636363636363,137.9408242532681,706,66,149.42424242424244,217.19447367264988,1042,0,227.03703703703704,627.4309693056961,2564,0,583.8095238095239,945.6475886,2618,0,383.09375,781.9374349765728,2564,2,0,0,0,54,31,0,2,1,0,0,0,21,16,0,1,1,0,0,0,33,15,0,1,486.2482219333386,0,0,350,350,19165,18563,707,757,0,22,10937,10463,705,766,3,0,0,0,0,12621.68857142857,11158.148571428572,0,0,0,0,350,7822,18964,7856,19517
0,5,349,0,3,186,0,2,163,60,69.8,15.498387012847497,97,60,62,3.4641016151377544,66,66,81.5,21.920310216782973,97,0,0,0,0,0,0,0,0,0,0,0,0,0,0,0,0,3,1,2,2,0,0,0,0,1,0,2,1,0,0,0,0,2,1,0,1,16.740669042783207,0,0,99,350,5923,1553,171,381,160,104,3142,378,0,0,84,0,0,0,0,968.4747474747476,778.1028571428571,0,0,0,0,0,935,1623,4278,6083
12041,55,8399,12041,22,3468,12040,33,4931,66,152.70909090909092,188.07117178495395,1042,66,157.63636363636363,137.9408242532681,706,66,149.42424242424244,217.19447367264988,1042,0,222.9814814814815,614.4809280777954,2227,0,573.3809523809523,922.3506099195944,2281,0,376.25000000000006,765.5814994225399,2227,2,0,0,0,54,31,0,2,1,0,0,0,21,16,0,1,1,0,0,0,33,15,0,1,486.2482219333386,0,0,350,350,18893,18712,704,776,0,10,10850,10567,700,774,3,0,0,0,0,12098.917142857144,10786.42857142857,0,0,0,0,350,7901,19105,7708,19243
1,5,349,1,3,186,0,2,163,60,69.8,15.498387012847497,97,60,62,3.4641016151377544,66,66,81.5,21.920310216782973,97,0,0.25,0.5,1,0,0.5,0.7071067811865476,1,0,0,0,0,0,0,0,0,3,1,2,2,0,0,0,0,1,0,2,1,0,0,0,0,2,1,0,1,16.740669042783207,0,1,130,349,6038,1513,231,417,216,156,3182,369,4,4,114,0,0,0,0,779.2230769,471.9142857142857,0,0,0,0,0,949,1647,4378,6256
1025,6,374,1024,3,194,1025,3,180,60,62.33333333333333,2.9439202887759484,66,62,64.66666666666667,2.309401076758505,66,60,60,0,60,0,205,280.25524080737546,514,510,512,2.8284271247461903,514,510,512.5,3.5355339059327378,515,3,0,0,0,3,0,3,0,3,0,0,0,0,0,0,0,0,0,0,0,3,0,3,0,2.8284271247461903,0,0,203,350,2272,1050,302,0,156,1050,318,0,458,1050,1,0,0,203,350,337.6847290640394,1012.3628571428573,0,0,0,0,203,1050,2100,1210,2579
0,2,120,0,1,60,0,1,60,60,60,0,60,60,60,0,60,60,60,0,60,0,0,0,0,0,0,0,0,0,0,0,0,1,0,0,0,1,0,1,0,1,0,0,0,0,0,0,0,0,0,0,0,1,0,1,0,0,0,0,350,350,350,350,0,0,350,350,0,0,350,350,350,0,0,0,0,0.048571429,0.048571429,0,0,0,0,0,350,700,350,700
0,1,253,0,1,253,0,0,0,253,253,0,253,253,253,0,253,0,0,0,0,0,0,0,0,0,0,0,0,0,0,0,0,0,0,0,0,1,1,0,1,0,0,0,0,1,1,0,1,0,0,0,0,0,0,0,0,146.06961810497532,0,0,350,350,747,1135,142,170,37,37,480,677,52,80,1,0,0,350,343,242.61714285714285,251.19142857142856,0,0,0,0,350,771,1212,558,810
0,2,120,0,1,60,0,1,60,60,60,0,60,60,60,0,60,60,60,0,60,0,0,0,0,0,0,0,0,0,0,0,0,1,0,0,0,1,0,1,0,1,0,0,0,0,0,0,0,0,0,0,0,1,0,1,0,0,0,0,350,350,350,350,0,0,350,350,0,0,355,355,350,0,0,3,3,0.045714286,0.045714286,1,1,0,0,13,355,705,355,705
75092,24,24652,75092,15,940,73541,9,23712,60,1027.1666666666663,2335.977714803369,8814,60,62.66666666666666,5.052109413285654,74,60,2634.6666666666665,3322.1876452121123,8814,0,3264.8695652173915,13533.216053656306,64989,0,5363.714285714286,17257.475563800308,64989,0,9192.625,25274.94669,71726,4,0,0,0,22,4,2,2,2,0,0,0,13,2,2,0,2,0,0,0,9,2,0,2,4374.671645,0,0,350,350,9169,9169,939,939,725,725,1481,1481,1450,1450,350,0,0,350,350,79233.37714285715,79233.37714285715,0,0,0,0,350,5881,9894,5881,9894
4894,24,20004,4894,16,4928,4889,8,15076,66,833.5,788.3020829054327,1934,66,307.99999999999994,260.59316951908005,651,1836,1884.5,51.85143612834102,1934,0,212.78260869565213,390.6232731187125,1042,3,326.26666666666665,447.3364771729708,1042,247,698.4285714285714,412.2001363184544,1045,0,0,0,0,24,16,0,0,0,0,0,0,16,8,0,0,0,0,0,0,8,8,0,0,913.9870076,0,1,350,349,2020,3250,300,356,0,0,836,1534,300,356,1,0,0,350,331,764.2942857142857,778.6685714285715,0,0,0,0,350,2036,3430,1435,2170
0,4,260,0,2,130,0,2,130,65,65,0,65,65,65,0,65,65,65,0,65,0,0,0,0,0,0,0,0,0,0,0,0,0,0,0,0,0,0,0,0,0,0,0,0,0,0,0,0,0,0,0,0,0,0,0,0,0,332,350,18,0,3112,0,34,0,46,0,1996,0,72,0,5,0,0,0,0,15318.557142857142,63.91142857142857,312,347,0,0,312,724,1428,2712,4486
171,14,4947,171,8,2103,121,6,2844,60,353.35714285714283,327.53640012461733,1101,60,262.875,219.70658192884696,521,60,474,425.1870176757517,1101,0,13.153846153846157,19.217379954293776,55,1,24.428571428571427,22.09718792710317,58,2,24.2,22.297981971469973,60,2,0,0,0,13,8,0,0,1,0,0,0,7,4,0,0,1,0,0,0,6,4,0,0,494.0313755218387,0,0,350,350,653,20942,2,1434,284,0,381,10832,126,1390,2,0,0,350,4,119.13428571428572,608.22,0,0,0,0,350,10996,21637,549,1000
9619,28,2158,9619,11,852,9619,17,1306,60,77.07142857142858,12.415428190072912,100,66,77.45454545454545,8.335030130283108,89,60,76.82352941176471,14.714938388070331,100,0,356.25925925925924,1016.059530077332,3571,0,961.9,1557.7578937548528,3615,0,601.1874999999999,1277.654372603692,3571,2,0,0,0,25,14,2,2,1,0,0,0,10,7,0,1,1,0,0,0,15,7,2,1,18.89223826513594,0,0,350,350,8751,9807,701,743,701,659,4900,5492,700,742,1,0,0,0,0,9119.857142857143,8649.562857142857,0,0,0,0,350,4433,10837,3851,9802
4735,254,43588,4719,127,35968,4734,127,7620,60,171.6062992125984,225.89369837185745,1325,60,283.21259842519686,278.12095204605515,1325,60,60,0,60,0,18.715415019762844,107.9327301867288,1047,0,37.45238095238094,153.7083788031274,1048,0,37.57142857142856,151.08442294671832,1048,0,0,0,0,254,127,0,0,0,0,0,0,127,127,0,0,0,0,0,0,127,0,0,0,632.5,0,0,49,52,8340,8359,0,0,15,18,4164,4170,23,29,1,0,0,0,0,3397.061224489796,3229.846153846154,0,0,0,0,0,4198,8381,4185,8359
0,1,253,0,1,253,0,0,0,253,253,0,253,253,253,0,253,0,0,0,0,0,0,0,0,0,0,0,0,0,0,0,0,0,0,0,0,1,1,0,1,0,0,0,0,1,1,0,1,0,0,0,0,0,0,0,0,146.06961810497532,0,0,350,350,747,1135,142,170,37,37,480,677,52,80,1,0,0,350,343,242.61714285714285,251.19142857142856,0,0,0,0,350,771,1212,558,810
11632,55,8399,11632,22,3468,11632,33,4931,66,152.70909090909092,188.07117178495395,1042,66,157.63636363636363,137.9408242532681,706,66,149.42424242424244,217.19447367264988,1042,0,215.4074074074074,591.2756123462356,2237,0,553.9047619047618,891.7705368962302,2294,0,363.5,736.3575569062242,2237,2,0,0,0,54,31,0,2,1,0,0,0,21,16,0,1,1,0,0,0,33,15,0,1,486.2482219333386,0,0,350,350,18811,18761,703,778,2,16,10820,10623,700,778,3,0,0,0,0,12340.345714285717,10991.36,0,0,0,0,350,7943,19162,7667,19163
3,5,863,2,3,723,3,2,140,66,172.6,229.4554422976278,583,66,241,296.2076974016712,583,66,70,5.656854249492381,74,0,0.75,0.5,1,1,1,0,1,3,3,0,3,2,0,0,0,4,1,0,0,1,0,0,0,2,1,0,0,1,0,0,0,2,0,0,0,257.1943169408427,0,1,140,341,6087,2575,236,425,223,160,3195,760,20,20,118,8,8,2,2,944.3648648648648,257.2457142857143,0,0,0,0,2,1616,2775,4440,6375
1,3,198,1,2,132,0,1,66,66,66,0,66,66,66,0,66,66,66,0,66,0,0.5,0.7071067811865476,1,1,1,0,1,0,0,0,0,0,0,0,0,3,0,0,2,0,0,0,0,2,0,0,1,0,0,0,0,1,0,0,1,0,0,1,350,349,3316,3985,298,342,0,0,1692,2046,318,360,1,0,0,350,335,862.62,859.6542857142857,0,0,0,0,350,2619,4167,2292,3475
559,14,3135,559,7,2715,559,7,420,60,223.92857142857144,349.10929835483074,1090,60,387.8571428571429,448.7369045708292,1090,60,60,0,60,0,42.99999999999999,146.17113258095802,529,0,93.16666666666669,213.70766637317124,529,0,93.16666666666669,213.7273184847147,529,0,0,0,0,14,7,0,0,0,0,0,0,7,7,0,0,0,0,0,0,7,0,0,0,515,0,0,99,131,12645,18748,0,0,17,44,6321,6520,25,59,1,0,0,0,0,2756.242424242424,2224.1297709923665,0,0,0,0,0,10389,18797,6344,12665
383,17,13393,383,9,1262,370,8,12131,60,787.8235294117649,1443.4905279951663,5858,60,140.22222222222223,150.1805394997782,405,66,1516.375,1895.0092300943704,5858,0,23.9375,59.76115655953567,210,0,47.875,82.75339872174435,210,0,52.85714285714286,89.53291493714954,222,2,0,0,0,13,3,3,2,1,0,0,0,5,2,3,1,1,0,0,0,8,1,0,1,2845.0726264895243,0,0,350,350,4073,4073,488,488,618,618,740,740,741,741,2,0,0,350,350,318.6457142857143,318.6457142857143,0,0,0,0,350,2720,4882,2720,4882
69,7,2778,69,4,732,68,3,2046,66,396.8571428571428,686.9088800734851,1906,66,183,228.6977627058617,526,66,682,1060.0226412676288,1906,0,11.5,27.19374928177429,67,0,23,38.97435053981015,68,1,34,46.66904755831214,67,2,0,0,0,6,2,0,0,1,0,0,0,3,1,0,0,1,0,0,0,3,1,0,0,870.7659463560419,0,1,350,349,2010,4178,308,402,1,1,812,2058,308,400,1,0,0,350,319,745.2971428571428,777.0485714285714,0,0,0,0,350,2476,4381,1425,2165
12,9,5359,12,5,938,11,4,4421,66,595.4444444444445,950.6202069,2767,66,187.6,267.45616463263656,666,66,1105.25,1300.25725,2767,0,1.5,3.4641016151377544,10,0,3,5.354126134736337,11,0,3.666666666666667,5.507570547286102,10,2,0,0,0,8,2,0,0,1,0,0,0,4,1,0,0,1,0,0,0,4,1,0,0,1282.0882379930017,0,2,350,348,2016,4347,302,400,1,1,810,2154,316,414,1,0,0,350,316,734,771.16,0,0,0,0,350,2562,4559,1427,2175
8880,28,2166,8880,11,860,8880,17,1306,60,77.35714285714286,12.664369048090922,100,66,78.18181818181817,9.239244361073926,91,60,76.82352941176471,14.714938388070331,100,0,328.8888888888889,934.9889482412792,3261,0,888,1433.512624445437,3304,0,555,1175.3482320855665,3261,2,0,0,0,25,14,2,2,1,0,0,0,10,7,0,1,1,0,0,0,15,7,2,1,19.27649691550136,0,0,350,350,8752,9935,702,746,702,650,4900,5546,700,746,1,0,0,0,0,9013.56,10899.288571428571,0,0,0,0,350,4457,10956,3852,9804
1003,13,12816,1003,7,817,2,6,11999,66,985.8461538461538,1909.5689236995283,5869,66,116.71428571428572,127.17797802779415,405,66,1999.8333333333333,2537.859130579684,5869,0,83.58333333333334,288.28220338390435,999,0,167.16666666666669,407.5151121942188,999,0,0.4,0.5477225575051661,1,3,0,0,0,11,2,1,1,2,0,0,0,5,1,1,0,1,0,0,0,6,1,0,1,2849.4846902554154,0,0,350,350,4019,4019,490,490,624,624,762,762,728,728,2,0,0,350,350,298.81142857142856,298.81142857142856,0,0,0,0,350,2667,4823,2667,4823
263,28,5116,263,16,2536,63,12,2580,60,182.7142857142857,98.11514669296484,361,60,158.5,86.50703246942798,306,66,215,106.93073374003292,361,0,9.740740741,39.78847203804774,200,0,17.53333333333333,52.85541825,200,0,5.727272727272728,18.33625321100748,61,4,0,0,0,26,20,0,0,2,0,0,0,14,10,0,0,2,0,0,0,12,10,0,0,157.79813053391982,316,334,24,16,393,460,44,14,28,20,176,274,72,48,8,0,0,0,0,64.55,99.84,304,319,0,0,307,983,1864,869,1707
9193,28,2159,9193,11,853,9193,17,1306,60,77.10714285714286,12.434537581579978,100,66,77.54545454545456,8.406707278877219,88,60,76.82352941176471,14.714938388070331,100,0,340.4814814814815,983.7025179771798,3496,0,919.3,1513.0690701719836,3539,0,574.5625,1238.4834257402613,3496,2,0,0,0,25,14,2,2,1,0,0,0,10,7,0,1,1,0,0,0,15,7,2,1,18.717193521821944,0,0,350,350,8750,9746,700,738,700,654,4900,5460,700,738,1,0,0,0,0,8923.371428571429,8396.131428571429,0,0,0,0,350,4412,10769,3850,9800
23,2,126,0,1,60,0,1,66,60,63,4.242640687119285,66,60,60,0,60,66,66,0,66,23,23,0,23,0,0,0,0,0,0,0,0,0,0,0,0,2,0,0,0,0,0,0,0,1,0,0,0,0,0,0,0,1,0,0,0,3.4641016151377544,0,0,24,53,67,148,0,8,0,0,8,14,5,13,1,0,0,24,53,205.3333333333333,204.49056603773585,0,0,0,0,24,81,154,35,69
158,13,12768,158,7,769,146,6,11999,66,982.1538461538462,1716.8153097209697,5858,66,109.85714285714286,112.5469214,365,66,1999.8333333333333,2179.592477199962,5858,0,13.166666666666666,38.91677211068708,136,0,26.333333333333336,59.73831824437868,148,0,29.2,59.85983628444034,136,2,0,0,0,12,2,1,1,1,0,0,0,6,1,1,0,1,0,0,0,6,1,0,1,2849.654642817851,0,0,350,350,4337,4337,492,492,614,614,938,938,713,713,2,0,0,350,350,483.1028571428572,483.1028571428572,0,0,0,0,350,2873,5106,2873,5106
1,3,214,1,2,140,0,1,74,66,71.33333333333333,4.618802153517004,74,66,70,5.656854249492381,74,74,74,0,74,0,0.5,0.7071067811865476,1,1,1,0,1,0,0,0,0,2,0,0,0,2,0,0,0,1,0,0,0,1,0,0,0,1,0,0,0,1,0,0,0,4,0,1,350,349,3317,3924,302,340,0,0,1692,2014,314,350,1,0,0,350,337,849.9942857142858,846.9171428571428,0,0,0,0,350,2590,4101,2292,3474
36,18,13122,36,10,991,25,8,12131,60,729,1231.7351701610885,4410,60,99.09999999999998,112.4953826,419,66,1516.375,1546.9141575130425,4410,0,2.117647058823529,4.181542074121348,13,0,4,5.454356057317857,14,0,3.571428571428571,5.883795341363227,14,2,0,0,0,12,2,5,2,1,0,0,0,4,1,5,1,1,0,0,0,8,1,0,1,2120.818297261696,0,0,350,350,4026,4026,520,520,809,809,707,707,700,700,2,0,0,350,350,24.49714285714285,24.49714285714285,0,0,0,0,350,2779,4995,2779,4995
11669,52,8201,11669,20,3336,11669,32,4865,66,157.71153846153845,192.31126082661925,1042,66,166.80000000000004,141.62723496633876,706,66,152.03125,220.1445982830963,1042,0,228.80392156862743,618.8779530604671,2272,0,614.1578947368421,937.5660725254926,2316,0,376.4193548387096,762.2557214913094,2272,2,0,0,0,51,31,0,2,1,0,0,0,19,16,0,1,1,0,0,0,32,15,0,1,486.2482219333386,0,0,350,350,18812,18789,702,768,5,23,10790,10656,700,772,3,0,0,0,0,12254.46,10853.214285714286,0,0,0,0,350,7957,19194,7695,19167
19,2,126,0,1,60,0,1,66,60,63,4.242640687119285,66,60,60,0,60,66,66,0,66,19,19,0,19,0,0,0,0,0,0,0,0,0,0,0,0,2,0,0,0,0,0,0,0,1,0,0,0,0,0,0,0,1,0,0,0,3.4641016151377544,0,0,8,64,32,93922,0,60,0,0,3,497,2,71,1,0,0,8,64,34.25,808.34375,0,0,0,0,8,39068,93953,16,33
999,6,374,998,3,194,998,3,180,60,62.33333333333333,2.9439202887759484,66,62,64.66666666666667,2.309401076758505,66,60,60,0,60,1,199.8,272.22637638553687,501,496,499,4.242640687119285,502,496,499,4.242640687119285,502,3,0,0,0,3,0,3,0,3,0,0,0,0,0,0,0,0,0,0,0,3,0,3,0,2.8284271247461903,0,0,162,350,1661,1050,218,0,159,1050,231,0,377,1050,1,0,0,162,350,399.0617283950617,1012.2457142857144,0,0,0,0,162,1050,2100,912,1929
40,2,132,0,1,66,0,1,66,66,66,0,66,66,66,0,66,66,66,0,66,40,40,0,40,0,0,0,0,0,0,0,0,0,0,0,0,2,0,0,0,0,0,0,0,1,0,0,0,0,0,0,0,1,0,0,0,0,0,0,47,85,1161,1477,0,2,0,0,110,170,12,22,1,0,0,47,85,79.89361702,90.84705882,0,0,0,0,47,592,1488,458,1167
0,1,297,0,1,297,0,0,0,297,297,0,297,297,297,0,297,0,0,0,0,0,0,0,0,0,0,0,0,0,0,0,0,0,0,0,0,1,1,0,0,0,0,0,0,1,1,0,0,0,0,0,0,0,0,0,0,171.47302994931886,0,0,350,350,697,697,0,0,32,32,483,483,148,148,1,0,0,350,350,597.1342857142857,597.1342857142857,0,0,0,0,350,631,846,631,846
0,3,214,0,2,140,0,1,74,66,71.33333333333333,4.618802153517004,74,66,70,5.656854249492381,74,74,74,0,74,0,0,0,0,0,0,0,0,0,0,0,0,2,0,0,0,2,0,0,0,1,0,0,0,1,0,0,0,1,0,0,0,1,0,0,0,4,0,1,350,349,3263,4009,302,336,0,0,1656,2078,316,354,1,0,0,350,337,864.7971428571428,885.8914285714286,0,0,0,0,350,2621,4188,2258,3421
0,2,134,0,1,74,0,1,60,60,67,9.899494936611664,74,74,74,0,74,60,60,0,60,0,0,0,0,0,0,0,0,0,0,0,0,1,0,0,0,1,0,1,0,1,0,0,0,0,0,0,0,0,0,0,0,1,0,1,0,8.082903768654761,0,0,350,350,362,362,0,0,352,352,0,0,357,357,350,0,0,3,3,210.48857142857145,210.48857142857145,1,1,0,0,13,362,714,362,714
1,5,349,1,3,186,0,2,163,60,69.8,15.498387012847497,97,60,62,3.4641016151377544,66,66,81.5,21.920310216782973,97,0,0.25,0.5,1,0,0.5,0.7071067811865476,1,0,0,0,0,0,0,0,0,3,1,2,2,0,0,0,0,1,0,2,1,0,0,0,0,2,1,0,1,16.740669042783207,0,0,93,350,5890,1556,159,387,148,92,3129,369,0,0,78,0,0,0,0,990.2795698924732,768.7771428571428,0,0,0,0,0,931,1614,4252,6038
5,7,2854,5,4,808,5,3,2046,66,407.71428571428567,689.8844623765427,1906,66,202,266.6933320001333,602,66,682,1060.0226412676288,1906,0,0.8333333333333334,1.6020819787597222,4,0,1.6666666666666667,2.0816659994661326,4,1,2.5,2.1213203435596424,4,2,0,0,0,6,2,0,0,1,0,0,0,3,1,0,0,1,0,0,0,3,1,0,0,868.2457409435802,0,2,350,348,2028,4337,302,400,1,1,822,2150,314,414,1,0,0,350,316,745.66,771.1142857142858,0,0,0,0,350,2557,4549,1436,2186
13809,57,8531,13809,24,3600,13809,33,4931,66,149.66666666666669,185.38235905182307,1042,66,150.00000000000003,134.32213065094186,706,66,149.42424242424244,217.19447367264988,1042,0,246.5892857142857,691.7572032489095,2403,0,600.3913043478261,1021.8419526935586,2445,0,431.5312499999999,875.6232429007721,2403,2,0,0,0,56,31,0,2,1,0,0,0,23,16,0,1,1,0,0,0,33,15,0,1,486.2482219333386,0,0,350,350,18930,18980,701,773,0,14,10850,10754,700,772,3,0,0,0,0,12387.754285714283,11109.462857142857,0,0,0,0,350,8009,19378,7736,19280
572,16,3641,571,8,3161,572,8,480,60,227.5625,316.74594840871026,1071,60,395.12500000000006,388.34536819691823,1071,60,60,0,60,0,38.13333333333333,139.77883891892867,543,0,81.57142857142857,204.0644156002847,544,0,81.71428571428572,203.99813257782068,544,0,0,0,0,16,8,0,0,0,0,0,0,8,8,0,0,0,0,0,0,8,0,0,0,505.5,0,0,98,130,12631,18734,0,0,17,44,6314,6513,25,59,1,0,0,0,0,2778.6632653061224,2236.938461538461,0,0,0,0,0,10382,18783,6337,12651
1211,14,2757,1211,7,2337,1211,7,420,60,196.92857142857144,288.4322248841976,1017,60,333.85714285714283,369.4633173362991,1017,60,60,0,60,0,93.15384615384616,320.48344891061225,1159,0,201.8333333333333,469.7298869208416,1160,1,201.8333333333333,469.2344474424983,1159,0,0,0,0,14,7,0,0,0,0,0,0,7,7,0,0,0,0,0,0,7,0,0,0,478.5,0,0,121,153,13010,19113,0,0,17,44,6507,6706,25,59,1,0,0,0,0,2432.115702479339,2044.307189542484,0,0,0,0,0,10575,19162,6530,13030
220,17,13033,220,9,891,207,8,12142,60,766.6470588235294,1539.9731304951586,5858,60,99,105.10470969466591,379,66,1517.75,2046.9797088812163,5858,0,13.750000000000004,34.70350606687072,139,0,27.500000000000004,55.2500808,159,0,29.571428571428573,49.919458940901805,139,2,0,0,0,12,3,4,3,1,0,0,0,4,1,4,1,1,0,0,0,8,2,0,2,2848.7318084836747,0,0,350,350,4065,4065,479,479,639,639,764,764,737,737,2,0,0,350,350,360.19428571428574,360.19428571428574,0,0,0,0,350,2687,4884,2687,4884
11454,57,8543,11454,22,3480,11454,35,5063,66,149.87719298245614,185.29243972853124,1042,66,158.18181818181822,137.58448014761396,706,66,144.65714285714282,211.6235479582085,1042,0,204.53571428571425,576.4486562103804,2336,0,545.4285714285714,882.9867253491738,2401,0,336.8823529411765,712.7577158455222,2336,2,0,0,0,56,31,0,3,1,0,0,0,21,16,0,1,1,0,0,0,35,15,0,2,486.2482219333386,0,0,350,350,18802,18598,711,768,0,30,10702,10488,700,760,3,0,0,0,0,12038.834285714283,10726.522857142858,0,0,0,0,350,7898,19008,7728,19152
1,3,198,1,2,132,0,1,66,66,66,0,66,66,66,0,66,66,66,0,66,0,0.5,0.7071067811865476,1,1,1,0,1,0,0,0,0,0,0,0,0,3,0,0,2,0,0,0,0,2,0,0,1,0,0,0,0,1,0,0,1,0,0,1,350,349,3306,4108,298,340,0,0,1688,2144,318,350,1,0,0,350,337,871.2771428571428,885.48,0,0,0,0,350,2667,4285,2288,3465
11671,55,8399,11671,22,3468,11671,33,4931,66,152.70909090909092,188.07117178495395,1042,66,157.63636363636363,137.9408242532681,706,66,149.42424242424244,217.19447367264988,1042,0,216.1296296296296,602.7378430191748,2264,0,555.7619047619048,909.0435581,2311,0,364.71875,751.8338111824293,2264,2,0,0,0,54,31,0,2,1,0,0,0,21,16,0,1,1,0,0,0,33,15,0,1,486.2482219333386,0,0,350,350,18937,18515,703,767,0,24,10850,10429,700,774,3,0,0,0,0,12291.077142857142,10841.12,0,0,0,0,350,7815,18922,7731,19287
0,2,134,0,1,74,0,1,60,60,67,9.899494936611664,74,74,74,0,74,60,60,0,60,0,0,0,0,0,0,0,0,0,0,0,0,1,0,0,0,1,0,1,0,1,0,0,0,0,0,0,0,0,0,0,0,1,0,1,0,8.082903768654761,0,0,350,350,361,361,0,0,351,351,0,0,356,356,350,0,0,3,3,108.98,108.98,1,1,0,0,13,361,712,361,712
1,3,180,1,2,120,0,1,60,60,60,0,60,60,60,0,60,60,60,0,60,0,0.5,0.7071067811865476,1,1,1,0,1,0,0,0,0,2,0,0,0,1,0,1,0,1,0,0,0,0,0,1,0,1,0,0,0,1,0,0,0,0,0,2,90,348,205,16257,24,1086,78,78,38,8450,146,1192,5,0,0,47,40,711.9333333333333,536.1428571428571,0,0,0,0,76,8674,16922,203,339
0,1,74,0,1,74,0,0,0,74,74,0,74,74,74,0,74,0,0,0,0,0,0,0,0,0,0,0,0,0,0,0,0,1,0,0,0,0,0,0,0,1,0,0,0,0,0,0,0,0,0,0,0,0,0,0,0,42.72391992003231,0,0,350,350,149,231,24,28,0,0,129,173,279,282,2,0,0,350,349,85.23714285714286,85.51714285714286,0,0,0,0,350,463,503,412,420
9678,28,2157,9678,11,851,9678,17,1306,60,77.03571428571428,12.393194497032225,100,66,77.36363636363636,8.249517892,89,60,76.82352941176471,14.714938388070331,100,0,358.4444444444445,1018.0161829351972,3293,0,967.8,1557.899640185108,3335,0,604.875,1279.5938873981331,3293,2,0,0,0,25,14,2,2,1,0,0,0,10,7,0,1,1,0,0,0,15,7,2,1,18.89223826513594,0,10,147,218,3526,7712,272,540,272,272,1961,4133,294,570,1,0,0,0,0,8607.693878,5888.258771929824,0,0,0,0,147,3848,8309,1565,3945
1,3,198,1,2,132,0,1,66,66,66,0,66,66,66,0,66,66,66,0,66,0,0.5,0.7071067811865476,1,1,1,0,1,0,0,0,0,0,0,0,0,3,0,0,2,0,0,0,0,2,0,0,1,0,0,0,0,1,0,0,1,0,0,4,350,346,2947,7321,310,542,0,0,1426,3828,320,554,1,0,0,350,270,852.9228571428572,862.24,0,0,0,0,350,4141,7606,2049,3107
170,13,12834,170,7,835,159,6,11999,60,987.2307692307692,2243.466928433392,7306,60,119.28571428571428,142.8224005,443,66,1999.8333333333333,3125.695213335214,7306,0,14.166666666666668,38.40651775,135,0,28.333333333333336,58.40776204124471,147,0,31.8,58.00172411230549,135,2,0,0,0,10,2,2,2,1,0,0,0,4,1,2,1,1,0,0,0,6,1,0,1,3562.6738437115832,0,0,350,350,3968,3968,457,457,585,585,728,728,728,728,2,0,0,350,350,299.0342857142857,299.0342857142857,0,0,0,0,350,2615,4726,2615,4726
4940,24,19998,4940,16,4928,4936,8,15070,66,833.2500000000001,787.9543271910691,1933,66,307.99999999999994,260.59316951908005,651,1835,1883.75,51.853502430267085,1933,0,214.7826086956522,395.3709370522986,1041,3,329.33333333333337,453.0176071423189,1041,250,705.1428571428571,419.8608613066272,1045,0,0,0,0,24,16,0,0,0,0,0,0,16,8,0,0,0,0,0,0,8,8,0,0,913.4303020300272,0,1,350,349,2000,3239,304,358,0,0,820,1526,298,354,1,0,0,350,331,750.9942857142858,762.2114285714285,0,0,0,0,350,2029,3418,1421,2149
1,4,353,1,2,233,0,2,120,60,88.25,42.05056480001191,149,84,116.5,45.96194077712559,149,60,60,0,60,0,0.3333333333333333,0.5773502691896258,1,1,1,0,1,0,0,0,0,0,0,0,0,4,2,0,0,0,0,0,0,2,2,0,0,0,0,0,0,2,0,0,0,42.05056480001191,0,0,42,45,7142,7161,0,0,15,18,3565,3571,23,29,1,0,0,0,0,3351.9523809523807,3161.733333333333,0,0,0,0,0,3599,7183,3586,7161
67,9,866,67,5,498,67,4,368,60,96.22222222222224,70.72089114571764,252,60,99.6,85.23379611398286,252,60,92,60.06662967072483,182,0,8.375,22.481341469888186,64,0,16.75,32.836717253708535,66,1,22.333333333333336,36.08785575970583,64,2,0,0,0,8,2,0,2,1,0,0,0,4,1,0,1,1,0,0,0,4,1,0,1,95.04209594,0,0,18,330,225,3974,36,660,0,0,38,688,36,660,1,0,0,18,330,114.88888888888889,95.32424242424244,0,0,0,0,18,2102,4304,121,243
15,13,12753,15,8,820,12,5,11933,60,980.9999999999998,2168.3790412809904,5869,60,102.5,102.4987804805501,356,66,2386.6,3173.9649966563907,5869,0,1.25,1.7645499039801522,4,0,2.142857142857143,3.760699023168052,10,0,3,2,4,2,0,0,0,11,2,2,1,1,0,0,0,6,1,2,0,1,0,0,0,5,1,0,1,2857.507815679017,0,0,350,350,4008,4008,482,482,608,608,735,735,740,740,2,0,0,350,350,294.2457142857143,294.2457142857143,0,0,0,0,350,2669,4796,2669,4796
549,9,1318,549,5,563,548,4,755,60,146.44444444444446,169.03114440178703,549,60,112.6,103.20271314263012,297,66,188.75,240.1962739094843,549,0,68.625,192.8892631981958,546,0,137.25,272.5012232388447,546,0,182.66666666666669,315.5223183,547,2,0,0,0,7,2,1,2,1,0,0,0,3,1,1,1,1,0,0,0,4,1,0,1,231.92671256239544,0,4,16,289,103,15441,30,1044,14,30,28,7998,30,1030,1,0,0,16,16,484.875,686.8293515358362,0,0,0,0,16,8231,16000,74,132
0,2,120,0,1,60,0,1,60,60,60,0,60,60,60,0,60,60,60,0,60,0,0,0,0,0,0,0,0,0,0,0,0,1,0,0,0,1,0,1,0,1,0,0,0,0,0,0,0,0,0,0,0,1,0,1,0,0,0,0,350,350,350,350,0,0,350,350,0,0,350,350,350,0,0,0,0,0.031428571,0.031428571,0,0,0,0,1,350,700,350,700
1,5,349,1,3,186,0,2,163,60,69.8,15.498387012847497,97,60,62,3.4641016151377544,66,66,81.5,21.920310216782973,97,0,0.25,0.5,1,0,0.5,0.7071067811865476,1,0,0,0,0,0,0,0,0,3,1,2,2,0,0,0,0,1,0,2,1,0,0,0,0,2,1,0,1,16.740669042783207,0,1,118,349,5996,1528,209,405,196,138,3170,374,0,0,103,0,0,0,0,817.8644067796611,559.8914285714286,0,0,0,0,0,946,1640,4340,6192
4982,54,15367,4981,28,13807,4982,26,1560,60,284.57407407407413,427.72031074152255,1514,60,493.1071428571429,515.2197186304193,1514,60,60,0,60,0,94.00000000000004,524.8476335676273,3778,0,184.48148148148144,731.6621419948485,3779,0,199.28,758.5440286056792,3779,0,0,0,0,54,28,0,0,0,0,0,0,28,28,0,0,0,0,0,0,26,0,0,0,727,0,0,119,151,12982,19085,0,0,17,44,6493,6692,25,59,1,0,0,0,0,2458.1512605042017,2059.6887417218545,0,0,0,0,0,10561,19134,6516,13002
0,1,253,0,1,253,0,0,0,253,253,0,253,253,253,0,253,0,0,0,0,0,0,0,0,0,0,0,0,0,0,0,0,0,0,0,0,1,1,0,1,0,0,0,0,1,1,0,1,0,0,0,0,0,0,0,0,146.06961810497532,0,0,350,350,747,1135,142,170,37,37,480,677,52,80,1,0,0,350,343,242.61714285714285,251.19142857142856,0,0,0,0,350,771,1212,558,810
363,15,13411,363,9,1412,358,6,11999,66,894.0666666666665,1608.772445360866,5858,66,156.88888888888886,178.10351234917044,471,66,1999.8333333333333,2179.592477199962,5858,0,25.92857142857143,63.87061956765446,206,0,45.375,81.55618134,206,0,71.6,101.65775917262783,217,2,0,0,0,14,3,1,1,1,0,0,0,8,2,1,0,1,0,0,0,6,1,0,1,2834.936022205792,0,0,350,350,4096,4096,467,467,637,637,779,779,698,698,2,0,0,350,350,274.19142857142856,274.19142857142856,0,0,0,0,350,2750,4878,2750,4878
76896,23,24598,76896,14,880,73445,9,23718,60,1069.4782608695657,2452.2696698358523,8814,60,62.85714285714285,5.186626929045398,74,60,2635.333333333333,3464.937048490203,8814,0,3495.272727272726,14048.213657604192,65997,0,5915.076923076923,18162.076925384656,65997,0,9180.625,25683.65776096043,72743,4,0,0,0,21,4,2,2,2,0,0,0,12,2,2,0,2,0,0,0,9,2,0,2,4374.671645,0,0,350,350,9348,9348,976,976,736,736,1521,1521,1470,1470,350,0,0,350,350,81147.83714285714,81147.83714285714,0,0,0,0,350,5998,10084,5998,10084
122,4,508,0,2,158,0,2,350,79,127,55.42562584220407,175,79,79,0,79,175,175,0,175,0,40.66666666666667,70.43673284113434,122,0,0,0,0,0,0,0,0,0,0,0,0,0,0,0,0,0,0,0,0,0,0,0,0,0,0,0,0,0,0,0,0,55.42562584220407,350,350,0,0,0,0,0,0,0,0,0,0,0,0,9,0,0,0,0,61.67714285714285,61.67714285714285,350,350,0,0,350,714,1428,714,1428
263,14,12897,263,8,898,248,6,11999,60,921.2142857142856,1459.8498436257294,4410,60,112.25,132.5030996942012,440,66,1999.8333333333333,1753.071637631123,4410,0,20.23076923076923,65.29823102013542,237,0,37.57142857142857,94.19988878772124,251,0,49.6,104.8680122821063,237,2,0,0,0,11,2,3,1,1,0,0,0,5,1,3,0,1,0,0,0,6,1,0,1,2118.136917198697,0,0,350,350,4105,4105,520,520,813,813,774,774,749,749,2,0,0,350,350,466.6628571428572,466.6628571428572,0,0,0,0,350,2881,5135,2881,5135
3,3,198,3,2,132,0,1,66,66,66,0,66,66,66,0,66,66,66,0,66,0,1.5,2.1213203435596424,3,3,3,0,3,0,0,0,0,0,0,0,0,3,0,0,2,0,0,0,0,2,0,0,1,0,0,0,0,1,0,0,1,0,0,1,350,349,1989,3270,302,364,0,0,806,1526,302,364,1,0,0,350,329,720.5657142857143,732.1485714285715,0,0,0,0,350,2043,3454,1411,2140
1,3,214,1,2,140,0,1,74,66,71.33333333333333,4.618802153517004,74,66,70,5.656854249492381,74,74,74,0,74,0,0.5,0.7071067811865476,1,1,1,0,1,0,0,0,0,2,0,0,0,2,0,0,0,1,0,0,0,1,0,0,0,1,0,0,0,1,0,0,0,4,0,4,350,346,2337,6730,306,536,0,0,1025,3439,318,550,1,0,0,350,270,801.7314285714285,812.3142857142857,0,0,0,0,350,3746,7013,1648,2496
161,12,12764,161,7,831,149,5,11933,66,1063.6666666666667,2908.0093889223613,10202,66,118.71428571428572,135.97391206369244,427,66,2386.6,4413.316870563454,10202,0,14.63636363636364,40.83937493956715,137,0,26.833333333333336,59.546340497688576,148,0,37.25,66.74016781519208,137,2,0,0,0,11,2,1,1,1,0,0,0,6,1,1,0,1,0,0,0,5,1,0,1,5010.723991267796,0,0,350,350,4110,4110,474,474,623,623,776,776,758,758,2,0,0,350,350,441.5514285714286,441.5514285714286,0,0,0,0,350,2745,4937,2745,4937
8938,28,2160,8938,11,854,8938,17,1306,60,77.14285714285714,12.571909562708043,100,66,77.63636363636364,8.936137054,94,60,76.82352941176471,14.714938388070331,100,0,331.03703703703707,943.9589088792064,3265,0,893.8,1448.6900442967242,3307,0,558.6249999999999,1186.9735675237257,3265,2,0,0,0,25,14,2,2,1,0,0,0,10,7,0,1,1,0,0,0,15,7,2,1,19.933221850301404,0,0,350,350,8750,9431,700,726,700,674,4900,5284,700,726,1,0,0,0,0,8951.6,8659.66,0,0,0,0,350,4223,10468,3850,9800
1,5,349,1,3,186,0,2,163,60,69.8,15.498387012847497,97,60,62,3.4641016151377544,66,66,81.5,21.920310216782973,97,0,0.25,0.5,1,0,0.5,0.7071067811865476,1,0,0,0,0,0,0,0,0,3,1,2,2,0,0,0,0,1,0,2,1,0,0,0,0,2,1,0,1,16.740669042783207,0,0,81,350,5854,1574,135,367,124,69,3117,376,0,0,66,0,0,0,0,1136.925925925926,897.4371428571428,0,0,0,0,0,928,1608,4216,5978
157,13,12845,157,7,846,145,6,11999,66,988.0769230769232,1996.418813005697,7306,66,120.85714285714286,141.6420706939721,442,66,1999.8333333333333,2694.4938238316054,7306,0,13.083333333333332,37.72980093755967,132,0,26.166666666666664,57.91862107014174,144,0,29,57.85326265648291,132,2,0,0,0,12,2,1,1,1,0,0,0,6,1,1,0,1,0,0,0,6,1,0,1,3561.7463881266635,0,0,350,350,3917,3917,437,437,562,562,897,897,700,700,2,0,0,350,350,482.19714285714286,482.19714285714286,0,0,0,0,350,2672,4666,2672,4666
2022,6,444,2022,3,222,2022,3,222,74,74,0,74,74,74,0,74,74,74,0,74,0,404.4,553.3003705041232,1015,1006,1011,7.071067811865476,1016,1007,1011,5.656854249492381,1015,0,0,0,0,0,0,0,0,0,0,0,0,0,0,0,0,0,0,0,0,0,0,0,0,0,0,1,131,348,6041,1471,233,424,218,156,3183,349,4,4,116,1,1,0,0,782.7424242424242,393.8257142857143,0,0,0,0,0,926,1613,4384,6267
4993,383,94127,4993,192,82667,4993,191,11460,60,245.76240208877263,249.9956721017537,1076,83,430.5572916666666,236.9811374934829,1076,60,60,0,60,0,13.07068062827225,58.93301263310081,928,0,26.14136125654452,83.28641714134724,929,0,26.27894736842105,81.63728709596339,928,0,0,0,0,383,192,0,0,0,0,0,0,192,192,0,0,0,0,0,0,191,0,0,0,504.2832372123164,0,0,22,25,3465,3484,0,0,15,18,1725,1731,23,29,1,0,0,0,0,2830.5,2550.68,0,0,0,0,0,1759,3506,1746,3484
1009,6,374,1009,3,194,1008,3,180,60,62.33333333333333,2.9439202887759484,66,62,64.66666666666667,2.309401076758505,66,60,60,0,60,0,201.8,275.43184274880053,508,500,504.5,6.363961030678928,509,499,504,7.071067811865476,509,3,0,0,0,3,0,3,0,3,0,0,0,0,0,0,0,0,0,0,0,3,0,3,0,2.8284271247461903,0,0,209,350,2290,1050,302,0,174,1050,318,0,476,1050,1,0,0,209,350,357.25837320574163,1013.0171428571427,0,0,0,0,209,1050,2100,1228,2615
172,14,12846,172,7,781,159,7,12065,60,917.5714285714286,1667.4119842662535,5858,60,111.57142857142856,122.42529306051254,389,66,1723.571428571429,2119.6927337975867,5858,0,13.23076923076923,36.681407293418296,134,0,28.666666666666668,58.72534943843814,148,0,26.5,53.027351433010494,134,2,0,0,0,11,2,2,2,1,0,0,0,4,1,2,1,1,0,0,0,7,1,0,1,2847.317963159951,0,0,350,350,4030,4030,471,471,622,622,758,758,762,762,2,0,0,350,350,464.92,464.92,0,0,0,0,350,2721,4859,2721,4859
0,1,74,0,1,74,0,0,0,74,74,0,74,74,74,0,74,0,0,0,0,0,0,0,0,0,0,0,0,0,0,0,0,1,0,0,0,0,0,0,0,1,0,0,0,0,0,0,0,0,0,0,0,0,0,0,0,42.72391992003231,0,0,350,350,37,37,4,4,0,0,29,29,349,349,2,0,0,350,350,36.61714285714286,36.61714285714286,0,0,0,0,350,378,382,378,382
0,2,120,0,1,60,0,1,60,60,60,0,60,60,60,0,60,60,60,0,60,0,0,0,0,0,0,0,0,0,0,0,0,1,0,0,0,1,0,1,0,1,0,0,0,0,0,0,0,0,0,0,0,1,0,1,0,0,0,0,350,350,350,350,0,0,350,350,0,0,352,352,350,0,0,2,2,0.06,0.06,0,0,0,0,5,352,702,352,702
1025,6,374,1024,3,194,1025,3,180,60,62.33333333333333,2.9439202887759484,66,62,64.66666666666667,2.309401076758505,66,60,60,0,60,0,205,279.800822,514,509,512,4.242640687119285,515,510,512.5,3.5355339059327378,515,3,0,0,0,3,0,3,0,3,0,0,0,0,0,0,0,0,0,0,0,3,0,3,0,2.8284271247461903,0,0,214,350,2305,1050,302,0,189,1050,318,0,491,1050,1,0,0,214,350,372.7850467,1013.7142857142856,0,0,0,0,214,1050,2100,1243,2645
3859,9,685,3859,6,465,3822,3,220,60,76.11111111111111,19.649710204252663,100,60,77.5,19.937402037376884,100,60,73.33333333333333,23.09401076758503,100,0,482.37500000000006,1256.6243827356343,3588,0,771.8000000000001,1577.2936315093648,3588,0,1911,2702.562117694985,3822,0,0,0,0,9,4,0,2,0,0,0,0,6,3,0,1,0,0,0,0,3,1,0,1,23.09401076758504,0,0,4,90,42,1345,2,111,0,6,23,499,2,96,1,0,0,4,90,1154.75,413.03333333333336,0,0,0,0,4,771,1399,22,43
84294,27,26201,84294,16,1006,73706,11,25195,60,970.4074074074076,2060.6085221316253,8814,60,62.875,4.951430769653016,74,60,2290.454545454545,2793.793419837493,8814,0,3242.076923076923,13342.283954175397,67651,0,5619.6,17423.308742683093,67651,0,7370.599999999999,23280.480193596617,73628,4,0,0,0,25,5,2,3,2,0,0,0,14,2,2,0,2,0,0,0,11,3,0,3,4374.671645,0,0,350,350,9055,9055,924,924,725,725,1493,1493,1450,1450,350,0,0,350,350,81355.06571428571,81355.06571428571,0,0,0,0,350,5894,9780,5894,9780
11074,57,8543,11074,23,3546,11074,34,4997,66,149.87719298245614,185.29243972853124,1042,66,154.17391304347828,135.78848932804317,706,66,146.97058823529412,214.35632827693885,1042,0,197.75000000000003,557.9433418612258,2336,0,503.3636363636363,843.4371033,2401,0,335.5757575757576,698.1663944891213,2336,2,0,0,0,56,31,0,3,1,0,0,0,22,16,0,1,1,0,0,0,34,15,0,2,486.2482219333386,0,0,350,350,18836,18485,703,765,0,22,10850,10481,700,762,3,0,0,0,0,12029.31142857143,10907.414285714283,0,0,0,0,350,7765,18888,7669,19186
10276,28,2151,10276,11,845,10276,17,1306,60,76.82142857142857,12.226424241594502,100,66,76.81818181818183,7.560663751525812,85,60,76.82352941176471,14.714938388070331,100,0,380.59259259259255,1029.493014,3399,0,1027.6,1553.7105550548624,3441,0,642.2500000000001,1287.5742308698168,3399,2,0,0,0,25,14,2,2,1,0,0,0,10,7,0,1,1,0,0,0,15,7,2,1,18.26426383223077,0,10,35,99,726,4405,48,288,48,48,393,2297,70,318,1,0,0,0,0,7747.371428571429,3143.816513761468,0,0,0,0,35,2333,4652,333,809
23,14,12830,23,8,831,12,6,11999,60,916.4285714285714,1567.3422734673504,4410,60,103.875,108.83071717121044,373,66,1999.8333333333333,1976.251646,4410,0,1.7692307692307696,4.126213885105936,12,0,3.2857142857142856,5.313952882562588,12,0,2.4,5.366563145999495,12,2,0,0,0,11,2,3,1,1,0,0,0,5,1,3,0,1,0,0,0,6,1,0,1,2126.861126166916,0,0,350,350,4017,4017,464,464,653,653,704,704,700,700,2,0,0,350,350,19.69428571428572,19.69428571428572,0,0,0,0,350,2662,4778,2662,4778
0,1,74,0,1,74,0,0,0,74,74,0,74,74,74,0,74,0,0,0,0,0,0,0,0,0,0,0,0,0,0,0,0,1,0,0,0,0,0,0,0,1,0,0,0,0,0,0,0,0,0,0,0,0,0,0,0,42.72391992003231,0,0,350,350,133,133,9,9,0,0,111,111,310,310,2,0,0,350,350,100.69142857142856,100.69142857142856,0,0,0,0,350,423,433,423,433
34,7,2896,34,4,809,33,3,2087,66,413.71428571428567,704.7838236617226,1947,66,202.25,267.1932821011786,603,66,695.6666666666666,1083.693837452873,1947,0,5.666666666666666,12.909944487358056,32,0,11.333333333333334,18.77054430040145,33,1,16.5,21.920310216782973,32,2,0,0,0,6,2,0,0,1,0,0,0,3,1,0,0,1,0,0,0,3,1,0,0,887.8530284,0,1,350,349,2014,4181,308,400,1,1,814,2060,308,402,1,0,0,350,319,745.3914285714286,777.1457142857142,0,0,0,0,350,2478,4385,1427,2169
559,14,2330,558,7,1910,558,7,420,60,166.42857142857142,213.8956303,759,60,272.85714285714283,269.6259313514612,759,60,60,0,60,0,43,145.8566648002986,528,1,93,213.2782220481032,528,0,93,213.7914872018996,529,0,0,0,0,14,7,0,0,0,0,0,0,7,7,0,0,0,0,0,0,7,0,0,0,349.5,0,0,93,125,12537,18640,0,0,17,44,6266,6465,25,59,1,0,0,0,0,2860.8279569892475,2276.4,0,0,0,0,0,10334,18689,6289,12557
94918,28,24874,94918,16,1000,92313,12,23874,60,888.3571429,1497.3071931597171,5894,60,62.5,4.926120853842977,74,60,1989.5,1785.5197104382903,5894,0,3515.4814814814813,15749.644065258626,81810,0,6327.866666666666,21014.264454231583,81810,0,8392.090909090908,27349.478548793377,90844,4,0,0,0,26,4,2,2,2,0,0,0,14,2,2,0,2,0,0,0,12,2,0,2,2914.674138,0,0,350,350,6503,6503,683,683,521,521,1072,1072,1042,1042,350,0,0,350,350,52434.82,52434.82,0,0,0,0,350,4183,7024,4183,7024
69,9,862,69,5,494,69,4,368,60,95.77777777777776,69.62359114872231,248,60,98.8,83.44579079,248,60,92,60.06662967072483,182,0,8.625,23.591387653730152,67,0,17.25,34.5,69,1,23,38.10511777,67,2,0,0,0,8,2,0,2,1,0,0,0,4,1,0,1,1,0,0,0,4,1,0,1,93.45765529550448,0,0,42,143,555,1580,84,286,0,0,87,294,84,286,1,0,0,42,143,96.80952381,86.64335664335664,0,0,0,0,42,861,1723,277,597
1,3,214,1,2,140,0,1,74,66,71.33333333333333,4.618802153517004,74,66,70,5.656854249492381,74,74,74,0,74,0,0.5,0.7071067811865476,1,1,1,0,1,0,0,0,0,2,0,0,0,2,0,0,0,1,0,0,0,1,0,0,0,1,0,0,0,1,0,0,0,4,0,1,350,349,1986,2527,300,326,0,0,806,1112,304,326,1,0,0,350,341,737.7857142857143,734.6971428571428,0,0,0,0,350,1678,2692,1418,2138
8688,28,2161,8688,11,855,8688,17,1306,60,77.17857142857143,12.54046360838496,100,66,77.72727272727272,8.810118150069375,92,60,76.82352941176471,14.714938388070331,100,0,321.77777777777777,912.8177985410524,3039,0,868.8,1400.9596552205048,3083,0,543,1147.238481455941,3039,2,0,0,0,25,14,2,2,1,0,0,0,10,7,0,1,1,0,0,0,15,7,2,1,19.485036994233976,0,0,350,350,8750,9583,700,744,700,660,4900,5324,700,740,1,0,0,0,0,9075.185714285712,8594.94,0,0,0,0,350,4337,10613,3850,9800
0,2,134,0,1,74,0,1,60,60,67,9.899494936611664,74,74,74,0,74,60,60,0,60,0,0,0,0,0,0,0,0,0,0,0,0,1,0,0,0,1,0,1,0,1,0,0,0,0,0,0,0,0,0,0,0,1,0,1,0,8.082903768654761,0,0,350,350,363,363,0,0,353,353,0,0,358,358,350,0,0,3,3,484.57714285714286,484.57714285714286,1,1,0,0,11,363,716,363,716
0,1,253,0,1,253,0,0,0,253,253,0,253,253,253,0,253,0,0,0,0,0,0,0,0,0,0,0,0,0,0,0,0,0,0,0,0,1,1,0,1,0,0,0,0,1,1,0,1,0,0,0,0,0,0,0,0,146.06961810497532,0,0,350,350,743,1131,128,156,37,37,470,667,48,76,1,0,0,350,343,223.96,232.5342857142857,0,0,0,0,350,755,1206,542,804
6,7,2896,6,4,809,6,3,2087,66,413.71428571428567,704.7838236617226,1947,66,202.25,267.1932821011786,603,66,695.6666666666666,1083.693837452873,1947,0,1,2,5,0,2,2.6457513110645907,5,1,3,2.8284271247461903,5,2,0,0,0,6,2,0,0,1,0,0,0,3,1,0,0,1,0,0,0,3,1,0,0,887.8530284,0,2,350,348,2032,4341,302,400,1,1,824,2152,314,414,1,0,0,350,316,745.6742857142857,771.1285714285714,0,0,0,0,350,2559,4553,1438,2190
8865,28,2156,8865,11,850,8865,17,1306,60,77,12.355835328567087,100,66,77.27272727272728,8.100505035,88,60,76.82352941176471,14.714938388070331,100,0,328.33333333333337,896.8514155301655,3056,0,886.4999999999999,1362.896690468096,3100,0,554.0625000000001,1122.871525,3056,2,0,0,0,25,14,2,2,1,0,0,0,10,7,0,1,1,0,0,0,15,7,2,1,18.717193521821944,0,0,350,350,8751,9799,701,749,701,653,4900,5458,700,748,1,0,0,0,0,9100.011428571428,8548.057142857142,0,0,0,0,350,4445,10826,3851,9802
740,14,2316,740,7,1896,739,7,420,60,165.42857142857144,211.38543516004643,751,60,270.8571428571429,266.23199693214224,751,60,60,0,60,0,56.92307692307692,196.32433264815543,710,0,123.33333333333331,287.55080710487783,710,0,123.16666666666669,287.6361706508183,710,0,0,0,0,14,7,0,0,0,0,0,0,7,7,0,0,0,0,0,0,7,0,0,0,345.5,0,0,112,144,12850,18953,0,0,17,44,6426,6625,25,59,1,0,0,0,0,2536.6964285714284,2101.409722222222,0,0,0,0,0,10494,19002,6449,12870
9377,28,2164,9377,11,858,9377,17,1306,60,77.28571428571429,12.592934947104688,100,66,78,8.988882021697693,90,60,76.82352941176471,14.714938388070331,100,0,347.2962962962964,977.5442077280588,3316,0,937.7,1494.3098778737665,3358,0,586.0625,1227.646935,3316,2,0,0,0,25,14,2,2,1,0,0,0,10,7,0,1,1,0,0,0,15,7,2,1,19.078784028338912,0,0,350,350,8750,9616,700,748,700,656,4900,5330,700,744,1,0,0,0,0,9139.068571428572,8612.151429,0,0,0,0,350,4362,10644,3850,9800
0,2,120,0,1,60,0,1,60,60,60,0,60,60,60,0,60,60,60,0,60,0,0,0,0,0,0,0,0,0,0,0,0,1,0,0,0,1,0,1,0,1,0,0,0,0,0,0,0,0,0,0,0,1,0,1,0,0,0,0,350,350,349,349,0,0,349,349,0,0,350,350,350,0,0,0,0,0.062857143,0.062857143,0,0,0,0,0,350,699,350,699
997,6,374,997,3,194,997,3,180,60,62.33333333333333,2.9439202887759484,66,62,64.66666666666667,2.309401076758505,66,60,60,0,60,0,199.4,272.5844823169507,499,497,498.5,2.1213203435596424,500,498,498.5,0.7071067811865476,499,3,0,0,0,3,0,3,0,3,0,0,0,0,0,0,0,0,0,0,0,3,0,3,0,2.8284271247461903,0,0,221,350,1554,1050,234,0,312,1050,244,0,546,1050,1,0,0,221,350,521.0678733031674,1012.3628571428573,0,0,0,0,221,1050,2100,1022,1983
8448,28,2159,8448,11,853,8448,17,1306,60,77.10714285714286,12.434537581579978,100,66,77.54545454545456,8.406707278877219,88,60,76.82352941176471,14.714938388070331,100,0,312.88888888888886,887.2491339195692,2917,0,844.8,1361.5198860097491,2959,0,528,1115.058025395988,2917,2,0,0,0,25,14,2,2,1,0,0,0,10,7,0,1,1,0,0,0,15,7,2,1,18.717193521821944,0,0,350,350,8750,9639,700,740,700,660,4900,5386,700,740,1,0,0,0,0,8907.825714285715,8420.671428571428,0,0,0,0,350,4351,10669,3850,9800
13336,55,8399,13336,22,3468,13336,33,4931,66,152.70909090909092,188.07117178495395,1042,66,157.63636363636363,137.9408242532681,706,66,149.42424242424244,217.19447367264988,1042,0,246.962963,682.4856336303425,2435,0,635.047619,1022.439116827524,2501,0,416.75,850.5189307786766,2435,2,0,0,0,54,31,0,2,1,0,0,0,21,16,0,1,1,0,0,0,33,15,0,1,486.2482219333386,0,0,350,350,18793,18747,703,782,5,25,10790,10615,700,786,3,0,0,0,0,12446.242857142855,10705.154285714283,0,0,0,0,350,7986,19161,7680,19148
3002,3,222,3002,3,222,0,0,0,74,74,0,74,74,74,0,74,0,0,0,0,999,1501,709.9352083112938,2003,999,1501,709.9352083112938,2003,0,0,0,0,3,0,0,0,0,0,0,0,3,0,0,0,0,0,0,0,0,0,0,0,0,0,0,0,42.72391992003231,0,0,350,350,678,678,0,0,4,4,487,487,270,270,1,0,0,350,350,1064.6285714285714,1064.6285714285714,0,0,0,0,350,757,915,757,915
3000,3,222,3000,3,222,0,0,0,74,74,0,74,74,74,0,74,0,0,0,0,996,1500,712.7636354360399,2004,996,1500,712.7636354360399,2004,0,0,0,0,3,0,0,0,0,0,0,0,3,0,0,0,0,0,0,0,0,0,0,0,0,0,0,0,42.72391992003231,0,0,350,350,693,693,0,0,37,37,536,536,213,213,1,0,0,350,350,793.9,793.9,0,0,0,0,350,749,898,749,898
0,1,74,0,1,74,0,0,0,74,74,0,74,74,74,0,74,0,0,0,0,0,0,0,0,0,0,0,0,0,0,0,0,1,0,0,0,0,0,0,0,1,0,0,0,0,0,0,0,0,0,0,0,0,0,0,0,42.72391992003231,0,0,350,350,4203,4203,480,480,685,685,817,817,761,761,2,0,0,350,350,527.3114285714286,527.3114285714286,0,0,0,0,350,2923,5094,2923,5094
0,3,214,0,2,140,0,1,74,66,71.33333333333333,4.618802153517004,74,66,70,5.656854249492381,74,74,74,0,74,0,0,0,0,0,0,0,0,0,0,0,0,2,0,0,0,2,0,0,0,1,0,0,0,1,0,0,0,1,0,0,0,1,0,0,0,4,0,1,350,349,3322,4272,298,356,0,0,1696,2226,318,370,1,0,0,350,331,867.9314285714286,855.1771428571428,0,0,0,0,350,2750,4459,2296,3481
5406,12,12329,5406,7,440,1502,5,11889,60,1027.4166666666667,2915.1685576818654,10189,60,62.85714285714286,5.398412465054624,74,60,2377.8,4411.626933456636,10189,0,491.45454545454544,1217.1281250251643,3901,0,901,1588.0183878028618,3901,0,375.5,750.3334814156525,1501,2,0,0,0,11,2,1,1,1,0,0,0,6,1,1,0,1,0,0,0,5,1,0,1,5062.170968731367,0,0,350,350,6580,6580,680,680,531,531,1093,1093,1062,1062,350,0,0,350,350,54259.59714285714,54259.59714285714,0,0,0,0,350,4212,7111,4212,7111
0,1,253,0,1,253,0,0,0,253,253,0,253,253,253,0,253,0,0,0,0,0,0,0,0,0,0,0,0,0,0,0,0,0,0,0,0,1,1,0,1,0,0,0,0,1,1,0,1,0,0,0,0,0,0,0,0,146.06961810497532,0,0,350,350,747,1135,142,170,37,37,480,677,52,80,1,0,0,350,343,242.61714285714285,251.19142857142856,0,0,0,0,350,771,1212,558,810
11889,55,8399,11889,22,3468,11889,33,4931,66,152.70909090909092,188.07117178495395,1042,66,157.63636363636363,137.9408242532681,706,66,149.42424242424244,217.19447367264988,1042,0,220.16666666666663,616.4719078818979,2454,0,566.1428571428571,925.7862758603784,2495,0,371.53125,769.2664702,2454,2,0,0,0,54,31,0,2,1,0,0,0,21,16,0,1,1,0,0,0,33,15,0,1,486.2482219333386,0,0,350,350,18807,18967,704,781,2,12,10820,10755,700,778,3,0,0,0,0,12313.985714285714,11071.445714285714,0,0,0,0,350,8030,19366,7663,19159
81731,29,24952,81731,17,1060,73151,12,23892,60,860.4137931034484,1918.454372614308,5894,60,62.352941176470594,4.8080814322163405,74,60,1991,2643.803905532536,5894,0,2918.964285714286,13053.11532981656,68992,0,5108.1875,17168.735854138085,68992,0,6650.090909090909,21302.374,70864,4,0,0,0,27,4,2,3,2,0,0,0,15,2,2,0,2,0,0,0,12,2,0,3,2914.674138,0,0,350,350,9237,9237,942,942,731,731,1495,1495,1462,1462,350,0,0,350,350,80719.27714285714,80719.27714285714,0,0,0,0,350,5945,9968,5945,9968
9443,28,2165,9443,11,859,9443,17,1306,60,77.32142857142856,12.748430757253484,100,66,78.09090909090911,9.554627627,96,60,76.82352941176471,14.714938388070331,100,0,349.7407407407408,1001.4719010840836,3413,0,944.3,1538.784083474857,3460,0,590.1875,1259.797032263531,3413,2,0,0,0,25,14,2,2,1,0,0,0,10,7,0,1,1,0,0,0,15,7,2,1,20.42057785666214,0,8,286,342,7002,10886,551,811,551,551,3907,5928,572,810,1,0,0,0,0,8846.524475524475,7279.82,0,0,0,0,286,5221,11874,3095,7839
0,2,357,0,1,297,0,1,60,60,178.5,167.58430714121175,297,297,297,0,297,60,60,0,60,0,0,0,0,0,0,0,0,0,0,0,0,0,0,0,0,1,1,1,0,0,0,0,0,1,1,0,0,0,0,0,0,0,0,1,0,136.8320137979413,0,0,350,350,650,902,0,12,40,40,516,658,233,236,1,0,0,350,347,834.9314285714286,820.2314285714285,0,0,0,0,350,870,1130,749,881
60,2,132,0,1,66,0,1,66,66,66,0,66,66,66,0,66,66,66,0,66,60,60,0,60,0,0,0,0,0,0,0,0,0,0,0,0,2,0,0,0,0,0,0,0,1,0,0,0,0,0,0,0,1,0,0,0,0,0,0,7,108,18,381,0,23,0,0,2,63,2,20,1,0,0,7,108,68.85714285714286,364.1203703703704,0,0,0,0,7,196,391,10,19
13,9,5358,13,5,937,11,4,4421,66,595.3333333333335,950.6109877336784,2767,66,187.40000000000003,267.0089886127432,665,66,1105.25,1300.25725,2767,0,1.625,3.814914340921881,11,0,3.2500000000000004,5.852349955359813,12,0,3.666666666666667,6.350852961085884,11,2,0,0,0,8,2,0,0,1,0,0,0,4,1,0,0,1,0,0,0,4,1,0,0,1282.1468974601416,0,2,350,348,2022,4385,302,410,1,1,812,2158,316,420,1,0,0,350,314,720.2028571428572,743.9542857142857,0,0,0,0,350,2576,4600,1430,2181
5,13,12887,5,7,888,3,6,11999,66,991.3076923076924,1907.3174611049672,5858,66,126.85714285714286,157.51341590631634,484,66,1999.8333333333333,2536.6035887908592,5858,0,0.4166666666666666,0.6685579234215215,2,0,0.8333333333333334,0.752772653,2,0,0.6,1.3416407864998738,3,2,0,0,0,12,2,1,1,1,0,0,0,6,1,1,0,1,0,0,0,6,1,0,1,2833.193898529832,0,0,350,350,4136,4136,518,518,559,559,711,711,715,715,2,0,0,350,350,119.76571428571428,119.76571428571428,0,0,0,0,350,2641,4820,2641,4820
3265,10,1798,3265,9,1724,0,1,74,66,179.79999999999998,94.53841077,253,66,191.5555555555556,92.19559521895704,253,74,74,0,74,0,362.77777777777777,458.1666666666667,1371,0,408.125,467.7109722589674,1371,0,0,0,0,2,0,0,0,9,6,0,2,1,0,0,0,8,6,0,2,1,0,0,0,1,0,0,0,90.91158708694216,0,0,350,350,726,1114,81,109,29,29,430,627,32,60,1,0,0,350,343,149.34285714285716,157.91714285714286,0,0,0,0,350,691,1173,478,771
11762,57,8531,11762,24,3600,11762,33,4931,66,149.66666666666669,185.38235905182304,1042,66,150.00000000000003,134.32213065094186,706,66,149.42424242424244,217.19447367264988,1042,0,210.0357142857143,590.3357123254134,2337,0,511.3913043478261,880.7045598491758,2401,0,367.56250000000006,747.4738073952394,2337,2,0,0,0,56,31,0,2,1,0,0,0,23,16,0,1,1,0,0,0,33,15,0,1,486.2482219333386,0,0,350,350,17918,17344,687,741,32,72,10157,9680,700,762,3,0,0,0,0,14529.24,13047.271428571428,0,0,0,0,350,7413,17793,7388,18298
96300,29,24952,96300,17,1060,92246,12,23892,60,860.4137931034483,1875.991937944172,7269,60,62.35294117647059,4.808081432,74,60,1991.0000000000005,2565.0676049924723,7269,0,3439.2857142857133,15159.743862922547,80162,0,6018.75,19927.78158083165,80162,0,8386,26976.83727570747,89710,4,0,0,0,27,4,2,3,2,0,0,0,15,2,2,0,2,0,0,0,12,2,0,3,3602.172712405667,0,0,350,350,6611,6611,675,675,526,526,1062,1062,1052,1052,350,0,0,350,350,53831.49428571429,53831.49428571429,0,0,0,0,350,4248,7137,4248,7137
176,14,12873,176,7,808,163,7,12065,60,919.5,1460.4723550961176,4410,60,115.42857142857142,132.6233477972577,416,66,1723.571428571429,1759.3449403251254,4410,0,13.538461538461538,37.46690848,137,0,29.333333333333336,59.45642662207902,150,0,27.166666666666668,54.18640665948119,137,2,0,0,0,11,2,2,2,1,0,0,0,4,1,2,1,1,0,0,0,7,1,0,1,2121.205317738007,0,0,350,350,4074,4074,470,470,588,588,760,760,746,746,2,0,0,350,350,337.8457142857143,337.8457142857143,0,0,0,0,350,2681,4845,2681,4845
0,1,74,0,1,74,0,0,0,74,74,0,74,74,74,0,74,0,0,0,0,0,0,0,0,0,0,0,0,0,0,0,0,1,0,0,0,0,0,0,0,1,0,0,0,0,0,0,0,0,0,0,0,0,0,0,0,42.72391992003231,0,0,350,350,30,30,5,5,0,0,22,22,349,349,2,0,0,350,350,31.46,31.46,0,0,0,0,350,373,376,373,376
0,1,253,0,1,253,0,0,0,253,253,0,253,253,253,0,253,0,0,0,0,0,0,0,0,0,0,0,0,0,0,0,0,0,0,0,0,1,1,0,1,0,0,0,0,1,1,0,1,0,0,0,0,0,0,0,0,146.06961810497532,0,0,350,350,735,1123,118,146,37,37,460,657,44,72,1,0,0,350,343,205.3028571428572,213.87714285714284,0,0,0,0,350,739,1196,526,794
1,5,349,1,3,186,0,2,163,60,69.8,15.498387012847497,97,60,62,3.4641016151377544,66,66,81.5,21.920310216782973,97,0,0.25,0.5,1,0,0.5,0.7071067811865476,1,0,0,0,0,0,0,0,0,3,1,2,2,0,0,0,0,1,0,2,1,0,0,0,0,2,1,0,1,16.740669042783207,0,1,124,349,6014,1518,221,417,208,150,3176,367,0,0,109,0,0,0,0,778.3306451612904,474.57714285714286,0,0,0,0,0,949,1642,4358,6222
0,5,349,0,3,186,0,2,163,60,69.8,15.498387012847497,97,60,62,3.4641016151377544,66,66,81.5,21.920310216782973,97,0,0,0,0,0,0,0,0,0,0,0,0,0,0,0,0,3,1,2,2,0,0,0,0,1,0,2,1,0,0,0,0,2,1,0,1,16.740669042783207,0,1,117,349,5993,1530,207,405,194,136,3169,374,0,0,102,0,0,0,0,824.8461538461538,560.0342857142857,0,0,0,0,0,945,1640,4337,6187
3443,46,6293,3426,23,4913,3442,23,1380,60,136.80434782608697,170.87664420930054,827,60,213.60869565217388,217.69426833613045,827,60,60,0,60,0,76.51111111111109,490.8838328706063,3296,0,155.72727272727272,701.6567592435832,3297,0,156.45454545454547,701.4974274,3297,0,0,0,0,46,23,0,0,0,0,0,0,23,23,0,0,0,0,0,0,23,0,0,0,383.5,0,0,68,71,12110,12129,0,0,15,18,6050,6056,23,29,1,0,0,0,0,3599.75,3468.718309859155,0,0,0,0,0,6084,12151,6071,12129
12,9,5359,12,5,938,11,4,4421,66,595.4444444444445,950.6202069,2767,66,187.6,267.45616463263656,666,66,1105.25,1300.25725,2767,0,1.5,3.4641016151377544,10,0,3,5.354126134736337,11,0,3.666666666666667,5.507570547286102,10,2,0,0,0,8,2,0,0,1,0,0,0,4,1,0,0,1,0,0,0,4,1,0,0,1282.0882379930017,0,2,350,348,2016,4347,302,400,1,1,810,2154,316,414,1,0,0,350,316,734,771.16,0,0,0,0,350,2562,4559,1427,2175
2313,62,8198,2313,31,6338,2312,31,1860,60,132.22580645161293,145.94445601372547,577,83,204.4516129032258,180.35702346728417,577,60,60,0,60,0,37.91803278688525,221.73011335720483,1682,0,77.10000000000001,316.98910565419794,1698,0,77.06666666666666,314.1931026,1683,0,0,0,0,62,31,0,0,0,0,0,0,31,31,0,0,0,0,0,0,31,0,0,0,254.8973649661108,0,0,39,42,6727,6746,0,0,15,18,3357,3363,23,29,1,0,0,0,0,3357.333333333333,3153.1428571428573,0,0,0,0,0,3391,6768,3378,6746
0,2,134,0,1,74,0,1,60,60,67,9.899494936611664,74,74,74,0,74,60,60,0,60,0,0,0,0,0,0,0,0,0,0,0,0,1,0,0,0,1,0,1,0,1,0,0,0,0,0,0,0,0,0,0,0,1,0,1,0,8.082903768654761,0,0,350,350,360,360,0,0,350,350,0,0,356,356,350,0,0,3,3,105.28857142857144,105.28857142857144,1,1,0,0,12,361,711,361,711
0,2,120,0,1,60,0,1,60,60,60,0,60,60,60,0,60,60,60,0,60,0,0,0,0,0,0,0,0,0,0,0,0,1,0,0,0,1,0,1,0,1,0,0,0,0,0,0,0,0,0,0,0,1,0,1,0,0,0,0,350,350,350,350,0,0,350,350,0,0,355,355,350,0,0,3,3,0.04,0.04,1,1,0,0,13,355,705,355,705
0,1,253,0,1,253,0,0,0,253,253,0,253,253,253,0,253,0,0,0,0,0,0,0,0,0,0,0,0,0,0,0,0,0,0,0,0,1,1,0,1,0,0,0,0,1,1,0,1,0,0,0,0,0,0,0,0,146.06961810497532,0,0,350,350,736,1124,98,126,29,29,445,642,38,66,1,0,0,350,343,177.32857142857142,185.9028571428572,0,0,0,0,350,715,1186,502,784
12036,56,8465,12036,22,3468,12036,34,4997,66,151.16071428571428,186.71346806228027,1042,66,157.63636363636363,137.9408242532681,706,66,146.9705882352941,214.3563282769388,1042,0,218.83636363636367,611.6688091,2232,0,573.1428571428571,927.7448079,2286,0,364.7272727272727,759.3234765536059,2232,2,0,0,0,55,31,0,2,1,0,0,0,21,16,0,1,1,0,0,0,34,15,0,1,486.2482219333386,0,0,350,350,19489,19041,712,771,2,16,11065,10653,705,775,3,0,0,0,0,12694.882857142857,11414.297142857144,0,0,0,0,350,8072,19444,8026,19843
23,3,192,23,2,126,0,1,66,60,64,3.4641016151377544,66,60,63,4.242640687119285,66,66,66,0,66,0,11.5,16.263455967290593,23,23,23,0,23,0,0,0,0,2,0,0,0,2,0,0,0,1,0,0,0,1,0,0,0,1,0,0,0,1,0,0,0,3,0,0,18,326,62,1056,4,70,0,6,13,184,16,131,1,0,0,18,326,181.0555555555556,341.2453987730061,0,0,0,0,18,620,1121,39,70
0,2,357,0,1,297,0,1,60,60,178.5,167.58430714121175,297,297,297,0,297,60,60,0,60,0,0,0,0,0,0,0,0,0,0,0,0,0,0,0,0,1,1,1,0,0,0,0,0,1,1,0,0,0,0,0,0,0,0,1,0,136.8320137979413,0,0,350,350,603,843,0,12,61,61,449,586,64,76,1,0,0,350,347,322.16857142857145,330.2885714285714,0,0,0,0,350,646,954,513,708
9289,28,2163,9289,11,857,9289,17,1306,60,77.25,12.57459225463674,100,66,77.90909091,8.926976480920572,91,60,76.82352941176471,14.714938388070331,100,0,344.0370370370371,975.8942440134462,3285,0,928.9,1494.5003215493502,3327,0,580.5625000000001,1226.5038643097162,3285,2,0,0,0,25,14,2,2,1,0,0,0,10,7,0,1,1,0,0,0,15,7,2,1,19.27649691550136,0,10,217,288,5276,9462,412,680,412,412,2941,5113,434,710,1,0,0,0,0,8712.732718894009,6603.540268456376,0,0,0,0,217,4618,10269,2335,5905
13046,55,8383,13046,22,3452,13046,33,4931,66,152.41818181818184,188.0436996993864,1042,66,156.9090909090909,137.87050829048633,706,66,149.42424242424244,217.19447367264988,1042,0,241.59259259259247,678.4990237,2739,0,621.2380952380952,1020.4793434833408,2785,0,407.68750000000006,846.9156730501949,2739,2,0,0,0,54,31,0,2,1,0,0,0,21,16,0,1,1,0,0,0,33,15,0,1,486.2482219333386,0,0,350,350,19410,19297,713,774,2,14,10923,10718,709,773,3,0,0,1,0,12673.857142857143,11500.588571428572,0,0,0,0,350,8200,19695,8039,19766
9266,28,2167,9266,11,861,9266,17,1306,60,77.39285714285714,12.705610559219089,100,66,78.27272727272727,9.381800563760766,92,60,76.82352941176471,14.714938388070331,100,0,343.1851851851852,973.7967738163628,3207,0,926.6,1493.0653182109766,3250,0,579.1249999999999,1223.909793789286,3207,2,0,0,0,25,14,2,2,1,0,0,0,10,7,0,1,1,0,0,0,15,7,2,1,19.485036994233976,0,0,350,350,8750,9243,700,730,700,662,4900,5132,700,730,1,0,0,0,0,9120.1,8654.02,0,0,0,0,350,4161,10270,3850,9800
229,7,1779,229,4,687,19,3,1092,60,254.1428571428572,353.9182714372668,966,60,171.75,219.51822247822616,501,60,364,521.3559244892111,966,0,38.16666666666666,77.13732343468152,195,0,76.33333333333333,119.4585004649453,214,4,9.5,7.7781745930520225,15,2,0,0,0,6,2,0,0,1,0,0,0,3,1,0,0,1,0,0,0,3,1,0,0,432.7103534698471,0,0,5,63,29,7843,0,12,0,8,10,76,10,32,1,0,0,5,63,371.8,86.52380952380952,0,0,0,0,5,3476,7858,20,34
162,14,12840,162,7,775,149,7,12065,60,917.1428571428572,1566.984456117637,5858,60,110.71428571428572,117.49143839122108,377,66,1723.571428571429,1946.5062596990588,5858,0,12.46153846153846,37.93770197,138,0,27,59.91994659543682,149,0,24.833333333333336,55.61444656441945,138,2,0,0,0,12,2,2,1,1,0,0,0,5,1,2,0,1,0,0,0,7,1,0,1,2849.015546,0,0,350,350,4108,4108,462,462,610,610,841,841,707,707,2,0,0,350,350,340.2628571428571,340.2628571428571,0,0,0,0,350,2740,4871,2740,4871
164,13,12820,164,8,887,151,5,11933,66,986.1538461538464,2164.3147047103944,5858,66,110.875,123.72485314484834,417,66,2386.6,3168.942694338287,5858,0,13.666666666666664,39.68588788,139,0,23.428571428571427,56.426521963987646,151,0,37.75,67.73662229547618,139,2,0,0,0,12,2,1,1,1,0,0,0,7,1,1,0,1,0,0,0,5,1,0,1,2842.320222986847,0,0,350,350,4125,4125,482,482,635,635,762,762,706,706,2,0,0,350,350,169.87142857142857,169.87142857142857,0,0,0,0,350,2681,4898,2681,4898
0,1,297,0,1,297,0,0,0,297,297,0,297,297,297,0,297,0,0,0,0,0,0,0,0,0,0,0,0,0,0,0,0,0,0,0,0,1,1,0,0,0,0,0,0,1,1,0,0,0,0,0,0,0,0,0,0,171.47302994931886,0,0,350,350,699,1057,0,20,42,42,527,718,166,186,1,0,0,350,345,701.2285714285714,717.3828571428571,0,0,0,0,350,878,1236,693,868
0,1,297,0,1,297,0,0,0,297,297,0,297,297,297,0,297,0,0,0,0,0,0,0,0,0,0,0,0,0,0,0,0,0,0,0,0,1,1,0,0,0,0,0,0,1,1,0,0,0,0,0,0,0,0,0,0,171.47302994931886,0,1,350,349,985,1059,14,18,0,0,531,573,630,626,1,0,0,350,348,1512.4457142857143,1495.5114285714285,0,0,0,0,350,1219,1541,1175,1467
1,3,214,1,2,140,0,1,74,66,71.33333333333333,4.618802153517004,74,66,70,5.656854249492381,74,74,74,0,74,0,0.5,0.7071067811865476,1,1,1,0,1,0,0,0,0,2,0,0,0,2,0,0,0,1,0,0,0,1,0,0,0,1,0,0,0,1,0,0,0,4,0,1,350,349,1955,3149,304,366,0,0,793,1457,302,364,1,0,0,350,329,724.8485714285714,735.1628571428571,0,0,0,0,350,1976,3333,1395,2106
10447,13,12383,10447,8,500,1290,5,11883,60,952.5384615384614,1729.9117807653572,4434,60,62.5,5.0990195135927845,74,60,2376.6,2204.192096891739,4434,0,870.5833333333334,2633.830720671227,9152,0,1492.428571428571,3411.2310024946933,9152,0,322.5,639.6777834712307,1282,2,0,0,0,12,2,1,1,1,0,0,0,7,1,1,0,1,0,0,0,5,1,0,1,2184.676635111018,0,0,350,350,6466,6466,674,674,525,525,1064,1064,1050,1050,350,0,0,350,350,54275.40857142857,54275.40857142857,0,0,0,0,350,4155,6991,4155,6991
1,3,198,1,2,132,0,1,66,66,66,0,66,66,66,0,66,66,66,0,66,0,0.5,0.7071067811865476,1,1,1,0,1,0,0,0,0,0,0,0,0,3,0,0,2,0,0,0,0,2,0,0,1,0,0,0,0,1,0,0,1,0,0,1,350,349,1973,2995,302,344,0,0,792,1376,304,348,1,0,0,350,335,723.8114285714286,744.4,0,0,0,0,350,1903,3171,1409,2125
144,9,864,144,5,496,143,4,368,60,96,70.17121917139534,250,60,99.2,84.33978894922609,250,60,92,60.06662967072483,182,0,18,49.70196891759635,141,0,36,70.66823897621902,142,0,47.66666666666667,80.83522334560185,141,2,0,0,0,8,2,0,2,1,0,0,0,4,1,0,1,1,0,0,0,4,1,0,1,94.24790006502354,0,0,10,166,137,1925,20,332,0,0,21,343,20,332,1,0,0,10,166,114,91.01807228915662,0,0,0,0,10,1034,2091,71,147
34,7,2896,34,4,809,33,3,2087,66,413.71428571428567,704.7838236617226,1947,66,202.25,267.1932821011786,603,66,695.6666666666666,1083.693837452873,1947,0,5.666666666666666,12.909944487358056,32,0,11.333333333333334,18.77054430040145,33,1,16.5,21.920310216782973,32,2,0,0,0,6,2,0,0,1,0,0,0,3,1,0,0,1,0,0,0,3,1,0,0,887.8530284,0,1,350,349,2014,4181,308,400,1,1,814,2060,308,402,1,0,0,350,319,745.3914285714286,777.1457142857142,0,0,0,0,350,2478,4385,1427,2169
997,6,374,996,3,194,997,3,180,60,62.33333333333333,2.9439202887759484,66,62,64.66666666666667,2.309401076758505,66,60,60,0,60,0,199.4,272.12735988871094,498,497,498,1.4142135623730951,499,498,498.5,0.7071067811865476,499,3,0,0,0,3,0,3,0,3,0,0,0,0,0,0,0,0,0,0,0,3,0,3,0,2.8284271247461903,0,0,197,350,1482,1400,234,140,240,840,244,140,474,980,1,0,0,197,350,463.0913705583756,825.0057142857142,0,0,0,0,197,1190,2310,950,1839
3265,10,1798,3265,9,1724,0,1,74,66,179.79999999999998,94.53841077,253,66,191.5555555555556,92.19559521895704,253,74,74,0,74,0,362.77777777777777,458.1666666666667,1371,0,408.125,467.7109722589674,1371,0,0,0,0,2,0,0,0,9,6,0,2,1,0,0,0,8,6,0,2,1,0,0,0,1,0,0,0,90.91158708694216,0,0,350,350,729,1117,87,115,29,29,435,632,34,62,1,0,0,350,343,158.67142857142858,167.24571428571429,0,0,0,0,350,699,1177,486,775
1,3,198,1,2,132,0,1,66,66,66,0,66,66,66,0,66,66,66,0,66,0,0.5,0.7071067811865476,1,1,1,0,1,0,0,0,0,0,0,0,0,3,0,0,2,0,0,0,0,2,0,0,1,0,0,0,0,1,0,0,1,0,0,1,350,349,3328,3860,302,342,0,0,1687,1959,326,364,1,0,0,350,335,912.7914285714286,854.9028571428571,0,0,0,0,350,2556,4044,2300,3491
1,3,214,1,2,140,0,1,74,66,71.33333333333333,4.618802153517004,74,66,70,5.656854249492381,74,74,74,0,74,0,0.5,0.7071067811865476,1,1,1,0,1,0,0,0,0,2,0,0,0,2,0,0,0,1,0,0,0,1,0,0,0,1,0,0,0,1,0,0,0,4,0,0,350,350,1981,3074,300,352,0,0,808,1424,304,352,1,0,0,350,334,741.3742857142857,761.9971428571429,0,0,0,0,350,1946,3250,1411,2133
0,5,349,0,3,186,0,2,163,60,69.8,15.498387012847497,97,60,62,3.4641016151377544,66,66,81.5,21.920310216782973,97,0,0,0,0,0,0,0,0,0,0,0,0,0,0,0,0,3,1,2,2,0,0,0,0,1,0,2,1,0,0,0,0,2,1,0,1,16.740669042783207,0,0,96,350,5914,1559,165,381,154,98,3139,378,0,0,81,0,0,0,0,998.7291666666666,779.2542857142857,0,0,0,0,0,935,1623,4269,6068
0,2,120,0,1,60,0,1,60,60,60,0,60,60,60,0,60,60,60,0,60,0,0,0,0,0,0,0,0,0,0,0,0,1,0,0,0,1,0,1,0,1,0,0,0,0,0,0,0,0,0,0,0,1,0,1,0,0,0,0,350,350,417,417,12,12,345,345,13,13,363,363,350,0,0,6,6,66.39142857142858,66.39142857142858,1,1,0,0,19,396,772,396,772
0,1,253,0,1,253,0,0,0,253,253,0,253,253,253,0,253,0,0,0,0,0,0,0,0,0,0,0,0,0,0,0,0,0,0,0,0,1,1,0,1,0,0,0,0,1,1,0,1,0,0,0,0,0,0,0,0,146.06961810497532,0,0,350,350,736,1124,98,126,29,29,445,642,38,66,1,0,0,350,343,177.32857142857142,185.9028571428572,0,0,0,0,350,715,1186,502,784
121,4,348,0,2,142,0,2,206,71,87,18.475208614068023,103,71,71,0,71,103,103,0,103,0,40.33333333333333,69.85938257194472,121,0,0,0,0,0,0,0,0,0,0,0,0,0,0,0,0,0,0,0,0,0,0,0,0,0,0,0,0,0,0,0,0,18.475208614068023,348,336,2,14,12,84,4,8,8,4,4,44,0,0,5,0,0,0,0,61.68,56.02285714285714,328,328,0,0,328,734,1446,704,1408
997,6,374,996,3,194,997,3,180,60,62.33333333333333,2.9439202887759484,66,62,64.66666666666667,2.309401076758505,66,60,60,0,60,0,199.4,272.12735988871094,498,497,498,1.4142135623730951,499,498,498.5,0.7071067811865476,499,3,0,0,0,3,0,3,0,3,0,0,0,0,0,0,0,0,0,0,0,3,0,3,0,2.8284271247461903,0,0,165,350,1386,2961,234,364,144,504,244,379,378,868,1,0,0,165,350,359.2060606060606,534.1685714285715,0,0,0,0,165,1770,3647,854,1647
1272,6,403,1272,2,139,1272,4,264,66,67.16666666666667,2.041241452319316,71,68,69.5,2.1213203435596424,71,66,66,0,66,0,254.4,568.8556934759465,1272,1272,1272,0,1272,0,424,734.3895424,1272,0,0,0,0,6,2,1,1,0,0,0,0,2,2,0,0,0,0,0,0,4,0,1,1,2.362907813126304,0,1,133,347,6051,1462,234,425,219,156,3186,344,6,6,116,2,2,0,0,797.3259259,377.7142857142857,0,0,0,0,0,922,1609,4391,6282
1008,6,374,1008,3,194,1007,3,180,60,62.33333333333333,2.9439202887759484,66,62,64.66666666666667,2.309401076758505,66,60,60,0,60,0,201.6,275.2131900908821,512,495,504,12.727922061357855,513,495,503.5,12.020815280171307,512,3,0,0,0,3,0,3,0,3,0,0,0,0,0,0,0,0,0,0,0,3,0,3,0,2.8284271247461903,0,0,171,350,1688,1050,218,0,186,1050,231,0,404,1050,1,0,0,171,350,431.44444444444446,1013.3342857142856,0,0,0,0,171,1050,2100,939,1983
9736,28,2157,9736,11,851,9736,17,1306,60,77.03571428571426,12.375250518548109,100,66,77.36363636363636,8.176462893852419,87,60,76.82352941176471,14.714938388070331,100,0,360.59259259259255,1017.5385934566754,3365,0,973.6,1557.041225458651,3414,0,608.5,1278.1908047444767,3365,2,0,0,0,25,14,2,2,1,0,0,0,10,7,0,1,1,0,0,0,15,7,2,1,18.55397531527948,0,0,350,350,8750,9579,700,744,700,660,4900,5322,700,740,1,0,0,0,0,9131.491429,8694.628571428571,0,0,0,0,350,4339,10609,3850,9800
619,19,13455,619,8,8742,619,11,4713,66,708.1578947368423,971.3664638114412,3614,66,1092.75,1333.9594928525487,3614,66,428.45454545454544,498.3926892795205,1096,0,34.38888888888889,83.96927931857607,279,0,88.42857142857143,121.08792555117012,279,0,61.89999999999999,106.97086830846362,279,0,0,0,0,19,10,0,2,0,0,0,0,8,5,0,1,0,0,0,0,11,5,0,1,1674.2842251740492,0,0,101,350,5945,1563,175,379,162,106,3153,388,0,0,86,0,0,0,0,955.4257425742576,779.0514285714286,0,0,0,0,0,939,1635,4289,6107
1,3,198,1,2,132,0,1,66,66,66,0,66,66,66,0,66,66,66,0,66,0,0.5,0.7071067811865476,1,1,1,0,1,0,0,0,0,0,0,0,0,3,0,0,2,0,0,0,0,2,0,0,1,0,0,0,0,1,0,0,1,0,0,1,350,349,3312,4205,300,350,0,0,1688,2194,316,364,1,0,0,350,333,871.1142857142858,857.78,0,0,0,0,350,2714,4389,2288,3470
171,13,12818,171,7,819,158,6,11999,60,986,2164.524004640897,5858,60,117,136.77840960229554,427,66,1999.8333333333333,2988.5262198392484,5858,0,14.25,37.82044901420875,133,0,28.5,57.427345402691216,145,0,31.6,57.02894002171179,133,2,0,0,0,10,2,2,2,1,0,0,0,4,1,2,1,1,0,0,0,6,1,0,1,2842.019161910536,0,0,350,350,4166,4166,475,475,587,587,754,754,749,749,2,0,0,350,350,312.75142857142856,312.75142857142856,0,0,0,0,350,2707,4915,2707,4915
1061,12,12705,1061,7,772,47,5,11933,66,1058.7500000000002,2326.6842237984783,7306,66,110.28571428571428,110.17821061915144,360,66,2386.6,3330.247709,7306,0,96.45454545454544,298.51176313048825,996,0,176.83333333333334,401.7200102890901,996,0,11.75,14.568802284333463,30,3,0,0,0,10,2,1,1,2,0,0,0,5,1,1,0,1,0,0,0,5,1,0,1,3573.688430739311,0,0,350,350,4065,4065,478,478,637,637,758,758,747,747,2,0,0,350,350,377.25714285714287,377.25714285714287,0,0,0,0,350,2716,4897,2716,4897
8585,28,2156,8585,11,850,8585,17,1306,60,77,12.34983880536578,100,66,77.27272727272728,8.075777474533448,87,60,76.82352941176471,14.714938388070331,100,0,317.962963,910.8801948361428,3151,0,858.5,1401.3255034668664,3194,0,536.5625,1145.8870199544108,3151,2,0,0,0,25,14,2,2,1,0,0,0,10,7,0,1,1,0,0,0,15,7,2,1,18.55397531527948,0,0,350,350,8751,9265,701,725,701,661,4900,5134,700,724,1,0,0,0,0,9153.528571428573,8691.88,0,0,0,0,350,4185,10288,3851,9802
3781,20,8912,3781,11,5139,3703,9,3773,60,445.5999999999999,559.5658467437994,1575,60,467.1818181818181,612.8085864577647,1575,66,419.2222222222222,522.3068489350339,1142,0,199,514.7360704499173,1994,0,378.1,681.4661400245797,1994,0,462.875,737.5617044404779,1995,0,0,0,0,18,8,2,2,0,0,0,0,9,4,2,1,0,0,0,0,9,4,0,1,768.5663602,0,0,94,350,5908,1565,161,383,150,94,3137,377,0,0,79,0,0,0,0,1019.968085106383,780.0742857142857,0,0,0,0,0,936,1625,4263,6058
12086,55,8399,12086,22,3468,12085,33,4931,66,152.70909090909092,188.07117178495395,1042,66,157.63636363636363,137.9408242532681,706,66,149.42424242424244,217.19447367264988,1042,0,223.8148148148149,615.1349621531625,2176,0,575.5238095238095,927.0675605934888,2232,0,377.65625,766.1919076279232,2176,2,0,0,0,54,31,0,2,1,0,0,0,21,16,0,1,1,0,0,0,33,15,0,1,486.2482219333386,0,0,350,350,19380,19102,713,773,2,14,11015,10700,705,779,3,0,0,0,0,12586.674285714284,11369.914285714283,0,0,0,0,350,8127,19505,7972,19734
3202,9,1996,3202,8,1922,0,1,74,66,221.77777777777777,112.85696453672873,297,66,240.25,105.10233108737408,297,74,74,0,74,0,400.25,556.7797076556785,1604,0,457.4285714285714,575.4620918,1604,0,0,0,0,2,0,0,0,8,6,0,0,1,0,0,0,7,6,0,0,1,0,0,0,1,0,0,0,112.89633888365616,0,0,350,350,696,768,0,8,32,32,494,524,152,160,1,0,0,350,348,613.1885714285714,613.8685714285714,0,0,0,0,350,686,923,646,847
78,9,866,78,5,498,77,4,368,60,96.22222222222224,70.72089114571764,252,60,99.6,85.23379611398286,252,60,92,60.06662967072483,182,0,9.75,26.772854055660822,76,0,19.5,38.33623177448022,77,0,25.666666666666664,43.59281286,76,2,0,0,0,8,2,0,2,1,0,0,0,4,1,0,1,1,0,0,0,4,1,0,1,95.04209594,0,0,78,350,844,4388,156,700,0,0,164,740,156,700,1,0,0,78,350,99.17948717948718,104.37142857142857,0,0,0,0,78,2283,4738,476,922
1,5,349,1,3,186,0,2,163,60,69.8,15.498387012847497,97,60,62,3.4641016151377544,66,66,81.5,21.920310216782973,97,0,0.25,0.5,1,0,0.5,0.7071067811865476,1,0,0,0,0,0,0,0,0,3,1,2,2,0,0,0,0,1,0,2,1,0,0,0,0,2,1,0,1,16.740669042783207,0,1,114,349,5984,1535,201,401,188,130,3166,376,0,0,99,0,0,0,0,846.5350877192982,588.66,0,0,0,0,0,943,1639,4328,6172
1075,14,12891,1075,8,892,49,6,11999,60,920.7857142857144,1666.1250381820516,5858,60,111.5,124.7385837891159,420,66,1999.8333333333333,2179.592477199962,5858,0,82.69230769230768,275.24243393033976,998,0,153.57142857142858,372.9543569673807,998,0,9.8,14.429137188342208,32,3,0,0,0,11,2,2,1,2,0,0,0,5,1,2,0,1,0,0,0,6,1,0,1,2842.986457934684,0,0,350,350,4069,4069,476,476,639,639,762,762,741,741,2,0,0,350,350,371.60857142857145,371.60857142857145,0,0,0,0,350,2697,4892,2697,4892
11165,11,12269,11165,7,440,1072,4,11829,60,1115.3636363636365,2690.433209456324,8814,60,62.85714285714286,5.398412465054624,74,60,2957.25,4125.5126045135285,8814,0,1116.5,3170.0079302389418,10088,0,1860.8333333333333,4053.165203475756,10088,0,357.33333333333337,614.5944462,1067,2,0,0,0,10,2,1,1,1,0,0,0,6,1,1,0,1,0,0,0,4,1,0,1,4374.671645,0,0,350,350,4232,4232,448,448,350,350,733,733,700,700,350,0,0,350,350,7524.88,7524.88,0,0,0,0,350,2693,4582,2693,4582
4573,52,15165,4536,27,13665,4572,25,1500,60,291.6346153846154,447.8230580567509,1514,60,506.1111111111112,542.2336519742512,1514,60,60,0,60,0,89.66666666666671,542.1659770463899,3848,0,174.4615384615385,756.9272213770215,3849,0,190.5,786.9880392439541,3849,0,0,0,0,52,27,0,0,0,0,0,0,27,27,0,0,0,0,0,0,25,0,0,0,727,0,0,95,127,12601,18704,0,0,17,44,6299,6498,25,59,1,0,0,0,0,2854.557894736842,2280.9133858267714,0,0,0,0,0,10367,18753,6322,12621
6,7,3098,6,4,871,6,3,2227,66,442.57142857142856,758.3675136200692,2087,66,217.75000000000003,298.19051516326493,665,66,742.3333333333334,1164.5223627450584,2087,0,1,2,5,0,2,2.6457513110645907,5,1,3,2.8284271247461903,5,2,0,0,0,6,2,0,0,1,0,0,0,3,1,0,0,1,0,0,0,3,1,0,0,953.4397376516952,0,2,350,348,2021,4186,304,396,1,1,818,2064,312,404,1,0,0,350,318,745.64,777.3914285714286,0,0,0,0,350,2483,4393,1432,2178
1,3,214,1,2,140,0,1,74,66,71.33333333333333,4.618802153517004,74,66,70,5.656854249492381,74,74,74,0,74,0,0.5,0.7071067811865476,1,1,1,0,1,0,0,0,0,2,0,0,0,2,0,0,0,1,0,0,0,1,0,0,0,1,0,0,0,1,0,0,0,4,0,1,350,349,1960,2862,302,356,0,0,792,1278,304,348,1,0,0,350,333,721.8371428571429,728.7771428571428,0,0,0,0,350,1843,3038,1394,2112
1,3,214,1,2,140,0,1,74,66,71.33333333333333,4.618802153517004,74,66,70,5.656854249492381,74,74,74,0,74,0,0.5,0.7071067811865476,1,1,1,0,1,0,0,0,0,2,0,0,0,2,0,0,0,1,0,0,0,1,0,0,0,1,0,0,0,1,0,0,0,4,0,1,350,349,1989,3272,302,366,0,0,808,1534,302,362,1,0,0,350,329,734.28,749.2685714285715,0,0,0,0,350,2036,3455,1409,2140
1,5,349,1,3,186,1,2,163,60,69.8,15.498387012847497,97,60,62,3.4641016151377544,66,66,81.5,21.920310216782973,97,0,0.25,0.5,1,0,0.5,0.7071067811865476,1,1,1,0,1,0,0,0,0,3,1,2,2,0,0,0,0,1,0,2,1,0,0,0,0,2,1,0,1,16.740669042783207,0,0,107,350,5963,1557,187,387,174,116,3159,386,0,0,92,0,0,0,0,901.8878504672896,750.5028571428571,0,0,0,0,0,942,1641,4307,6137
11827,55,8399,11827,22,3468,11827,33,4931,66,152.70909090909092,188.07117178495395,1042,66,157.63636363636363,137.9408242532681,706,66,149.42424242424244,217.19447367264988,1042,0,219.01851851851853,605.3942576517915,2312,0,563.1904761904761,912.3154399,2382,0,369.59375,754.4875577,2312,2,0,0,0,54,31,0,2,1,0,0,0,21,16,0,1,1,0,0,0,33,15,0,1,486.2482219333386,0,0,350,350,18813,18936,704,785,2,12,10820,10725,700,782,3,0,0,0,0,12319.265714285715,11000.34,0,0,0,0,350,8030,19337,7669,19165
2923,7,995,2884,4,789,2923,3,206,66,142.14285714285714,194.43630368446165,583,66,197.25,257.1943169408427,583,66,68.66666666666667,4.618802153517007,74,0,487.1666666666666,1172.8340746527902,2881,1,961.3333333333334,1662.4801753203956,2881,3,1461.5,2062.630480721159,2920,2,0,0,0,6,1,0,1,1,0,0,0,3,1,0,1,1,0,0,0,3,0,0,0,257.1943169408427,0,1,126,349,6023,1520,224,416,210,150,3178,371,2,2,111,0,0,0,0,789.1746031746031,481.3742857142857,0,0,0,0,0,949,1647,4365,6234
1,3,180,1,2,120,0,1,60,60,60,0,60,60,60,0,60,60,60,0,60,0,0.5,0.7071067811865476,1,1,1,0,1,0,0,0,0,0,0,0,0,3,0,0,2,0,0,0,0,2,0,0,1,0,0,0,0,1,0,0,1,0,0,0,350,350,649,20972,2,1434,284,0,379,10874,126,1392,2,0,0,350,3,127.98285714285714,611.6714285714286,0,0,0,0,350,11003,21668,549,996
1010,6,374,1009,3,194,1009,3,180,60,62.33333333333333,2.9439202887759484,66,62,64.66666666666667,2.309401076758505,66,60,60,0,60,0,202,275.70999256465115,509,500,504.5,6.363961030678928,509,499,504.5,7.7781745930520225,510,3,0,0,0,3,0,3,0,3,0,0,0,0,0,0,0,0,0,0,0,3,0,3,0,2.8284271247461903,0,0,124,350,1547,3301,218,496,45,306,231,516,263,802,1,0,0,124,350,211.0241935483871,359.5228571428572,0,0,0,0,124,1907,3855,798,1701
0,1,297,0,1,297,0,0,0,297,297,0,297,297,297,0,297,0,0,0,0,0,0,0,0,0,0,0,0,0,0,0,0,0,0,0,0,1,1,0,0,0,0,0,0,1,1,0,0,0,0,0,0,0,0,0,0,171.47302994931886,0,0,350,350,663,663,0,0,40,40,525,525,263,263,1,0,0,350,350,987.2514285714286,987.2514285714286,0,0,0,0,350,788,921,788,921
78890,25,24712,78890,15,940,73434,10,23772,60,988.48,2213.873003735008,8814,60,62.66666666666666,5.052109413285654,74,60,2377.2,3081.9702140027243,8814,0,3287.083333333334,13097.731157380444,63995,0,5634.999999999999,17007.787967236116,63995,0,8159.333333333333,24293.71006557047,72942,4,0,0,0,23,4,2,2,2,0,0,0,13,2,2,0,2,0,0,0,10,2,0,2,4374.671645,0,0,350,350,9414,9414,998,998,736,736,1518,1518,1470,1470,350,0,0,350,350,81321.96,81321.96,0,0,0,0,350,6037,10150,6037,10150
0,3,198,0,2,132,0,1,66,66,66,0,66,66,66,0,66,66,66,0,66,0,0,0,0,0,0,0,0,0,0,0,0,0,0,0,0,3,0,0,2,0,0,0,0,2,0,0,1,0,0,0,0,1,0,0,1,0,0,2,350,348,2017,4396,304,408,1,1,810,2170,314,420,1,0,0,350,314,733.9971428571429,757.8542857142858,0,0,0,0,350,2585,4611,1427,2175
3,13,12824,3,7,825,2,6,11999,66,986.4615384615386,1908.7933193243928,5858,66,117.85714285714286,133.70667967785377,421,66,1999.8333333333333,2536.6035887908592,5858,0,0.25,0.4522670168666455,1,0,0.5,0.5477225575051661,1,0,0.4,0.5477225575051661,1,2,0,0,0,12,2,1,1,1,0,0,0,6,1,1,0,1,0,0,0,6,1,0,1,2841.7651058218494,0,0,350,350,4224,4516,386,397,417,412,696,880,712,720,2,0,0,350,346,144.13142857142856,160.20857142857142,0,0,0,0,350,2762,5005,2627,4711
9067,28,2155,9067,11,849,9067,17,1306,60,76.96428571428571,12.35728048368171,100,66,77.18181818181817,8.109478181,89,60,76.82352941176471,14.714938388070331,100,0,335.81481481481484,959.3954842278002,3425,0,906.7,1472.5868433172664,3468,0,566.6875000000001,1206.6006640558426,3425,2,0,0,0,25,14,2,2,1,0,0,0,10,7,0,1,1,0,0,0,15,7,2,1,18.89223826513594,0,0,350,350,8750,9568,700,738,700,662,4900,5310,700,734,1,0,0,0,0,9093.837142857144,8633.782857142856,0,0,0,0,350,4325,10597,3850,9800
8884,28,2158,8884,11,852,8884,17,1306,60,77.07142857142857,12.451174484029448,100,66,77.45454545454545,8.477778439705022,89,60,76.82352941176471,14.714938388070331,100,0,329.03703703703707,928.1467673,3089,0,888.4,1421.143999271948,3132,0,555.2500000000001,1165.8582818393209,3089,2,0,0,0,25,14,2,2,1,0,0,0,10,7,0,1,1,0,0,0,15,7,2,1,18.89223826513594,0,0,350,350,8751,9713,701,743,701,659,4900,5428,700,742,1,0,0,0,0,8992.565714285714,8514.782857142856,0,0,0,0,350,4377,10743,3851,9802
0,5,349,0,3,186,0,2,163,60,69.8,15.498387012847497,97,60,62,3.4641016151377544,66,66,81.5,21.920310216782973,97,0,0,0,0,0,0,0,0,0,0,0,0,0,0,0,0,3,1,2,2,0,0,0,0,1,0,2,1,0,0,0,0,2,1,0,1,16.740669042783207,0,0,97,350,5917,1557,167,381,156,100,3140,378,0,0,82,0,0,0,0,988.4329896907216,778.8685714285714,0,0,0,0,0,935,1623,4272,6073
1,5,349,1,3,186,0,2,163,60,69.8,15.498387012847497,97,60,62,3.4641016151377544,66,66,81.5,21.920310216782973,97,0,0.25,0.5,1,0,0.5,0.7071067811865476,1,0,0,0,0,0,0,0,0,3,1,2,2,0,0,0,0,1,0,2,1,0,0,0,0,2,1,0,1,16.740669042783207,0,0,108,350,5966,1553,189,389,176,118,3160,385,0,0,93,0,0,0,0,893.5462962962963,736.2228571428572,0,0,0,0,0,940,1639,4310,6142
1996,12,12329,1996,8,500,353,4,11829,60,1027.4166666666667,2915.1685576818654,10189,60,62.5,5.0990195135927845,74,60,2957.25,4869.447701399685,10189,0,181.45454545454547,491.7973899150672,1635,0,285.1428571428571,607.7640519618966,1635,0,117.66666666666666,181.75349606908068,327,2,0,0,0,11,2,1,1,1,0,0,0,7,1,1,0,1,0,0,0,4,1,0,1,5062.170968731367,0,0,350,350,4265,4265,454,454,350,350,706,706,700,700,350,0,0,350,350,10604.282857142856,10604.282857142856,0,0,0,0,350,2693,4615,2693,4615
4062,10,740,4062,5,370,4062,5,370,74,74,0,74,74,74,0,74,74,74,0,74,0,451.3333333333333,535.2156107588792,1016,1015,1015.5,0.5773502691896257,1016,1015,1015.5,0.5773502691896257,1016,0,0,0,0,0,0,0,0,0,0,0,0,0,0,0,0,0,0,0,0,0,0,0,0,0,0,1,133,344,6051,1394,234,426,219,156,3186,313,6,6,116,5,5,0,0,868.4130434782609,323.33714285714285,0,0,0,0,0,900,1573,4407,6314
1,3,214,1,2,140,0,1,74,66,71.33333333333333,4.618802153517004,74,66,70,5.656854249492381,74,74,74,0,74,0,0.5,0.7071067811865476,1,1,1,0,1,0,0,0,0,2,0,0,0,2,0,0,0,1,0,0,0,1,0,0,0,1,0,0,0,1,0,0,0,4,0,4,350,346,3209,7597,306,542,0,0,1600,4010,326,556,1,0,0,350,270,894.5542857142857,911.4,0,0,0,0,350,4322,7883,2222,3372
9842,28,2165,9842,11,859,9842,17,1306,60,77.32142857142856,12.64926749871186,100,66,78.09090909090911,9.191893661858211,92,60,76.82352941176471,14.714938388070331,100,0,364.5185185185185,1033.7908719618138,3388,0,984.2,1582.334477915463,3430,0,615.125,1299.2459800463755,3388,2,0,0,0,25,14,2,2,1,0,0,0,10,7,0,1,1,0,0,0,15,7,2,1,19.485036994233976,0,0,350,350,8750,9576,700,734,700,666,4900,5354,700,734,1,0,0,0,0,8877.837142857143,8499.748571428572,0,0,0,0,350,4306,10609,3850,9800
1029,6,374,1029,3,194,1028,3,180,60,62.33333333333333,2.9439202887759484,66,62,64.66666666666667,2.309401076758505,66,60,60,0,60,0,205.8,280.89268413399446,515,513,514.5,2.1213203435596424,516,513,514,1.4142135623730951,515,3,0,0,0,3,0,3,0,3,0,0,0,0,0,0,0,0,0,0,0,3,0,3,0,2.8284271247461903,0,0,269,350,2652,2956,440,362,147,507,456,377,587,869,1,0,0,269,350,265.4609665427509,536.9114285714286,0,0,0,0,269,1768,3644,1495,3019
0,2,120,0,1,60,0,1,60,60,60,0,60,60,60,0,60,60,60,0,60,0,0,0,0,0,0,0,0,0,0,0,0,1,0,0,0,1,0,1,0,1,0,0,0,0,0,0,0,0,0,0,0,1,0,1,0,0,0,0,350,350,350,350,0,0,350,350,0,0,350,350,350,0,0,0,0,0.048571429,0.048571429,0,0,0,0,1,350,700,350,700
8970,28,2163,8970,11,857,8970,17,1306,60,77.25,12.568700100735244,100,66,77.90909091,8.904544294398736,90,60,76.82352941176471,14.714938388070331,100,0,332.2222222222222,951.3908577,3522,0,897,1462.6841384553566,3565,0,560.625,1196.8058530939763,3522,2,0,0,0,25,14,2,2,1,0,0,0,10,7,0,1,1,0,0,0,15,7,2,1,19.078784028338912,0,0,350,350,8751,9782,701,737,701,657,4900,5470,700,738,1,0,0,0,0,9040.597142857145,11048.114285714286,0,0,0,0,350,4376,10806,3851,9802
118,15,12984,118,8,919,107,7,12065,60,865.6,1876.7434484842545,7306,60,114.875,142.3591409077759,467,66,1723.571428571429,2566.026490974119,7306,0,8.428571428571429,21.731629857508075,82,0,16.857142857142858,34.43074484347079,94,0,17.833333333333336,32.027592270832145,82,2,0,0,0,11,2,3,2,1,0,0,0,4,1,3,1,1,0,0,0,7,1,0,1,3559.266345283346,0,0,350,350,4063,4063,500,500,647,647,700,700,700,700,2,0,0,350,350,62.22285714285714,62.22285714285714,0,0,0,0,350,2618,4860,2618,4860
72302,28,26261,72302,17,1066,72009,11,25195,60,937.8928571428572,1990.1129195449391,7354,60,62.70588235294117,4.8446453157371705,74,60,2290.454545454545,2716.424427943334,7354,0,2677.851851851852,12391.940369895836,64326,0,4518.875,16040.483853363028,64326,0,7200.9000000000015,22503.62564096925,71244,4,0,0,0,26,5,2,3,2,0,0,0,15,2,2,0,2,0,0,0,11,3,0,3,3644.6726419071806,0,0,350,350,5546,5546,538,538,453,453,927,927,906,906,350,0,0,350,350,28899.257142857143,28899.257142857143,0,0,0,0,350,3540,5999,3540,5999
0,5,349,0,3,186,0,2,163,60,69.8,15.498387012847497,97,60,62,3.4641016151377544,66,66,81.5,21.920310216782973,97,0,0,0,0,0,0,0,0,0,0,0,0,0,0,0,0,3,1,2,2,0,0,0,0,1,0,2,1,0,0,0,0,2,1,0,1,16.740669042783207,0,0,91,350,5884,1560,155,387,144,88,3127,369,0,0,76,0,0,0,0,1012.032967032967,769.54,0,0,0,0,0,931,1614,4246,6028
1,3,214,1,2,140,0,1,74,66,71.33333333333333,4.618802153517004,74,66,70,5.656854249492381,74,74,74,0,74,0,0.5,0.7071067811865476,1,1,1,0,1,0,0,0,0,2,0,0,0,2,0,0,0,1,0,0,0,1,0,0,0,1,0,0,0,1,0,0,0,4,0,1,350,349,3335,4071,298,338,0,0,1703,2115,318,362,1,0,0,350,335,841.3114285714286,830.1,0,0,0,0,350,2651,4254,2301,3494
13159,55,8399,13159,22,3468,13159,33,4931,66,152.70909090909092,188.07117178495395,1042,66,157.63636363636363,137.9408242532681,706,66,149.42424242424244,217.19447367264988,1042,0,243.6851851851852,672.6462476616972,2514,0,626.6190476190476,1008.4455600671002,2569,0,411.21875,838.1746963327995,2514,2,0,0,0,54,31,0,2,1,0,0,0,21,16,0,1,1,0,0,0,33,15,0,1,486.2482219333386,0,6,350,344,10705,19183,703,1238,555,0,5971,9937,704,1208,3,0,0,1,0,9600.248571428572,2745.0914285714284,0,0,0,0,350,9799,19811,4627,11612
42,2,132,0,1,66,0,1,66,66,66,0,66,66,66,0,66,66,66,0,66,42,42,0,42,0,0,0,0,0,0,0,0,0,0,0,0,2,0,0,0,0,0,0,0,1,0,0,0,0,0,0,0,1,0,0,0,0,0,0,16,55,79,333,1,15,0,2,30,137,4,18,1,0,0,16,55,382.25,520.8,0,0,0,0,16,177,344,41,81
0,1,297,0,1,297,0,0,0,297,297,0,297,297,297,0,297,0,0,0,0,0,0,0,0,0,0,0,0,0,0,0,0,0,0,0,0,1,1,0,0,0,0,0,0,1,1,0,0,0,0,0,0,0,0,0,0,171.47302994931886,0,0,350,350,633,795,0,8,43,43,497,591,240,248,1,0,0,350,348,859.5971428571429,868.0485714285714,0,0,0,0,350,821,1043,737,877
176,15,12937,176,8,872,162,7,12065,60,862.4666666666666,1621.3196946873102,5858,60,109,125.75259156659271,420,66,1723.571428571429,2119.6927337975867,5858,0,12.571428571428571,35.888104490987594,136,0,25.142857142857142,54.946727447072384,149,0,27,53.77731863899501,136,2,0,0,0,11,2,3,2,1,0,0,0,4,1,3,1,1,0,0,0,7,1,0,1,2842.986457934684,0,0,350,350,4071,4071,470,470,583,583,759,759,745,745,2,0,0,350,350,334.80857142857144,334.80857142857144,0,0,0,0,350,2676,4836,2676,4836
3003,3,222,3003,3,222,0,0,0,74,74,0,74,74,74,0,74,0,0,0,0,999,1501.5,710.6423150924803,2004,999,1501.5,710.6423150924803,2004,0,0,0,0,3,0,0,0,0,0,0,0,3,0,0,0,0,0,0,0,0,0,0,0,0,0,0,0,42.72391992003231,0,0,350,350,679,679,0,0,54,54,577,577,225,225,1,0,0,350,350,935.2371428571428,935.2371428571428,0,0,0,0,350,802,907,802,907
4992,273,60376,4992,137,52216,4991,136,8160,60,221.15750915750905,230.7517623658579,1078,60,381.1386861313869,233.96333242379947,1078,60,60,0,60,0,18.35294118,95.30808691,1400,0,36.70588235294117,135.2314404406761,1417,0,36.970370370370375,133.0025777295223,1400,0,0,0,0,273,137,0,0,0,0,0,0,137,137,0,0,0,0,0,0,136,0,0,0,509,0,0,34,37,5682,5701,0,0,15,18,2834,2840,23,29,1,0,0,0,0,3315.3823529411766,3087,0,0,0,0,0,2868,5723,2855,5701
0,2,120,0,1,60,0,1,60,60,60,0,60,60,60,0,60,60,60,0,60,0,0,0,0,0,0,0,0,0,0,0,0,1,0,0,0,1,0,1,0,1,0,0,0,0,0,0,0,0,0,0,0,1,0,1,0,0,0,0,350,350,350,350,0,0,350,350,0,0,355,355,350,0,0,3,3,0.051428571,0.051428571,1,1,0,0,12,355,705,355,705
0,2,120,0,1,60,0,1,60,60,60,0,60,60,60,0,60,60,60,0,60,0,0,0,0,0,0,0,0,0,0,0,0,1,0,0,0,1,0,1,0,1,0,0,0,0,0,0,0,0,0,0,0,1,0,1,0,0,0,0,350,350,350,350,0,0,350,350,0,0,350,350,350,0,0,0,0,0.051428571,0.051428571,0,0,0,0,0,350,700,350,700
28,2,126,0,1,60,0,1,66,60,63,4.242640687119285,66,60,60,0,60,66,66,0,66,28,28,0,28,0,0,0,0,0,0,0,0,0,0,0,0,2,0,0,0,0,0,0,0,1,0,0,0,0,0,0,0,1,0,0,0,3.4641016151377544,0,0,350,350,995,1023,66,92,1,0,175,148,70,82,1,0,0,350,350,213.6457142857143,344.91714285714284,0,0,0,0,350,596,1064,565,1030
560,17,13828,560,10,1763,545,7,12065,60,813.4117647058822,1433.5838421079325,4410,60,176.3,179.9487890113925,437,66,1723.571428571429,1946.5062596990588,4410,0,35,73.13913681014654,215,0,62.22222222222222,92.02415142,215,0,90.83333333333331,176.13224198501155,444,2,0,0,0,13,4,3,2,1,0,0,0,6,3,3,1,1,0,0,0,7,1,0,1,2118.5169930873813,0,0,350,350,4032,4032,493,493,621,621,728,728,736,736,2,0,0,350,350,281.71714285714285,281.71714285714285,0,0,0,0,350,2657,4836,2657,4836
4151,24,20003,4151,16,4928,4147,8,15075,66,833.4583333333333,788.2415199928128,1934,66,308.00000000000006,260.59316951908005,651,1836,1884.375,51.72161057043756,1934,0,180.4782608695652,351.95685034664245,1040,3,276.7333333333333,407.5807486457949,1040,246,592.4285714285714,418.4383097275141,1043,0,0,0,0,24,16,0,0,0,0,0,0,16,8,0,0,0,0,0,0,8,8,0,0,913.9870076,0,4,350,346,3258,7754,308,552,0,0,1632,4108,324,560,1,0,0,350,268,899.2542857142857,910.2542857142856,0,0,0,0,350,4396,8042,2254,3420
0,1,253,0,1,253,0,0,0,253,253,0,253,253,253,0,253,0,0,0,0,0,0,0,0,0,0,0,0,0,0,0,0,0,0,0,0,1,1,0,1,0,0,0,0,1,1,0,1,0,0,0,0,0,0,0,0,146.06961810497532,0,0,350,350,749,1137,149,177,37,37,485,682,54,82,1,0,0,350,343,251.94571428571427,260.52,0,0,0,0,350,779,1215,566,813
0,3,214,0,2,140,0,1,74,66,71.33333333333333,4.618802153517004,74,66,70,5.656854249492381,74,74,74,0,74,0,0,0,0,0,0,0,0,0,0,0,0,2,0,0,0,2,0,0,0,1,0,0,0,1,0,0,0,1,0,0,0,1,0,0,0,4,0,0,350,350,3325,3807,302,326,0,0,1694,1964,316,342,1,0,0,350,342,877.3142857142857,867.1885714285714,0,0,0,0,350,2523,3978,2294,3483
44500,4,498,44447,2,186,44468,2,312,88,124.5,44.04164695679155,186,88,93,7.071067811865476,98,126,156,42.42640687119285,186,32,14833.333333333332,25618.476971384018,44415,44447,44447,0,44447,44468,44468,0,44468,0,0,0,0,0,0,0,0,0,0,0,0,0,0,0,0,0,0,0,0,0,0,0,0,44.04164695679155,350,350,0,0,0,0,0,0,0,0,0,0,0,0,2,0,0,0,0,15411.902857142855,15411.902857142855,350,350,0,0,350,460,920,460,920
11460,55,8399,11460,22,3468,11460,33,4931,66,152.70909090909092,188.07117178495395,1042,66,157.63636363636363,137.9408242532681,706,66,149.42424242424244,217.19447367264988,1042,0,212.22222222222223,583.1531617533194,2085,1,545.7142857142857,877.7585740314441,2137,0,358.12500000000006,726.3374204783179,2085,2,0,0,0,54,31,0,2,1,0,0,0,21,16,0,1,1,0,0,0,33,15,0,1,486.2482219333386,0,0,350,350,18907,18920,702,782,0,10,10850,10705,700,782,3,0,0,0,0,12080.857142857143,10806.00857142857,0,0,0,0,350,8008,19319,7716,19257
170,13,12834,170,7,835,159,6,11999,60,987.2307692307692,2243.466928433392,7306,60,119.28571428571428,142.8224005,443,66,1999.8333333333333,3125.695213335214,7306,0,14.166666666666668,38.40651775,135,0,28.333333333333336,58.40776204124471,147,0,31.8,58.00172411230549,135,2,0,0,0,10,2,2,2,1,0,0,0,4,1,2,1,1,0,0,0,6,1,0,1,3562.6738437115832,0,0,350,350,3968,3968,457,457,585,585,728,728,728,728,2,0,0,350,350,299.0342857142857,299.0342857142857,0,0,0,0,350,2615,4726,2615,4726
1,5,349,1,3,186,0,2,163,60,69.8,15.498387012847497,97,60,62,3.4641016151377544,66,66,81.5,21.920310216782973,97,0,0.25,0.5,1,0,0.5,0.7071067811865476,1,0,0,0,0,0,0,0,0,3,1,2,2,0,0,0,0,1,0,2,1,0,0,0,0,2,1,0,1,16.740669042783207,0,0,82,350,5857,1570,137,369,126,71,3118,375,0,0,67,0,0,0,0,1123.0731707317073,883.16,0,0,0,0,0,926,1606,4219,5983
9058,28,2170,9058,11,864,9058,17,1306,60,77.50000000000001,12.845232578665131,100,66,78.54545454545455,9.852549277863435,95,60,76.82352941176471,14.714938388070331,100,0,335.4814814814814,951.5126568692276,3117,0,905.8,1458.8134295454722,3160,0,566.125,1195.8455794959482,3117,2,0,0,0,25,14,2,2,1,0,0,0,10,7,0,1,1,0,0,0,15,7,2,1,20.17217555611359,0,0,350,350,8751,9575,701,735,701,667,4900,5356,700,734,1,0,0,0,0,9150.014285714286,8795.614285714286,0,0,0,0,350,4307,10609,3851,9802
1,3,198,1,2,132,0,1,66,66,66,0,66,66,66,0,66,66,66,0,66,0,0.5,0.7071067811865476,1,1,1,0,1,0,0,0,0,0,0,0,0,3,0,0,2,0,0,0,0,2,0,0,1,0,0,0,0,1,0,0,1,0,0,2,350,348,2011,4342,304,402,1,1,808,2152,314,412,1,0,0,350,316,733.9685714285714,771.1285714285714,0,0,0,0,350,2559,4553,1424,2169
1,3,198,1,2,132,0,1,66,66,66,0,66,66,66,0,66,66,66,0,66,0,0.5,0.7071067811865476,1,1,1,0,1,0,0,0,0,0,0,0,0,3,0,0,2,0,0,0,0,2,0,0,1,0,0,0,0,1,0,0,1,0,0,1,350,349,3355,3989,300,332,0,0,1718,2078,316,344,1,0,0,350,339,893.7771428571428,890.4171428571428,0,0,0,0,350,2618,4163,2317,3513
26,13,12818,26,7,819,16,6,11999,66,986,1609.4716006607057,4410,66,117,131.43946642212654,415,66,1999.8333333333333,1976.251646,4410,0,2.166666666666667,3.857303187304296,11,0,4.333333333333334,6.408327915038889,14,0,3.2,4.658325879540846,11,2,0,0,0,12,2,1,1,1,0,0,0,6,1,1,0,1,0,0,0,6,1,0,1,2120.2259903132967,0,0,350,350,3958,3958,474,474,715,715,704,704,700,700,2,0,0,350,350,17.34285714285714,17.34285714285714,0,0,0,0,350,2702,4793,2702,4793
155,13,12797,155,8,864,141,5,11933,66,984.3846153846156,2466.633993200097,8754,66,108,115.59535334210332,394,66,2386.6,3773.0101775637977,8754,0,12.916666666666668,36.52510552,128,0,22.142857142857142,53.00134769176022,142,0,35.25,62.07186695006577,128,2,0,0,0,12,2,1,1,1,0,0,0,7,1,1,0,1,0,0,0,5,1,0,1,4292.11929,0,0,350,350,3815,3815,457,457,590,590,694,694,716,716,2,0,0,350,350,304.28285714285715,304.28285714285715,0,0,0,0,350,2545,4599,2545,4599
0,2,120,0,1,60,0,1,60,60,60,0,60,60,60,0,60,60,60,0,60,0,0,0,0,0,0,0,0,0,0,0,0,1,0,0,0,1,0,1,0,1,0,0,0,0,0,0,0,0,0,0,0,1,0,1,0,0,0,0,350,350,386,595,8,16,346,346,10,130,359,367,350,0,0,7,3,47.51428571428571,7.602857142857143,1,1,0,0,16,480,954,377,741
3204,9,1996,3204,8,1922,0,1,74,66,221.77777777777777,112.85696453672873,297,66,240.25,105.10233108737408,297,74,74,0,74,0,400.5,556.6758482276737,1604,0,457.7142857142857,575.3117167489042,1604,0,0,0,0,2,0,0,0,8,6,0,0,1,0,0,0,7,6,0,0,1,0,0,0,1,0,0,0,112.89633888365616,0,0,350,350,691,1017,0,16,42,40,516,706,176,192,1,0,0,350,346,726.5257142857142,743.3514285714285,0,0,0,0,350,852,1203,692,871
66,9,863,66,5,495,66,4,368,60,95.88888889,69.89714665929583,249,60,99,83.89278872465738,249,60,92,60.06662967072483,182,0,8.25,22.530931120192463,64,0,16.5,33,66,1,22,36.37306695894642,64,2,0,0,0,8,2,0,2,1,0,0,0,4,1,0,1,1,0,0,0,4,1,0,1,93.85227754295578,0,0,124,350,1650,5030,248,700,0,0,263,750,248,700,1,0,0,124,350,96.64516129032258,110.46,0,0,0,0,124,2515,5380,848,1774
1,3,214,1,2,140,0,1,74,66,71.33333333333333,4.618802153517004,74,66,70,5.656854249492381,74,74,74,0,74,0,0.5,0.7071067811865476,1,1,1,0,1,0,0,0,0,2,0,0,0,2,0,0,0,1,0,0,0,1,0,0,0,1,0,0,0,1,0,0,0,4,0,4,350,346,2550,6711,304,526,0,0,1168,3454,320,540,1,0,0,350,274,821.4285714285714,853.2714285714286,0,0,0,0,350,3767,6989,1788,2710
29,14,12909,29,8,910,28,6,11999,66,922.0714285714286,1666.4832831345873,4421,66,113.75,131.85462774261228,440,66,1999.8333333333333,2181.0535451168244,4421,0,2.2307692307692304,6.869665762779706,25,0,4.142857142857142,9.668308563352252,26,0,5.6,10.922453936730518,25,2,0,0,0,13,2,1,1,1,0,0,0,7,1,1,0,1,0,0,0,6,1,0,1,2122.5017275218725,0,0,350,350,4024,4076,474,480,586,584,729,757,737,741,2,0,0,350,348,280.4371428571429,279.92857142857144,0,0,0,0,350,2693,4832,2665,4778
23,17,13077,23,8,880,21,9,12197,60,769.2352941176472,1538.7406997855326,5858,60,110,128.57904739331144,428,66,1355.2222222222222,1974.8633989328084,5858,0,1.4375,3.741100551085647,15,0,3.2857142857142856,6.210590034081188,17,0,2.625,5.125217765408329,15,2,0,0,0,13,2,3,3,1,0,0,0,4,1,3,1,1,0,0,0,9,1,0,2,2841.8813017670764,0,0,350,350,4158,4158,577,577,590,590,710,710,700,700,2,0,0,350,350,9.782857142857145,9.782857142857145,0,0,0,0,350,2637,4869,2637,4869
152,13,12823,152,8,890,138,5,11933,66,986.3846153846154,2243.529568130744,7306,66,111.25,124.7852440910268,420,66,2386.6,3330.247709,7306,0,12.666666666666668,35.724535325773296,125,0,21.71428571428571,51.49988441965763,138,0,34.5,60.64376857,125,2,0,0,0,12,2,1,1,1,0,0,0,7,1,1,0,1,0,0,0,5,1,0,1,3564.9079932026298,0,0,350,350,4118,4118,515,515,692,692,766,766,751,751,2,0,0,350,350,345.66,345.66,0,0,0,0,350,2802,4999,2802,4999
1,3,198,1,2,132,0,1,66,66,66,0,66,66,66,0,66,66,66,0,66,0,0.5,0.7071067811865476,1,1,1,0,1,0,0,0,0,0,0,0,0,3,0,0,2,0,0,0,0,2,0,0,1,0,0,0,0,1,0,0,1,0,0,2,350,348,2017,4401,304,410,1,1,810,2172,314,418,1,0,0,350,314,720.1685714285715,757.8685714285714,0,0,0,0,350,2587,4615,1427,2175
0,2,134,0,1,74,0,1,60,60,67,9.899494936611664,74,74,74,0,74,60,60,0,60,0,0,0,0,0,0,0,0,0,0,0,0,1,0,0,0,1,0,1,0,1,0,0,0,0,0,0,0,0,0,0,0,1,0,1,0,8.082903768654761,0,0,350,350,362,362,0,0,352,352,0,0,357,357,350,0,0,3,3,210.48857142857145,210.48857142857145,1,1,0,0,13,362,714,362,714
587,13,13540,587,8,1607,573,5,11933,66,1041.5384615384617,2142.921394396935,5858,66,200.875,183.95685635496167,423,66,2386.6,3168.942694338287,5858,0,48.91666666666666,86.10507147278454,233,0,83.85714285714286,103.78572247894309,233,0,143.25,210.02122908569663,445,2,0,0,0,12,4,1,1,1,0,0,0,7,3,1,0,1,0,0,0,5,1,0,1,2841.488034463633,0,0,350,350,4059,4059,501,501,705,705,781,781,738,738,2,0,0,350,350,367.8142857142857,367.8142857142857,0,0,0,0,350,2751,4957,2751,4957
1030,6,374,1029,3,194,1029,3,180,60,62.33333333333333,2.9439202887759484,66,62,64.66666666666667,2.309401076758505,66,60,60,0,60,0,206,281.1654317301471,515,514,514.5,0.7071067811865476,515,513,514.5,2.1213203435596424,516,3,0,0,0,3,0,3,0,3,0,0,0,0,0,0,0,0,0,0,0,3,0,3,0,2.8284271247461903,0,0,256,350,2613,3176,440,450,108,375,456,465,548,825,1,0,0,256,350,226.53125,419.08,0,0,0,0,256,1856,3776,1456,2941
9109,28,2161,9109,11,855,9109,17,1306,60,77.17857142857144,12.50793399000861,100,66,77.72727272727272,8.684364214965989,89,60,76.82352941176471,14.714938388070331,100,0,337.37037037037044,972.6216019741596,3548,0,910.9,1496.0810621234546,3590,0,569.3124999999999,1224.2857900969582,3548,2,0,0,0,25,14,2,2,1,0,0,0,10,7,0,1,1,0,0,0,15,7,2,1,18.89223826513594,0,0,350,350,8751,9714,701,737,701,665,4900,5452,700,736,1,0,0,0,0,9075.528571428573,8693.037142857143,0,0,0,0,350,4382,10747,3851,9802
40,15,13002,40,8,937,31,7,12065,60,866.8000000000001,1876.4761122913344,7306,60,117.125,148.7197148041529,485,66,1723.571428571429,2566.026490974119,7306,0,2.857142857142857,4.554915229425543,11,0,5.7142857142857135,7.674943772091226,20,0,5.166666666666667,5.706721183540218,11,2,0,0,0,11,2,3,2,1,0,0,0,4,1,3,1,1,0,0,0,7,1,0,1,3556.735148512841,0,0,350,350,4079,4079,501,501,639,639,711,711,709,709,2,0,0,350,350,78.90857142857143,78.90857142857143,0,0,0,0,350,2640,4874,2640,4874
9577,28,2156,9576,11,850,9577,17,1306,60,77.00000000000001,12.358832499097185,100,66,77.27272727272728,8.112840551753859,88,60,76.82352941176471,14.714938388070331,100,0,354.7037037037037,998.4519870130814,3524,0,957.6,1526.2501032850998,3565,0,598.5624999999998,1253.914668481605,3524,2,0,0,0,25,14,2,2,1,0,0,0,10,7,0,1,1,0,0,0,15,7,2,1,18.717193521821944,0,0,350,350,8751,9479,701,733,701,661,4900,5294,700,732,1,0,0,0,0,8917.722857142857,8454.042857142857,0,0,0,0,350,4279,10506,3851,9802
9488,28,2154,9488,11,848,9488,17,1306,60,76.92857142857143,12.295523339000017,100,66,77.09090909,7.854356058,86,60,76.82352941176471,14.714938388070331,100,0,351.40740740740745,995.5885873831796,3284,0,948.8,1524.7466674828315,3328,0,593,1251.1087882354595,3284,2,0,0,0,25,14,2,2,1,0,0,0,10,7,0,1,1,0,0,0,15,7,2,1,18.40289832245635,0,0,350,350,8751,9577,701,733,701,661,4900,5360,700,732,1,0,0,0,0,8903.188571,8445.634285714286,0,0,0,0,350,4325,10604,3851,9802
1,5,349,1,3,186,0,2,163,60,69.8,15.498387012847497,97,60,62,3.4641016151377544,66,66,81.5,21.920310216782973,97,0,0.25,0.5,1,0,0.5,0.7071067811865476,1,0,0,0,0,0,0,0,0,3,1,2,2,0,0,0,0,1,0,2,1,0,0,0,0,2,1,0,1,16.740669042783207,0,0,106,350,5960,1555,185,385,172,115,3158,385,0,0,91,0,0,0,0,910.3867924528302,750.5,0,0,0,0,0,940,1637,4304,6132
1,3,198,1,2,132,0,1,66,66,66,0,66,66,66,0,66,66,66,0,66,0,0.5,0.7071067811865476,1,1,1,0,1,0,0,0,0,0,0,0,0,3,0,0,2,0,0,0,0,2,0,0,1,0,0,0,0,1,0,0,1,0,0,1,350,349,3288,3940,300,336,0,0,1672,2026,318,354,1,0,0,350,337,861.6542857142857,871.8314285714285,0,0,0,0,350,2598,4119,2274,3447
0,1,297,0,1,297,0,0,0,297,297,0,297,297,297,0,297,0,0,0,0,0,0,0,0,0,0,0,0,0,0,0,0,0,0,0,0,1,1,0,0,0,0,0,0,1,1,0,0,0,0,0,0,0,0,0,0,171.47302994931886,0,0,350,350,677,818,0,12,35,35,556,620,303,309,1,0,0,350,347,1199.76,1178.1371428571429,0,0,0,0,350,934,1107,859,964
95837,25,24712,95837,16,1000,91409,9,23712,60,988.48,2294.960132551326,8814,60,62.5,4.926120853842977,74,60,2634.6666666666665,3322.1876452121123,8814,0,3993.2083333333335,16205.476787531794,79369,0,6389.133333333332,20372.59598,79369,0,11426.125,31540.29838810525,89477,4,0,0,0,23,4,2,2,2,0,0,0,14,2,2,0,2,0,0,0,9,2,0,2,4374.671645,0,0,350,350,6495,6495,670,670,528,528,1099,1099,1056,1056,350,0,0,350,350,53766.154285714285,53766.154285714285,0,0,0,0,350,4196,7023,4196,7023
23,16,12985,23,8,854,21,8,12131,60,811.5624999999999,1747.938022118252,5858,60,106.75,119.39340733175226,402,66,1516.375,2323.216854615907,5858,0,1.5333333333333334,3.888934240098375,15,0,3.2857142857142856,6.317021600783229,17,0,3,5.477225575051661,15,2,0,0,0,12,2,3,3,1,0,0,0,4,1,3,1,1,0,0,0,8,1,0,2,2845.492048837951,0,0,350,350,4104,4104,553,553,607,607,720,720,705,705,2,0,0,350,350,58.21428571428572,58.21428571428572,0,0,0,0,350,2638,4847,2638,4847
180,2,225,0,1,90,0,1,135,90,112.5,31.81980515339464,135,90,90,0,90,135,135,0,135,180,180,0,180,0,0,0,0,0,0,0,0,0,0,0,0,0,0,0,0,0,0,0,0,0,0,0,0,0,0,0,0,0,0,0,0,25.98076211353316,350,350,0,0,0,0,0,0,0,0,0,0,0,0,2,0,0,0,0,14304.425714285717,14304.425714285717,350,350,0,0,350,430,860,430,860
0,5,349,0,3,186,0,2,163,60,69.8,15.498387012847497,97,60,62,3.4641016151377544,66,66,81.5,21.920310216782973,97,0,0,0,0,0,0,0,0,0,0,0,0,0,0,0,0,3,1,2,2,0,0,0,0,1,0,2,1,0,0,0,0,2,1,0,1,16.740669042783207,0,0,110,350,5972,1550,193,393,180,122,3162,383,0,0,95,0,0,0,0,877.3,693.6914285714286,0,0,0,0,0,941,1640,4316,6152
0,2,120,0,1,60,0,1,60,60,60,0,60,60,60,0,60,60,60,0,60,0,0,0,0,0,0,0,0,0,0,0,0,1,0,0,0,1,0,1,0,1,0,0,0,0,0,0,0,0,0,0,0,1,0,1,0,0,0,0,350,350,350,350,0,0,350,350,0,0,352,352,350,0,0,2,2,0.042857143,0.042857143,1,1,0,0,7,352,702,352,702
1,3,214,1,2,140,0,1,74,66,71.33333333333333,4.618802153517004,74,66,70,5.656854249492381,74,74,74,0,74,0,0.5,0.7071067811865476,1,1,1,0,1,0,0,0,0,2,0,0,0,2,0,0,0,1,0,0,0,1,0,0,0,1,0,0,0,1,0,0,0,4,0,4,303,346,2906,38867,260,430,1,1,1463,2707,288,452,1,0,0,303,303,935.5148514851484,911.3,0,0,0,0,303,24474,39109,1998,3051
1,3,198,1,2,132,0,1,66,66,66,0,66,66,66,0,66,66,66,0,66,0,0.5,0.7071067811865476,1,1,1,0,1,0,0,0,0,0,0,0,0,3,0,0,2,0,0,0,0,2,0,0,1,0,0,0,0,1,0,0,1,0,0,3,145,233,1390,39816,126,468,1,1,687,3155,144,480,1,0,0,145,145,969.2758620689656,896.2415254237288,0,0,0,0,145,24751,40070,952,1463
4855,24,20002,4855,16,4928,4850,8,15074,66,833.4166666666667,788.1808398,1934,66,307.99999999999994,260.59316951908005,651,1836,1884.25,51.58557384164131,1934,0,211.08695652173915,386.7869877762739,1023,3,323.6666666666667,442.7793172783975,1023,245,692.8571428571429,406.8879569658084,1028,0,0,0,0,24,16,0,0,0,0,0,0,16,8,0,0,0,0,0,0,8,8,0,0,913.9870076,0,0,350,350,1994,2859,300,336,0,0,808,1302,304,342,1,0,0,350,338,738.2685714285715,747.9085714285715,0,0,0,0,350,1844,3030,1423,2146
1,3,214,1,2,140,0,1,74,66,71.33333333333333,4.618802153517004,74,66,70,5.656854249492381,74,74,74,0,74,0,0.5,0.7071067811865476,1,1,1,0,1,0,0,0,0,2,0,0,0,2,0,0,0,1,0,0,0,1,0,0,0,1,0,0,0,1,0,0,0,4,0,1,350,349,3353,4154,298,336,0,0,1720,2176,316,352,1,0,0,350,337,872.8257142857143,884.9485714285714,0,0,0,0,350,2701,4332,2318,3511
408,16,13373,408,9,1308,393,7,12065,60,835.8124999999999,1477.5339914307667,4410,60,145.33333333333334,160.3184331260757,428,66,1723.571428571429,1946.5062596990588,4410,0,27.200000000000006,64.37523925059564,205,0,51,86.90881921383385,205,0,65.5,97.65193290457697,216,2,0,0,0,12,3,3,2,1,0,0,0,5,2,3,1,1,0,0,0,7,1,0,1,2119.663181,0,0,350,350,3907,3907,476,476,669,669,713,713,693,693,2,0,0,350,350,155.93428571428572,155.93428571428572,0,0,0,0,350,2602,4733,2602,4733
1,2,134,0,1,74,0,1,60,60,67,9.899494936611664,74,74,74,0,74,60,60,0,60,1,1,0,1,0,0,0,0,0,0,0,0,1,0,0,0,1,0,1,0,1,0,0,0,0,0,0,0,0,0,0,0,1,0,1,0,8.082903768654761,0,0,350,350,349,349,0,0,349,349,0,0,350,350,350,0,0,0,0,0.051428571,0.051428571,0,0,0,0,1,350,699,350,699
553,12,1362,552,6,1002,552,6,360,60,113.5,94.54147718906717,371,60,167,113.11233354502065,371,60,60,0,60,0,50.27272727272727,158.87296240020888,529,1,110.4,234.1298784862795,529,1,110.4,234.6929909477486,530,0,0,0,0,12,6,0,0,0,0,0,0,6,6,0,0,0,0,0,0,6,0,0,0,155.5,0,0,106,138,12737,18840,0,0,17,44,6367,6566,25,59,1,0,0,0,0,2611.2169811320755,2139.7246376811595,0,0,0,0,0,10435,18889,6390,12757
87984,10,1356,87984,6,622,87936,4,734,71,135.6,47.35023172535109,204,71,103.66666666666669,25.303491195221792,120,163,183.5,23.67136103677466,204,0,9776,29310.00205134759,87936,0,17596.8,39330.31375033767,87953,0,29312,50769.87327145893,87936,0,0,0,0,0,0,0,0,0,0,0,0,0,0,0,0,0,0,0,0,0,0,0,0,57.11100303,350,349,0,1,0,47,0,0,0,2,0,36,0,4,10,0,0,0,0,2683.348571428572,2472.76,350,348,0,0,350,985,1751,1022,1788
0,2,120,0,1,60,0,1,60,60,60,0,60,60,60,0,60,60,60,0,60,0,0,0,0,0,0,0,0,0,0,0,0,1,0,0,0,1,0,1,0,1,0,0,0,0,0,0,0,0,0,0,0,1,0,1,0,0,0,0,350,350,350,350,0,0,350,350,0,0,350,350,350,0,0,0,0,0.037142857,0.037142857,0,0,0,0,0,350,700,350,700
3003,3,222,3003,3,222,0,0,0,74,74,0,74,74,74,0,74,0,0,0,0,1000,1501.5,709.2281015301072,2003,1000,1501.5,709.2281015301072,2003,0,0,0,0,3,0,0,0,0,0,0,0,3,0,0,0,0,0,0,0,0,0,0,0,0,0,0,0,42.72391992003231,0,1,350,349,1143,1137,1,1,0,0,460,458,637,635,1,0,0,350,349,979.38,979.34,0,0,0,0,350,1099,1586,1101,1589
1000,6,374,1000,3,194,999,3,180,60,62.33333333333333,2.9439202887759484,66,62,64.66666666666667,2.309401076758505,66,60,60,0,60,0,200,273.4053766845122,500,500,500,0,500,499,499.5,0.7071067811865476,500,3,0,0,0,3,0,3,0,3,0,0,0,0,0,0,0,0,0,0,0,3,0,3,0,2.8284271247461903,0,0,190,350,2233,1445,302,158,117,813,318,158,419,971,1,0,0,190,350,291.27894736842103,800.86,0,0,0,0,190,1208,2337,1171,2501
156,12,12730,156,6,731,145,6,11999,66,1060.8333333333333,2066.407195344058,7306,66,121.83333333333331,132.8825296,393,66,1999.8333333333333,2694.4938238316054,7306,0,14.181818181818182,39.64799662484394,133,0,31.2,63.22736749224975,144,0,29,58.36951259004995,133,2,0,0,0,11,2,1,1,1,0,0,0,5,1,1,0,1,0,0,0,6,1,0,1,3568.8306558311224,0,0,350,350,3949,3949,452,452,612,612,728,728,730,730,2,0,0,350,350,330.9714285714286,330.9714285714286,0,0,0,0,350,2655,4732,2655,4732
8282,28,2159,8282,11,853,8282,17,1306,60,77.10714285714283,12.452396127339076,100,66,77.54545454545455,8.477778439705018,89,60,76.82352941176471,14.714938388070331,100,0,306.7407407407408,859.3679516675475,2809,0,828.1999999999999,1316.013998574652,2854,0,517.625,1078.7303571019652,2809,2,0,0,0,25,14,2,2,1,0,0,0,10,7,0,1,1,0,0,0,15,7,2,1,18.89223826513594,0,0,350,350,8750,9533,700,736,700,664,4900,5320,700,736,1,0,0,0,0,9000.82,8587.46,0,0,0,0,350,4303,10565,3850,9800
0,2,120,0,1,60,0,1,60,60,60,0,60,60,60,0,60,60,60,0,60,0,0,0,0,0,0,0,0,0,0,0,0,1,0,0,0,1,0,1,0,1,0,0,0,0,0,0,0,0,0,0,0,1,0,1,0,0,0,0,350,350,350,350,0,0,350,350,0,0,350,350,350,0,0,0,0,0.062857143,0.062857143,0,0,0,0,0,350,700,350,700
95935,24,24658,95935,16,1000,90647,8,23658,60,1027.4166666666667,2407.2026868052303,8814,60,62.5,4.926120853842977,74,60,2957.25,3557.3851853774363,8814,0,4171.086956521738,16428.44812820693,78635,0,6395.666666666666,20220.694292399225,78635,0,12949.571428571428,33924.07948079133,89880,4,0,0,0,22,4,2,2,2,0,0,0,14,2,2,0,2,0,0,0,8,2,0,2,4374.671645,0,0,350,350,6558,6558,688,688,531,531,1105,1105,1062,1062,350,0,0,350,350,54055.33714285714,54055.33714285714,0,0,0,0,350,4224,7089,4224,7089
88,9,863,88,5,495,88,4,368,60,95.88888889,69.89714665929583,249,60,99,83.89278872465738,249,60,92,60.06662967072483,182,0,11,29.90461025135948,85,0,22,43.33589736,87,1,29.333333333333336,48.21134029803915,85,2,0,0,0,8,2,0,2,1,0,0,0,4,1,0,1,1,0,0,0,4,1,0,1,93.85227754295578,0,0,57,280,731,3257,114,560,0,0,119,580,114,560,1,0,0,57,280,88.05263157894737,91.13214285714284,0,0,0,0,57,1743,3537,376,788
21,14,12870,21,7,805,10,7,12065,60,919.2857142857142,1344.5712744543937,4410,60,115,128.82416957491583,407,66,1723.571428571429,1546.313018887493,4410,0,1.6153846153846156,3.305007855221667,9,0,3.5,4.277849927241488,9,0,1.6666666666666667,4.0824829046386295,10,2,0,0,0,12,2,2,1,1,0,0,0,5,1,2,0,1,0,0,0,7,1,0,1,2122.372317,0,0,350,350,4144,4292,440,445,561,556,739,833,734,738,2,0,0,350,348,235.64,243.00285714285715,0,0,0,0,350,2749,4973,2682,4827
0,3,214,0,2,140,0,1,74,66,71.33333333333333,4.618802153517004,74,66,70,5.656854249492381,74,74,74,0,74,0,0,0,0,0,0,0,0,0,0,0,0,2,0,0,0,2,0,0,0,1,0,0,0,1,0,0,0,1,0,0,0,1,0,0,0,4,0,1,350,349,3325,4028,298,336,0,0,1700,2092,318,354,1,0,0,350,337,874.46,879.94,0,0,0,0,350,2633,4207,2300,3484
77318,24,24652,77318,15,940,72585,9,23712,60,1027.1666666666667,1988.053596221509,5894,60,62.66666666666666,5.052109413285654,74,60,2634.6666666666665,2590.6911722550026,5894,0,3361.6521739130435,13192.197272384832,63245,0,5522.714285714286,16782.942574249293,63245,0,9073.125000000002,25157.74780651934,71327,4,0,0,0,22,4,2,2,2,0,0,0,13,2,2,0,2,0,0,0,9,2,0,2,2914.674138,0,0,350,350,8703,8703,859,859,700,700,1417,1417,1400,1400,350,0,0,350,350,79185.98,79185.98,0,0,0,0,350,5651,9403,5651,9403
1934,14,5722,1934,8,2196,1856,6,3526,60,408.7142857142857,343.0829521965673,850,60,274.5,229.3101455608601,489,60,587.6666666666667,406.4094815166923,850,0,148.76923076923077,274.9842886,853,25,276.2857142857143,341.36574436895603,853,1,371.2,416.0891731347981,931,0,0,0,0,14,8,0,0,0,0,0,0,8,4,0,0,0,0,0,0,6,4,0,0,381.5104847838392,0,0,350,350,954,1014,58,50,0,2,128,183,56,56,1,0,0,350,350,287.6485714285714,250.3028571428572,0,0,0,0,350,573,1042,530,982
1,3,198,1,2,132,0,1,66,66,66,0,66,66,66,0,66,66,66,0,66,0,0.5,0.7071067811865476,1,1,1,0,1,0,0,0,0,0,0,0,0,3,0,0,2,0,0,0,0,2,0,0,1,0,0,0,0,1,0,0,1,0,0,4,350,346,3033,7421,308,544,0,0,1482,3892,324,554,1,0,0,350,270,873.8342857142857,886.4742857142858,0,0,0,0,350,4205,7706,2105,3195
0,1,253,0,1,253,0,0,0,253,253,0,253,253,253,0,253,0,0,0,0,0,0,0,0,0,0,0,0,0,0,0,0,0,0,0,0,1,1,0,1,0,0,0,0,1,1,0,1,0,0,0,0,0,0,0,0,146.06961810497532,0,0,350,350,738,1126,124,152,37,37,465,662,46,74,1,0,0,350,343,214.63142857142856,223.2057142857143,0,0,0,0,350,747,1200,534,798
32,2,316,0,1,94,0,1,222,94,158,90.50966799187808,222,94,94,0,94,222,222,0,222,32,32,0,32,0,0,0,0,0,0,0,0,0,0,0,0,0,0,0,0,0,0,0,0,0,0,0,0,0,0,0,0,0,0,0,0,73.90083446,350,350,0,0,0,0,0,0,0,0,0,0,0,0,2,0,0,0,0,7295.0028571428575,7295.0028571428575,350,350,0,0,350,399,798,399,798
2202,7,995,2164,4,789,2202,3,206,66,142.14285714285714,194.43630368446165,583,66,197.25,257.1943169408427,583,66,68.66666666666667,4.618802153517007,74,0,367,879.4950824194528,2162,0,721.3333333333334,1247.6543324708705,2162,2,1101,1554.2207050480315,2200,2,0,0,0,6,1,0,1,1,0,0,0,3,1,0,1,1,0,0,0,3,0,0,0,257.1943169408427,0,1,135,341,6060,1361,235,422,222,159,3187,298,11,11,117,8,8,1,1,895.7132867132867,304.3,0,0,0,0,1,890,1560,4422,6343
66,9,862,66,5,494,66,4,368,60,95.77777777777776,69.62359114872231,248,60,98.8,83.44579079,248,60,92,60.06662967072483,182,0,8.25,22.12787512,63,0,16.5,32.33676958,65,1,22,35.510561809129406,63,2,0,0,0,8,2,0,2,1,0,0,0,4,1,0,1,1,0,0,0,4,1,0,1,93.45765529550448,0,0,104,350,1382,4181,208,700,0,0,219,737,208,700,1,0,0,104,350,112.52884615384616,104.52857142857142,0,0,0,0,104,2217,4531,698,1486
1,3,198,1,2,132,0,1,66,66,66,0,66,66,66,0,66,66,66,0,66,0,0.5,0.7071067811865476,1,1,1,0,1,0,0,0,0,0,0,0,0,3,0,0,2,0,0,0,0,2,0,0,1,0,0,0,0,1,0,0,1,0,0,1,350,349,3311,3944,302,334,0,0,1688,2046,314,344,1,0,0,350,339,871.8657142857143,876.5942857142857,0,0,0,0,350,2588,4118,2289,3468
1045,6,374,1044,3,194,1045,3,180,60,62.33333333333333,2.9439202887759484,66,62,64.66666666666667,2.309401076758505,66,60,60,0,60,0,209,285.7717620759616,529,515,522,9.899494936611664,529,516,522.5,9.192388155425116,529,3,0,0,0,3,0,3,0,3,0,0,0,0,0,0,0,0,0,0,0,3,0,3,0,2.8284271247461903,0,0,322,350,2811,1050,440,0,306,1050,456,0,746,1050,1,0,0,322,350,391.33850931677017,1012.2914285714286,0,0,0,0,322,1050,2100,1654,3337
1,3,192,1,2,126,0,1,66,60,64,3.4641016151377544,66,60,63,4.242640687119285,66,66,66,0,66,0,0.5,0.7071067811865476,1,1,1,0,1,0,0,0,0,2,0,0,0,2,0,0,0,1,0,0,0,1,0,0,0,1,0,0,0,1,0,0,0,3,0,0,350,350,658,20996,0,1436,284,0,381,10878,128,1396,2,0,0,350,2,127.99142857142856,611.7314285714285,0,0,0,0,350,11020,21694,555,1006
1,5,349,1,3,186,0,2,163,60,69.8,15.498387012847497,97,60,62,3.4641016151377544,66,66,81.5,21.920310216782973,97,0,0.25,0.5,1,0,0.5,0.7071067811865476,1,0,0,0,0,0,0,0,0,3,1,2,2,0,0,0,0,1,0,2,1,0,0,0,0,2,1,0,1,16.740669042783207,0,0,105,350,5957,1553,183,383,170,114,3157,384,0,0,90,0,0,0,0,919.047619,750.4971428571429,0,0,0,0,0,938,1633,4301,6127
0,1,74,0,1,74,0,0,0,74,74,0,74,74,74,0,74,0,0,0,0,0,0,0,0,0,0,0,0,0,0,0,0,1,0,0,0,0,0,0,0,1,0,0,0,0,0,0,0,0,0,0,0,0,0,0,0,42.72391992003231,0,0,350,350,44,44,0,0,0,0,36,36,346,346,2,0,0,350,350,73.28,73.28,0,0,0,0,350,382,386,382,386
1,3,214,1,2,140,0,1,74,66,71.33333333333333,4.618802153517004,74,66,70,5.656854249492381,74,74,74,0,74,0,0.5,0.7071067811865476,1,1,1,0,1,0,0,0,0,2,0,0,0,2,0,0,0,1,0,0,0,1,0,0,0,1,0,0,0,1,0,0,0,4,0,1,350,349,3324,3475,298,304,0,0,1696,1794,318,322,1,0,0,350,347,866.8628571428571,875.9028571428571,0,0,0,0,350,2368,3638,2296,3483
0,1,297,0,1,297,0,0,0,297,297,0,297,297,297,0,297,0,0,0,0,0,0,0,0,0,0,0,0,0,0,0,0,0,0,0,0,1,1,0,0,0,0,0,0,1,1,0,0,0,0,0,0,0,0,0,0,171.47302994931886,0,0,350,350,640,713,0,8,22,22,499,529,269,277,1,0,0,350,348,982.6542857142856,990.3228571428572,0,0,0,0,350,807,968,768,891
357,7,2045,357,4,1574,119,3,471,60,292.1428571428571,494.5787529374294,1388,60,393.5,663.0060331550535,1388,60,157,162.84041267449552,345,0,59.5,64.48178037244318,122,0,119,120.01249934902614,240,1,59.5,82.73149339882606,118,2,0,0,0,6,2,0,0,1,0,0,0,3,1,0,0,1,0,0,0,3,1,0,0,630.9692940230927,0,0,1,1,6,6,0,0,0,0,2,2,2,2,1,0,0,1,1,357,357,0,0,0,0,1,4,7,4,7
1017,17,13094,1017,9,963,16,8,12131,60,770.2352941176472,1701.4117127187264,5858,60,107,123.86888229091277,437,66,1516.375,2323.216854615907,5858,0,63.5625,249.7342504209892,1000,0,127.12499999999996,352.7218400220936,1000,0,2.2857142857142856,4.785891965429423,13,3,0,0,0,12,2,3,3,2,0,0,0,4,1,3,1,1,0,0,0,8,1,0,2,2840.6442197736296,0,0,350,350,4121,4121,516,516,719,719,752,752,747,747,2,0,0,350,350,327.54,327.54,0,0,0,0,350,2805,5031,2805,5031
0,2,120,0,1,60,0,1,60,60,60,0,60,60,60,0,60,60,60,0,60,0,0,0,0,0,0,0,0,0,0,0,0,1,0,0,0,1,0,1,0,1,0,0,0,0,0,0,0,0,0,0,0,1,0,1,0,0,0,0,350,350,350,350,0,0,350,350,0,0,355,355,350,0,0,3,3,0.06,0.06,1,1,0,0,12,355,705,355,705
0,2,120,0,1,60,0,1,60,60,60,0,60,60,60,0,60,60,60,0,60,0,0,0,0,0,0,0,0,0,0,0,0,1,0,0,0,1,0,1,0,1,0,0,0,0,0,0,0,0,0,0,0,1,0,1,0,0,0,0,350,350,350,350,0,0,350,350,0,0,350,350,350,0,0,0,0,0.045714286,0.045714286,0,0,0,0,0,350,700,350,700
219,13,6043,219,8,1545,167,5,4498,60,464.84615384615387,953.5946768372336,3579,60,193.12500000000003,184.5329529224678,464,60,899.6,1511.4589971282714,3579,0,18.25,27.876757995929808,79,1,31.285714285714285,30.804297783016608,79,1,41.75,56.58842637854493,121,2,0,0,0,12,6,0,0,1,0,0,0,7,3,0,0,1,0,0,0,5,3,0,0,1702.8500374372372,0,0,350,350,662,21038,0,1440,284,0,383,10906,128,1398,2,0,0,350,1,127.99714285714286,611.8485714285714,0,0,0,0,350,11040,21737,557,1010
77903,28,24880,77903,16,1000,73255,12,23880,60,888.5714285714284,1738.3463923781644,5894,60,62.50000000000001,4.926120853842978,74,60,1990,2258.589543780084,5894,0,2885.296296296296,12096.310568531644,62554,0,5193.533333333334,16090.206293033689,62554,0,6659.545454545454,21750.18957785719,72233,4,0,0,0,26,4,2,2,2,0,0,0,14,2,2,0,2,0,0,0,12,2,0,2,2914.674138,0,0,350,350,8708,8708,825,825,696,696,1417,1417,1392,1392,350,0,0,350,350,78984.65142857142,78984.65142857142,0,0,0,0,350,5611,9404,5611,9404
83,8,5293,83,5,938,82,3,4355,66,661.625,1450.9197021692337,4215,66,187.6,267.45616463263656,666,66,1451.6666666666667,2393.120208709402,4215,0,11.857142857142856,30.492778223860213,81,0,20.75,40.16943282314717,81,1,41,56.56854249492381,81,2,0,0,0,7,2,0,0,1,0,0,0,4,1,0,0,1,0,0,0,3,1,0,0,1994.6554213698164,0,1,350,349,2018,4186,306,400,1,1,816,2062,310,402,1,0,0,350,319,745.6257142857143,777.38,0,0,0,0,350,2481,4390,1430,2174
4506,28,1748,4506,14,908,4505,14,840,60,62.428571428571416,2.7945525240230875,66,62,64.85714285714286,1.8752289237539816,66,60,60,0,60,0,166.88888888888894,239.7329176289143,514,0,346.6153846153847,239.51427878853016,514,1,346.53846153846155,239.4603708983373,514,14,0,0,0,14,0,14,0,14,0,0,0,0,0,0,0,0,0,0,0,14,0,14,0,2.8284271247461903,0,0,4,7,589,608,0,0,14,17,287,293,18,24,1,0,0,0,0,2542,1666.2857142857142,0,0,0,0,0,316,627,303,605
0,2,134,0,1,74,0,1,60,60,67,9.899494936611664,74,74,74,0,74,60,60,0,60,0,0,0,0,0,0,0,0,0,0,0,0,1,0,0,0,1,0,1,0,1,0,0,0,0,0,0,0,0,0,0,0,1,0,1,0,8.082903768654761,0,0,350,350,355,355,0,0,355,355,0,0,355,355,350,0,0,0,0,585.9514285714286,585.9514285714286,0,0,0,0,0,355,710,355,710
8925,28,2168,8925,11,862,8925,17,1306,60,77.42857142857144,12.819049977593597,100,66,78.36363636363636,9.780314179746243,96,60,76.82352941176471,14.714938388070331,100,0,330.5555555555555,938.3581952,3117,0,892.5000000000001,1439.1274555553907,3159,0,557.8125,1179.4133693634872,3117,2,0,0,0,25,14,2,2,1,0,0,0,10,7,0,1,1,0,0,0,15,7,2,1,20.42057785666214,0,0,350,350,8751,9575,701,735,701,667,4900,5356,700,734,1,0,0,0,0,9140.037142857143,8789.745714285715,0,0,0,0,350,4307,10609,3851,9802
0,3,198,0,2,132,0,1,66,66,66,0,66,66,66,0,66,66,66,0,66,0,0,0,0,0,0,0,0,0,0,0,0,0,0,0,0,3,0,0,2,0,0,0,0,2,0,0,1,0,0,0,0,1,0,0,1,0,0,1,350,349,1985,3547,302,382,0,0,808,1680,302,384,1,0,0,350,323,734.7828571428571,745.9028571428571,0,0,0,0,350,2172,3741,1408,2136
1,3,198,1,2,132,0,1,66,66,66,0,66,66,66,0,66,66,66,0,66,0,0.5,0.7071067811865476,1,1,1,0,1,0,0,0,0,0,0,0,0,3,0,0,2,0,0,0,0,2,0,0,1,0,0,0,0,1,0,0,1,0,0,0,350,350,1976,2701,308,334,0,0,792,1198,298,334,1,0,0,350,340,725.1371428571429,744.0171428571429,0,0,0,0,350,1765,2868,1409,2125
3265,10,1798,3265,9,1724,0,1,74,66,179.79999999999998,94.53841077,253,66,191.5555555555556,92.19559521895704,253,74,74,0,74,0,362.77777777777777,458.1666666666667,1371,0,408.125,467.7109722589674,1371,0,0,0,0,2,0,0,0,9,6,0,2,1,0,0,0,8,6,0,2,1,0,0,0,1,0,0,0,90.91158708694216,0,0,350,350,733,1121,111,139,37,37,455,652,42,70,1,0,0,350,343,195.9742857142857,204.54857142857145,0,0,0,0,350,731,1193,518,791
1,3,214,1,2,140,0,1,74,66,71.33333333333333,4.618802153517004,74,66,70,5.656854249492381,74,74,74,0,74,0,0.5,0.7071067811865476,1,1,1,0,1,0,0,0,0,2,0,0,0,2,0,0,0,1,0,0,0,1,0,0,0,1,0,0,0,1,0,0,0,4,0,1,350,349,1988,3250,300,366,0,0,808,1518,304,364,1,0,0,350,329,734.4057142857143,735.5285714285715,0,0,0,0,350,2022,3434,1409,2140
13282,55,8399,13281,22,3468,13282,33,4931,66,152.70909090909092,188.07117178495395,1042,66,157.63636363636363,137.9408242532681,706,66,149.42424242424244,217.19447367264988,1042,0,245.962963,680.5808552179296,2543,0,632.4285714285714,1022.756988312892,2591,0,415.0625,848.2573003403185,2543,2,0,0,0,54,31,0,2,1,0,0,0,21,16,0,1,1,0,0,0,33,15,0,1,486.2482219333386,0,0,350,350,18864,18893,702,774,0,10,10850,10715,700,770,3,0,0,0,0,12250.105714285712,11035.754285714283,0,0,0,0,350,7958,19288,7693,19214
165,12,12766,165,6,767,153,6,11999,66,1063.8333333333333,1767.7711098922557,5858,66,127.83333333333331,147.5756303,429,66,1999.8333333333333,2179.592477199962,5858,0,15,41.45600077190273,139,0,33,66.24198064671678,151,0,30.6,60.89991789813842,139,2,0,0,0,11,2,1,1,1,0,0,0,5,1,1,0,1,0,0,0,6,1,0,1,2840.6587704263247,0,0,350,350,4073,4073,468,468,602,602,768,768,725,725,2,0,0,350,350,316.0257142857143,316.0257142857143,0,0,0,0,350,2715,4838,2715,4838
8859,28,2155,8859,11,849,8859,17,1306,60,76.96428571428571,12.35728048368171,100,66,77.18181818181817,8.109478181,89,60,76.82352941176471,14.714938388070331,100,0,328.11111111111114,931.05,3131,0,885.9000000000001,1428.4070731646027,3173,0,553.6874999999999,1170.1851545090346,3131,2,0,0,0,25,14,2,2,1,0,0,0,10,7,0,1,1,0,0,0,15,7,2,1,18.89223826513594,0,0,350,350,8751,9435,701,731,701,663,4900,5262,700,730,1,0,0,0,0,8909.902857142857,8469.554285714286,0,0,0,0,350,4249,10463,3851,9802
170,13,12834,170,7,835,159,6,11999,60,987.2307692307692,2243.466928433392,7306,60,119.28571428571428,142.8224005,443,66,1999.8333333333333,3125.695213335214,7306,0,14.166666666666668,38.40651775,135,0,28.333333333333336,58.40776204124471,147,0,31.8,58.00172411230549,135,2,0,0,0,10,2,2,2,1,0,0,0,4,1,2,1,1,0,0,0,6,1,0,1,3562.6738437115832,0,0,350,350,3968,3968,457,457,585,585,728,728,728,728,2,0,0,350,350,299.0342857142857,299.0342857142857,0,0,0,0,350,2615,4726,2615,4726
5,7,2854,5,4,808,5,3,2046,66,407.71428571428567,689.8844623765427,1906,66,202,266.6933320001333,602,66,682,1060.0226412676288,1906,0,0.8333333333333334,1.6020819787597222,4,0,1.6666666666666667,2.0816659994661326,4,1,2.5,2.1213203435596424,4,2,0,0,0,6,2,0,0,1,0,0,0,3,1,0,0,1,0,0,0,3,1,0,0,868.2457409435802,0,2,350,348,2028,4337,302,400,1,1,822,2150,314,414,1,0,0,350,316,745.66,771.1142857142858,0,0,0,0,350,2557,4549,1436,2186
74765,28,24892,74765,17,1060,73933,11,23832,60,889.0000000000001,2378.945751564941,11649,60,62.352941176470594,4.8080814322163405,74,60,2166.5454545454545,3510.452260425609,11649,0,2769.074074074073,12824.874406120456,66756,0,4672.8125,16601.422124700643,66756,0,7393.299999999999,22589.34353504865,71670,4,0,0,0,26,4,2,3,2,0,0,0,15,2,2,0,2,0,0,0,11,2,0,3,5792.170427,0,0,350,350,9158,9158,945,945,725,725,1483,1483,1450,1450,350,0,0,350,350,79058.09428571428,79058.09428571428,0,0,0,0,350,5879,9883,5879,9883
0,4,400,0,2,172,0,2,228,86,100,16.165807537309522,114,86,86,0,86,114,114,0,114,0,0,0,0,0,0,0,0,0,0,0,0,0,0,0,0,0,0,0,0,0,0,0,0,0,0,0,0,0,0,0,0,0,0,0,0,16.165807537309522,344,350,6,0,631,0,10,0,10,0,444,0,24,0,10,0,0,0,0,2013.037142857143,50.13428571428572,338,350,0,0,340,724,1424,1302,2323
115465,43,9528,115465,23,2491,115441,20,7037,60,221.5813953488372,404.1688256726707,1514,60,108.30434782608695,130.46819005643016,662,66,351.85,554.9676401187257,1514,0,2749.1666666666656,4444.483930735841,10025,0,5248.409091,5006.561158539776,10048,0,6075.8421052631575,4895.957042557981,10055,2,0,0,0,41,8,2,1,1,0,0,0,21,4,1,1,1,0,0,0,20,4,1,0,686.4388780753413,0,0,1,12,41,857,1,17,2,26,8,106,2,24,1,0,0,1,12,115465,117007.83333333331,0,0,0,0,1,424,888,23,43
4987,128,20224,4970,64,16384,4986,64,3840,60,158.00000000000003,196.5634677410675,1075,60,256,241.6087615356564,1075,60,60,0,60,0,39.267716535433074,291.2436510328879,3227,0,78.88888888888884,411.78506416345454,3228,0,79.14285714285714,411.4700967907576,3228,0,0,0,0,128,64,0,0,0,0,0,0,64,64,0,0,0,0,0,0,64,0,0,0,507.5,0,0,53,56,8790,8809,0,0,15,18,4389,4395,23,29,1,0,0,0,0,3491.7924528301887,3331.4464285714284,0,0,0,0,0,4423,8831,4410,8809
15,13,12753,15,8,820,12,5,11933,60,980.9999999999998,2168.3790412809904,5869,60,102.5,102.4987804805501,356,66,2386.6,3173.9649966563907,5869,0,1.25,1.7645499039801522,4,0,2.142857142857143,3.760699023168052,10,0,3,2,4,2,0,0,0,11,2,2,1,1,0,0,0,6,1,2,0,1,0,0,0,5,1,0,1,2857.507815679017,0,0,350,350,4008,4008,482,482,608,608,735,735,740,740,2,0,0,350,350,294.2457142857143,294.2457142857143,0,0,0,0,350,2669,4796,2669,4796
77217,30,25000,77217,17,1060,71746,13,23940,60,833.3333333333335,1506.5217380198787,4434,60,62.35294117647059,4.808081432,74,60,1841.5384615384608,1881.910891239036,4434,0,2662.655172413794,11932.150767915897,64245,0,4826.0625,15957.293983081843,64245,0,5978.833333333333,20177.524390151324,70042,4,0,0,0,28,4,2,3,2,0,0,0,15,2,2,0,2,0,0,0,13,2,0,3,2184.676635111018,0,0,350,350,8741,8741,909,909,700,700,1433,1433,1400,1400,350,0,0,350,350,78076.58857142857,78076.58857142857,0,0,0,0,350,5670,9441,5670,9441
7611,28,2163,7611,11,857,7611,17,1306,60,77.24999999999999,12.66264556056879,100,66,77.90909091,9.256938429681226,94,60,76.82352941176471,14.714938388070331,100,0,281.88888888888886,797.5463012039505,2755,0,761.0999999999999,1226.8766532224104,2798,0,475.6875,1002.1062298146504,2755,2,0,0,0,25,14,2,2,1,0,0,0,10,7,0,1,1,0,0,0,15,7,2,1,19.933221850301404,0,0,350,350,8751,9353,701,729,701,665,4900,5222,700,728,1,0,0,0,0,8925.357142857143,8504.008571,0,0,0,0,350,4217,10382,3851,9802
3,5,863,2,3,723,3,2,140,66,172.6,229.4554422976278,583,66,241,296.2076974016712,583,66,70,5.656854249492381,74,0,0.75,0.5,1,1,1,0,1,3,3,0,3,2,0,0,0,4,1,0,0,1,0,0,0,2,1,0,0,1,0,0,0,2,0,0,0,257.1943169408427,0,1,140,341,6087,2575,236,425,223,160,3195,760,20,20,118,8,8,2,2,944.3648648648648,257.2457142857143,0,0,0,0,2,1616,2775,4440,6375
557,14,2329,557,7,1909,557,7,420,60,166.35714285714283,213.7614080240855,759,60,272.7142857142857,269.4610140544233,759,60,60,0,60,0,42.84615384615385,145.90513250844774,528,0,92.83333333333334,213.38361386635728,528,0,92.83333333333334,213.36486746103884,528,0,0,0,0,14,7,0,0,0,0,0,0,7,7,0,0,0,0,0,0,7,0,0,0,349.5,0,0,81,113,12333,18436,0,0,17,44,6164,6363,25,59,1,0,0,0,0,3146.567901234568,2419.1592920353983,0,0,0,0,0,10232,18485,6187,12353
373,13,13305,373,7,1306,360,6,11999,66,1023.4615384615385,1697.0479572571803,4410,66,186.57142857142856,203.20339329750144,484,66,1999.8333333333333,2176.667399183133,4410,0,31.083333333333336,68.52001477,212,0,62.16666666666666,93.62567311729548,212,0,72,103.27390764370251,225,2,0,0,0,12,3,1,1,1,0,0,0,6,2,1,0,1,0,0,0,6,1,0,1,2111.5475367606573,0,0,350,350,4016,4016,480,480,599,599,725,725,736,736,2,0,0,350,350,314.36857142857144,314.36857142857144,0,0,0,0,350,2683,4807,2683,4807
0,5,349,0,3,186,0,2,163,60,69.8,15.498387012847497,97,60,62,3.4641016151377544,66,66,81.5,21.920310216782973,97,0,0,0,0,0,0,0,0,0,0,0,0,0,0,0,0,3,1,2,2,0,0,0,0,1,0,2,1,0,0,0,0,2,1,0,1,16.740669042783207,0,0,92,350,5887,1558,157,387,146,90,3128,369,0,0,77,0,0,0,0,1001.032608695652,769.1571428571428,0,0,0,0,0,931,1614,4249,6033
71,9,862,71,5,494,70,4,368,60,95.77777777777776,69.62359114872231,248,60,98.8,83.44579079,248,60,92,60.06662967072483,182,0,8.875000000000002,23.895232638690565,68,0,17.75,34.16991854443516,69,0,23.333333333333336,38.695391629150535,68,2,0,0,0,8,2,0,2,1,0,0,0,4,1,0,1,1,0,0,0,4,1,0,1,93.45765529550448,0,0,115,350,1590,4352,230,700,0,0,243,743,230,700,1,0,0,115,350,111.6086956521739,106.72285714285714,0,0,0,0,115,2269,4702,790,1705
0,1,253,0,1,253,0,0,0,253,253,0,253,253,253,0,253,0,0,0,0,0,0,0,0,0,0,0,0,0,0,0,0,0,0,0,0,1,1,0,1,0,0,0,0,1,1,0,1,0,0,0,0,0,0,0,0,146.06961810497532,0,0,350,350,738,1126,124,152,37,37,465,662,46,74,1,0,0,350,343,214.63142857142856,223.2057142857143,0,0,0,0,350,747,1200,534,798
93,9,863,93,5,495,92,4,368,60,95.88888889,69.89714665929583,249,60,99,83.89278872465738,249,60,92,60.06662967072483,182,0,11.625,32.07552471455901,91,0,23.25,45.835757511648765,92,0,30.666666666666664,52.252591642265294,91,2,0,0,0,8,2,0,2,1,0,0,0,4,1,0,1,1,0,0,0,4,1,0,1,93.85227754295578,0,0,58,97,510,899,116,194,0,0,118,198,116,194,1,0,0,58,97,79.15517241379311,84.80412371134021,0,0,0,0,58,529,996,309,568
1,3,198,1,2,132,0,1,66,66,66,0,66,66,66,0,66,66,66,0,66,0,0.5,0.7071067811865476,1,1,1,0,1,0,0,0,0,0,0,0,0,3,0,0,2,0,0,0,0,2,0,0,1,0,0,0,0,1,0,0,1,0,0,1,350,349,1989,3334,302,370,0,0,806,1560,302,366,1,0,0,350,328,720.5657142857143,722.1057142857143,0,0,0,0,350,2071,3519,1411,2140
1,3,180,1,2,120,0,1,60,60,60,0,60,60,60,0,60,60,60,0,60,0,0.5,0.7071067811865476,1,1,1,0,1,0,0,0,0,0,0,0,0,3,0,0,2,0,0,0,0,2,0,0,1,0,0,0,0,1,0,0,1,0,0,0,350,350,649,20972,2,1434,284,0,379,10874,126,1392,2,0,0,350,3,127.98285714285714,611.6714285714286,0,0,0,0,350,11003,21668,549,996
200,11,983,200,6,555,199,5,428,60,89.36363636363637,64.18141900468191,249,60,92.5,76.70658381130005,249,60,85.6,53.95183036746761,182,0,20,62.19324722186485,197,0,40,87.76673629570601,197,0,49.74999999999999,98.17119401,197,2,0,0,0,10,3,0,2,1,0,0,0,5,1,0,1,1,0,0,0,5,2,0,1,93.85227754295578,0,0,40,201,524,2306,80,402,0,0,84,416,80,402,1,0,0,40,201,90.875,91.91044776119404,0,0,0,0,40,1240,2507,268,564
1,3,198,1,2,132,0,1,66,66,66,0,66,66,66,0,66,66,66,0,66,0,0.5,0.7071067811865476,1,1,1,0,1,0,0,0,0,0,0,0,0,3,0,0,2,0,0,0,0,2,0,0,1,0,0,0,0,1,0,0,1,0,0,1,350,349,3334,3925,302,332,0,0,1704,2022,314,346,1,0,0,350,336,861.08,855.4657142857143,0,0,0,0,350,2593,4100,2304,3491
0,4,240,0,2,120,0,2,120,60,60,0,60,60,60,0,60,60,60,0,60,0,0,0,0,0,0,0,0,0,0,0,0,2,0,0,0,2,0,2,0,2,0,0,0,0,0,0,0,0,0,0,0,2,0,2,0,0,0,0,350,350,700,700,0,0,700,700,0,0,700,700,350,0,0,0,0,0.074285714,0.074285714,0,0,0,0,0,700,1400,700,1400
1025,6,374,1024,3,194,1024,3,180,60,62.33333333333333,2.9439202887759484,66,62,64.66666666666667,2.309401076758505,66,60,60,0,60,1,205,279.3465589550013,514,509,512,4.242640687119285,515,509,512,4.242640687119285,515,3,0,0,0,3,0,3,0,3,0,0,0,0,0,0,0,0,0,0,0,3,0,3,0,2.8284271247461903,0,0,166,350,2161,3296,302,494,45,309,318,514,347,803,1,0,0,166,350,187.0903614457832,362.2771428571429,0,0,0,0,166,1905,3852,1099,2357
9,8,2649,9,4,1003,8,4,1646,66,331.125,353.4957819509914,1080,66,250.75,213.6155034947916,449,66,411.5,478.2394797588338,1080,0,1.2857142857142858,1.2535663410560174,3,2,3,1,4,0,2.6666666666666665,3.7859388972001824,7,0,0,0,0,8,4,0,2,0,0,0,0,4,2,0,1,0,0,0,0,4,2,0,1,478.53343665829664,0,1,350,349,3342,4148,300,348,0,0,1707,2149,316,364,1,0,0,350,333,834.8714285714286,822.78,0,0,0,0,350,2691,4332,2305,3500
35,12,12769,35,8,902,25,4,11867,66,1064.0833333333333,3335.3372041146777,11650,66,112.75,129.02685213330042,432,66,2966.75,5788.835195155125,11650,0,3.1818181818181817,6.305841447708336,21,0,4.999999999999999,10.29563014,28,0,8.333333333333332,11.150485789118488,21,2,0,0,0,11,2,1,1,1,0,0,0,7,1,1,0,1,0,0,0,4,1,0,1,5733.596515277301,0,0,350,350,4542,4542,352,352,400,400,699,699,699,699,2,0,0,350,350,17.674285714285713,17.674285714285713,0,0,0,0,350,2919,4945,2919,4945
9592,28,2156,9592,11,850,9592,17,1306,60,77,12.355835328567087,100,66,77.27272727272728,8.100505035,88,60,76.82352941176471,14.714938388070331,100,0,355.2592592592592,1007.1343426006204,3304,0,959.2,1541.9090476130916,3345,0,599.4999999999999,1265.7033881074456,3304,2,0,0,0,25,14,2,2,1,0,0,0,10,7,0,1,1,0,0,0,15,7,2,1,18.717193521821944,0,0,350,350,8751,9571,701,741,701,661,4900,5322,700,740,1,0,0,0,0,9121.96,8658.914285714285,0,0,0,0,350,4327,10602,3851,9802
4684,7,451,4597,3,180,4597,4,271,60,64.42857142857143,9.342682392424262,85,60,60,0,60,60,67.75,11.84271928232701,85,0,780.6666666666666,1827.489827,4510,0,2298.5,3250.569873114559,4597,0,1532.3333333333337,2579.1018462506154,4510,0,0,0,0,7,1,0,2,0,0,0,0,3,0,0,1,0,0,0,0,4,1,0,1,12.5,0,0,7,11,38,86,2,10,0,0,11,21,2,10,1,0,0,7,11,873.2857142857143,665.9090909090909,0,0,0,0,7,47,91,19,39
0,2,120,0,1,60,0,1,60,60,60,0,60,60,60,0,60,60,60,0,60,0,0,0,0,0,0,0,0,0,0,0,0,1,0,0,0,1,0,1,0,1,0,0,0,0,0,0,0,0,0,0,0,1,0,1,0,0,0,0,350,350,350,350,0,0,350,350,0,0,355,355,350,0,0,3,3,0.04,0.04,1,1,0,0,13,355,705,355,705
0,1,74,0,1,74,0,0,0,74,74,0,74,74,74,0,74,0,0,0,0,0,0,0,0,0,0,0,0,0,0,0,0,1,0,0,0,0,0,0,0,1,0,0,0,0,0,0,0,0,0,0,0,0,0,0,0,42.72391992003231,0,0,350,350,30,30,5,5,0,0,22,22,349,349,2,0,0,350,350,31.46,31.46,0,0,0,0,350,373,376,373,376
17218,19,4521,16990,10,3018,16990,9,1503,60,237.9473684210526,244.08092321200235,661,60,301.79999999999995,309.1794876,661,60,167,125.47808573611567,300,0,956.5555555555557,2506.6985370314387,9972,0,1887.7777777777776,3416.164105315265,9972,1,2123.75,3643.3715841236944,10241,2,0,0,0,18,8,0,2,1,0,0,0,9,4,0,1,1,0,0,0,9,4,0,1,284.0074822958015,0,0,71,71,1420,1420,143,143,0,0,561,561,147,147,1,0,0,71,71,16781.535211267605,16781.535211267605,0,0,0,0,71,784,1491,784,1491
11649,26,21562,11616,11,13947,11616,15,7615,66,829.3076923076925,1431.416271228765,5005,66,1267.9090909090908,2067.7064808403275,5005,66,507.6666666666666,585.6519769412872,1514,0,465.96,2001.6307618206376,10001,0,1161.6,3128.565706162774,10001,0,829.7142857142857,2660.8222970922534,10001,2,0,0,0,25,7,0,2,1,0,0,0,10,3,0,1,1,0,0,0,15,4,0,1,2330.377848475793,0,0,3,52,74,1194,6,107,0,2,22,435,6,104,2,0,0,3,52,10955,6962.461538461538,0,0,0,0,3,658,1248,34,77
209,16,12998,209,9,933,192,7,12065,60,812.3750000000001,1390.8652402970847,4410,60,103.66666666666669,119.09240110099384,421,66,1723.571428571429,1759.3449403251254,4410,0,13.933333333333332,41.98888741877625,164,0,26.125,60.64283610970526,175,0,32,65.05689817382934,164,2,0,0,0,11,2,4,2,1,0,0,0,4,1,4,1,1,0,0,0,7,1,0,1,2120.560833836181,0,0,350,350,3835,3835,455,455,640,640,719,719,731,731,2,0,0,350,350,467.81714285714287,467.81714285714287,0,0,0,0,350,2687,4711,2687,4711
0,5,349,0,3,186,0,2,163,60,69.8,15.498387012847497,97,60,62,3.4641016151377544,66,66,81.5,21.920310216782973,97,0,0,0,0,0,0,0,0,0,0,0,0,0,0,0,0,3,1,2,2,0,0,0,0,1,0,2,1,0,0,0,0,2,1,0,1,16.740669042783207,0,1,123,349,6011,1520,219,415,206,148,3175,368,0,0,108,0,0,0,0,784.6504065,488.7942857142857,0,0,0,0,0,949,1642,4355,6217
5,7,3098,5,4,871,5,3,2227,66,442.57142857142856,758.3675136200692,2087,66,217.75000000000003,298.19051516326493,665,66,742.3333333333334,1164.5223627450584,2087,0,0.8333333333333334,1.6020819787597222,4,0,1.6666666666666667,2.0816659994661326,4,1,2.5,2.1213203435596424,4,2,0,0,0,6,2,0,0,1,0,0,0,3,1,0,0,1,0,0,0,3,1,0,0,953.4397376516952,0,2,350,348,2026,4389,302,410,1,1,814,2160,316,420,1,0,0,350,314,720.2142857142857,743.9685714285714,0,0,0,0,350,2578,4604,1432,2185
0,4,464,0,2,200,0,2,264,100,116,18.475208614068023,132,100,100,0,100,132,132,0,132,0,0,0,0,0,0,0,0,0,0,0,0,0,0,0,0,0,0,0,0,0,0,0,0,0,0,0,0,0,0,0,0,0,0,0,0,18.475208614068023,343,348,7,2,132,12,8,0,4,0,84,8,12,0,8,0,0,0,0,60.89428571428572,47.94571428571429,337,343,0,0,341,844,1598,936,1750
3747,182,33047,3730,91,27587,3747,91,5460,60,181.57692307692312,225.4933991399163,1301,60,303.1538461538463,269.0151554209425,1301,60,60,0,60,0,20.701657458563552,115.8183896716168,1240,0,41.44444444444445,164.92634454838438,1257,0,41.63333333333336,162.03318081613182,1240,0,0,0,0,182,91,0,0,0,0,0,0,91,91,0,0,0,0,0,0,91,0,0,0,620.5,0,0,46,49,7790,7809,0,0,15,18,3889,3895,23,29,1,0,0,0,0,3331.6304347826085,3158.183673469388,0,0,0,0,0,3923,7831,3910,7809
3002,3,222,3002,3,222,0,0,0,74,74,0,74,74,74,0,74,0,0,0,0,998,1501,711.3494218736668,2004,998,1501,711.3494218736668,2004,0,0,0,0,3,0,0,0,0,0,0,0,3,0,0,0,0,0,0,0,0,0,0,0,0,0,0,0,42.72391992003231,0,0,350,350,599,687,2,6,0,0,164,214,911,912,2,0,0,350,349,1813.8257142857144,1809.357142857143,0,0,0,0,350,1116,1452,1077,1365
8798,28,2160,8798,11,854,8798,17,1306,60,77.14285714285715,12.477280941076051,100,66,77.63636363636364,8.570562726831035,90,60,76.82352941176471,14.714938388070331,100,0,325.85185185185185,914.6530533,3187,0,879.8,1398.6799173188665,3228,0,549.8749999999999,1148.3569059022257,3187,2,0,0,0,25,14,2,2,1,0,0,0,10,7,0,1,1,0,0,0,15,7,2,1,19.078784028338912,0,0,350,350,8751,9524,701,737,701,665,4900,5320,700,736,1,0,0,0,0,8986.728571428572,8563.797142857144,0,0,0,0,350,4290,10557,3851,9802
0,3,214,0,2,140,0,1,74,66,71.33333333333333,4.618802153517004,74,66,70,5.656854249492381,74,74,74,0,74,0,0,0,0,0,0,0,0,0,0,0,0,2,0,0,0,2,0,0,0,1,0,0,0,1,0,0,0,1,0,0,0,1,0,0,0,4,0,3,182,270,1781,40207,154,496,1,1,895,3363,180,516,1,0,0,182,182,973.4065934065934,908.8937728937728,0,0,0,0,182,25021,40479,1222,1872
43,2,180,0,1,90,0,1,90,90,90,0,90,90,90,0,90,90,90,0,90,43,43,0,43,0,0,0,0,0,0,0,0,0,0,0,0,0,0,0,0,0,0,0,0,0,0,0,0,0,0,0,0,0,0,0,0,0,45,80,0,0,0,0,0,0,0,0,0,0,0,0,1,0,0,0,0,18109.266666666663,43599.7875,0,0,0,0,0,151,302,63,126
0,1,297,0,1,297,0,0,0,297,297,0,297,297,297,0,297,0,0,0,0,0,0,0,0,0,0,0,0,0,0,0,0,0,0,0,0,1,1,0,0,0,0,0,0,1,1,0,0,0,0,0,0,0,0,0,0,171.47302994931886,0,0,350,350,664,664,0,0,40,40,518,518,252,252,1,0,0,350,350,912.9428571428572,912.9428571428572,0,0,0,0,350,770,913,770,913
1,5,349,1,3,186,0,2,163,60,69.8,15.498387012847497,97,60,62,3.4641016151377544,66,66,81.5,21.920310216782973,97,0,0.25,0.5,1,0,0.5,0.7071067811865476,1,0,0,0,0,0,0,0,0,3,1,2,2,0,0,0,0,1,0,2,1,0,0,0,0,2,1,0,1,16.740669042783207,0,0,104,350,5954,1556,181,381,168,112,3156,386,0,0,89,0,0,0,0,927.875,764.6457142857142,0,0,0,0,0,938,1634,4298,6122
1,3,198,1,2,132,0,1,66,66,66,0,66,66,66,0,66,66,66,0,66,0,0.5,0.7071067811865476,1,1,1,0,1,0,0,0,0,0,0,0,0,3,0,0,2,0,0,0,0,2,0,0,1,0,0,0,0,1,0,0,1,0,0,1,350,349,3384,3549,300,312,0,0,1736,1820,316,326,1,0,0,350,345,906.4714285714284,879.82,0,0,0,0,350,2409,3714,2335,3542
12114,54,8333,12114,22,3468,12114,32,4865,66,154.31481481481484,189.45620533158657,1042,66,157.63636363636363,137.9408242532681,706,66,152.03125,220.1445982830963,1042,0,228.56603773584905,635.5655116458207,2466,0,576.8571428571429,951.6536810055582,2514,0,390.77419354838713,796.7264151797413,2466,2,0,0,0,53,31,0,2,1,0,0,0,21,16,0,1,1,0,0,0,32,15,0,1,486.2482219333386,0,0,350,350,18930,18477,703,771,0,24,10850,10399,700,778,3,0,0,0,0,12279.711428571429,10761.662857142856,0,0,0,0,350,7810,18886,7723,19280
87,4,320,87,2,160,0,2,160,60,80,23.09401076758504,100,60,80,28.284271247461906,100,60,80,28.284271247461906,100,0,29,25.942243542145693,50,87,87,0,87,0,0,0,0,0,0,0,0,4,2,0,0,0,0,0,0,2,1,0,0,0,0,0,0,2,1,0,0,23.09401076758504,0,0,17,120,129,1105,4,39,0,3,33,358,6,42,2,0,0,17,120,158.23529411764707,435.025,0,0,0,0,17,529,1128,57,132
1481,80,13802,1481,38,4780,1481,42,9022,60,172.52499999999992,243.4870087247399,1030,60,125.7894736842105,102.48141766819523,462,60,214.80952380952377,317.6476985512246,1030,0,18.746835443037977,111.48915876401828,967,0,40.02702702702703,174.7422683850715,1010,0,36.12195121951219,153.6218075538026,967,4,0,0,0,78,48,0,4,2,0,0,0,36,24,0,2,2,0,0,0,42,24,0,2,458.9509777743152,1,0,32,350,2105,16204,128,1008,0,350,1236,9014,128,1008,8,0,0,0,1,1347.1515151515152,5103.84,0,0,0,0,27,8009,17058,1041,2173
12249,55,8399,12249,22,3468,12249,33,4931,66,152.70909090909092,188.07117178495395,1042,66,157.63636363636363,137.9408242532681,706,66,149.42424242424244,217.19447367264988,1042,0,226.8333333333334,631.0221043881229,2391,0,583.2857142857143,949.7774551365778,2435,0,382.78125,786.9245458920566,2391,2,0,0,0,54,31,0,2,1,0,0,0,21,16,0,1,1,0,0,0,33,15,0,1,486.2482219333386,0,0,350,350,18894,18869,702,774,0,10,10850,10699,700,774,3,0,0,0,0,12078.74,10764.091428571428,0,0,0,0,350,7956,19264,7713,19244
1,3,214,1,2,140,0,1,74,66,71.33333333333333,4.618802153517004,74,66,70,5.656854249492381,74,74,74,0,74,0,0.5,0.7071067811865476,1,1,1,0,1,0,0,0,0,2,0,0,0,2,0,0,0,1,0,0,0,1,0,0,0,1,0,0,0,1,0,0,0,4,0,1,350,349,1998,3228,300,356,0,0,820,1518,302,358,1,0,0,350,331,750.3142857142857,764.6857142857143,0,0,0,0,350,2022,3409,1421,2149
13,9,5358,13,5,937,11,4,4421,66,595.3333333333335,950.6109877336784,2767,66,187.40000000000003,267.0089886127432,665,66,1105.25,1300.25725,2767,0,1.625,3.814914340921881,11,0,3.2500000000000004,5.852349955359813,12,0,3.666666666666667,6.350852961085884,11,2,0,0,0,8,2,0,0,1,0,0,0,4,1,0,0,1,0,0,0,4,1,0,0,1282.1468974601416,0,2,350,348,2022,4385,302,410,1,1,812,2158,316,420,1,0,0,350,314,720.2028571428572,743.9542857142857,0,0,0,0,350,2576,4600,1430,2181
73719,26,24778,73719,16,1000,73492,10,23778,60,953,2328.0942936230053,8814,60,62.5,4.926120853842977,74,60,2377.8,3374.937326167044,8814,0,2948.76,13581.440842438868,68023,0,4914.6,17488.85365352131,68023,0,8165.777777777777,23953.81706418508,72037,4,0,0,0,24,4,2,3,2,0,0,0,14,2,2,0,2,0,0,0,10,2,0,3,4374.671645,0,0,350,350,9141,9141,940,940,725,725,1483,1483,1450,1450,350,0,0,350,350,78911.05714285714,78911.05714285714,0,0,0,0,350,5865,9866,5865,9866
9590,28,2163,9590,11,857,9590,17,1306,60,77.25000000000001,12.598133312636556,100,66,77.90909091,9.016147131170223,91,60,76.82352941176471,14.714938388070331,100,0,355.1851851851852,1009.8144550451998,3452,0,959,1547.542209081513,3496,0,599.3749999999999,1269.4137163798623,3452,2,0,0,0,25,14,2,2,1,0,0,0,10,7,0,1,1,0,0,0,15,7,2,1,19.27649691550136,0,0,350,350,8751,9451,701,737,701,657,4900,5236,700,736,1,0,0,0,0,9029.282857142856,8463.08,0,0,0,0,350,4279,10476,3851,9802
1,3,192,1,2,126,0,1,66,60,64,3.4641016151377544,66,60,63,4.242640687119285,66,66,66,0,66,0,0.5,0.7071067811865476,1,1,1,0,1,0,0,0,0,2,0,0,0,2,0,0,0,1,0,0,0,1,0,0,0,1,0,0,0,1,0,0,0,3,0,0,350,350,658,20996,0,1436,284,0,381,10878,128,1396,2,0,0,350,2,127.99142857142856,611.7314285714285,0,0,0,0,350,11020,21694,555,1006
24,4,340,0,2,154,0,2,186,77,85,9.237604307034012,93,77,77,0,77,93,93,0,93,0,8,13.856406460551018,24,0,0,0,0,0,0,0,0,0,0,0,0,0,0,0,0,0,0,0,0,0,0,0,0,0,0,0,0,0,0,0,0,9.237604307034012,281,335,69,15,2313,428,0,28,138,32,1266,228,276,60,6,0,0,0,0,21996.74,940.4428571428572,275,327,0,0,275,1027,1904,2152,3671
1001,4,392,1001,2,196,1001,2,196,98,98,0,98,98,98,0,98,98,98,0,98,0,333.66666666666663,577.9276194588153,1001,1001,1001,0,1001,1001,1001,0,1001,0,0,0,0,0,0,0,0,0,0,0,0,0,0,0,0,0,0,0,0,0,0,0,0,0,0,1,131,347,6041,1470,233,424,218,155,3183,349,4,4,116,2,2,0,0,784.3834586466165,396.6857142857143,0,0,0,0,0,927,1616,4386,6271
79265,31,25072,79265,18,1120,74310,13,23952,60,808.7741935483872,1899.7082181162705,7269,60,62.22222222222223,4.697377936373035,74,60,1842.4615384615383,2651.157345,7269,0,2642.1666666666665,11343.660599597051,61671,0,4662.647059,14940.760949250443,61671,0,6192.499999999999,20805.69956657419,72246,4,0,0,0,29,4,2,4,2,0,0,0,16,2,2,0,2,0,0,0,13,2,0,4,3602.172712405667,0,0,350,350,9163,9163,955,955,729,729,1488,1488,1458,1458,350,0,0,350,350,81049.14571428571,81049.14571428571,0,0,0,0,350,5920,9892,5920,9892
0,1,297,0,1,297,0,0,0,297,297,0,297,297,297,0,297,0,0,0,0,0,0,0,0,0,0,0,0,0,0,0,0,0,0,0,0,1,1,0,0,0,0,0,0,1,1,0,0,0,0,0,0,0,0,0,0,171.47302994931886,0,0,350,350,659,838,0,20,9,9,470,530,245,261,1,0,0,350,346,934.1314285714286,935.28,0,0,0,0,350,816,1067,715,880
51,2,126,0,1,60,0,1,66,60,63,4.242640687119285,66,60,60,0,60,66,66,0,66,51,51,0,51,0,0,0,0,0,0,0,0,0,0,0,0,2,0,0,0,0,0,0,0,1,0,0,0,0,0,0,0,1,0,0,0,3.4641016151377544,0,0,2,50,16,250,0,14,0,6,7,73,2,24,1,0,0,2,50,120,94.3,0,0,0,0,2,140,266,8,17
0,2,134,0,1,74,0,1,60,60,67,9.899494936611664,74,74,74,0,74,60,60,0,60,0,0,0,0,0,0,0,0,0,0,0,0,1,0,0,0,1,0,1,0,1,0,0,0,0,0,0,0,0,0,0,0,1,0,1,0,8.082903768654761,0,0,350,350,355,355,0,0,355,355,0,0,355,355,350,0,0,0,0,585.9542857142857,585.9542857142857,0,0,0,0,0,355,710,355,710
3311,200,43424,3295,100,37424,3311,100,6000,60,217.12,243.0672004191392,1201,72,374.24,262.46524041145415,1201,60,60,0,60,0,16.638190954773872,99.76426633376737,1233,0,33.282828282828284,140.41920041426107,1233,0,33.44444444444446,139.91806802424475,1234,0,0,0,0,200,100,0,0,0,0,0,0,100,100,0,0,0,0,0,0,100,0,0,0,568.5281435426042,0,0,45,48,7608,7627,0,0,15,18,3798,3804,23,29,1,0,0,0,0,3322.4,3145.9166666666665,0,0,0,0,0,3832,7649,3819,7627
119811,31,5519,119811,15,2302,119772,16,3217,66,178.03225806451613,246.51497369949865,1042,66,153.46666666666664,169.6643184419781,706,66,201.06250000000009,305.78281372023946,1042,0,3993.7,21030.687419118985,115307,0,8557.928571428572,30746.091837861244,115346,0,7984.800000000001,29709.392562910856,115344,2,0,0,0,30,15,0,1,1,0,0,0,14,8,0,0,1,0,0,0,16,7,0,1,486.2482219333386,0,0,350,350,18719,18372,706,764,0,32,10638,10308,700,760,3,0,0,0,0,13298.948571428573,11893.677142857145,0,0,0,0,350,7808,18782,7698,19069
0,1,253,0,1,253,0,0,0,253,253,0,253,253,253,0,253,0,0,0,0,0,0,0,0,0,0,0,0,0,0,0,0,0,0,0,0,1,1,0,1,0,0,0,0,1,1,0,1,0,0,0,0,0,0,0,0,146.06961810497532,0,0,350,350,749,1137,149,177,37,37,485,682,54,82,1,0,0,350,343,251.94571428571427,260.52,0,0,0,0,350,779,1215,566,813
96859,26,24772,96859,15,940,92313,11,23832,60,952.7692307692308,2165.3408656872907,8729,60,62.66666666666666,5.052109413285654,74,60,2166.5454545454545,2985.4170684725564,8729,0,3874.359999999999,16254.330609820056,81168,0,6918.499999999999,21565.69433418235,81168,0,9231.3,28908.78624,91505,4,0,0,0,24,4,2,2,2,0,0,0,13,2,2,0,2,0,0,0,11,2,0,2,4332.171693658197,0,0,350,350,6539,6539,667,667,527,527,1084,1084,1054,1054,350,0,0,350,350,54038.88285714286,54038.88285714286,0,0,0,0,350,4210,7066,4210,7066
4986,5,1046,4986,3,431,0,2,615,60,209.2,216.74570353296508,549,60,143.66666666666666,139.7509689888887,305,66,307.5,341.5325753131024,549,0,1246.5,2492.333377914493,4985,1,2493,3524.2201974337527,4985,0,0,0,0,0,0,0,0,4,2,1,3,0,0,0,0,2,1,1,2,0,0,0,0,2,1,0,1,232.5811686272128,0,0,350,350,686,686,167,167,104,104,530,530,171,171,1,0,0,350,350,937.8257142857144,937.8257142857144,0,0,0,0,350,745,925,745,925
0,1,253,0,1,253,0,0,0,253,253,0,253,253,253,0,253,0,0,0,0,0,0,0,0,0,0,0,0,0,0,0,0,0,0,0,0,1,1,0,1,0,0,0,0,1,1,0,1,0,0,0,0,0,0,0,0,146.06961810497532,0,0,350,350,743,1131,128,156,37,37,470,667,48,76,1,0,0,350,343,223.96,232.5342857142857,0,0,0,0,350,755,1206,542,804
0,1,253,0,1,253,0,0,0,253,253,0,253,253,253,0,253,0,0,0,0,0,0,0,0,0,0,0,0,0,0,0,0,0,0,0,0,1,1,0,1,0,0,0,0,1,1,0,1,0,0,0,0,0,0,0,0,146.06961810497532,0,0,350,350,739,1127,132,160,37,37,470,667,48,76,1,0,0,350,343,223.96,232.5342857142857,0,0,0,0,350,755,1202,542,800
103116,27,24814,103116,15,940,91079,12,23874,60,919.0370370370372,1461.7861698168465,4434,60,62.66666666666666,5.052109413285654,74,60,1989.5,1673.4745292355065,4434,0,3966,16821.07580626162,85528,0,7365.428571428571,22741.32561495206,85528,0,8279.909091,27209.466901997715,90317,4,0,0,0,25,4,2,2,2,0,0,0,13,2,2,0,2,0,0,0,12,2,0,2,2184.676635111018,0,0,350,350,6675,6675,703,703,533,533,1073,1073,1066,1066,350,0,0,350,350,52991.50571428571,52991.50571428571,0,0,0,0,350,4287,7208,4287,7208
1,3,214,1,2,140,0,1,74,66,71.33333333333333,4.618802153517004,74,66,70,5.656854249492381,74,74,74,0,74,0,0.5,0.7071067811865476,1,1,1,0,1,0,0,0,0,2,0,0,0,2,0,0,0,1,0,0,0,1,0,0,0,1,0,0,0,1,0,0,0,4,0,1,350,349,1998,3237,300,354,0,0,820,1526,302,358,1,0,0,350,331,750.7457142857143,762.12,0,0,0,0,350,2029,3418,1421,2149
0,2,120,0,1,60,0,1,60,60,60,0,60,60,60,0,60,60,60,0,60,0,0,0,0,0,0,0,0,0,0,0,0,1,0,0,0,1,0,1,0,1,0,0,0,0,0,0,0,0,0,0,0,1,0,1,0,0,0,0,350,350,350,350,0,0,350,350,0,0,355,355,350,0,0,3,3,0.068571429,0.068571429,1,1,0,0,12,355,705,355,705
170,14,12921,170,7,856,159,7,12065,60,922.9285714285712,1758.4750589550688,5858,60,122.28571428571428,150.75555742737345,464,66,1723.571428571429,2276.264473294119,5858,0,13.07692307692308,37.539893310231854,137,0,28.333333333333336,58.40776204124471,147,0,26.5,54.40496300890205,137,2,0,0,0,11,2,2,2,1,0,0,0,4,1,2,1,1,0,0,0,7,1,0,1,2836.9725647833347,0,0,350,350,4162,4162,489,489,647,647,790,790,761,761,2,0,0,350,350,417.7657142857143,417.7657142857143,0,0,0,0,350,2798,5008,2798,5008
1,3,214,1,2,140,0,1,74,66,71.33333333333333,4.618802153517004,74,66,70,5.656854249492381,74,74,74,0,74,0,0.5,0.7071067811865476,1,1,1,0,1,0,0,0,0,2,0,0,0,2,0,0,0,1,0,0,0,1,0,0,0,1,0,0,0,1,0,0,0,4,0,1,350,349,1971,3140,300,350,0,0,792,1470,306,354,1,0,0,350,333,720.4257142857143,748.74,0,0,0,0,350,1975,3319,1408,2124
392,10,990,392,5,423,391,5,567,60,99,82.63171304045439,321,60,84.6,37.010809231898726,147,60,113.4,116.08100619825794,321,0,43.55555555555556,74.40616760576893,195,1,98,162.38637052823532,339,0,97.75,88.02414441504104,195,2,0,0,0,9,4,0,0,1,0,0,0,4,2,0,0,1,0,0,0,5,2,0,0,123.03657992645928,0,0,73,104,12225,18322,0,0,17,44,6110,6307,25,57,1,0,0,0,0,3429.1369863013697,2582.6826923076924,0,0,0,0,0,10174,18370,6133,12245
1,3,214,1,2,140,0,1,74,66,71.33333333333333,4.618802153517004,74,66,70,5.656854249492381,74,74,74,0,74,0,0.5,0.7071067811865476,1,1,1,0,1,0,0,0,0,2,0,0,0,2,0,0,0,1,0,0,0,1,0,0,0,1,0,0,0,1,0,0,0,4,0,1,350,349,3348,4257,300,356,0,0,1712,2214,318,372,1,0,0,350,331,892.1028571428571,868.4171428571428,0,0,0,0,350,2740,4445,2312,3507
4006,60,5316,4006,30,3516,4005,30,1800,60,88.6,37.81498223397615,179,72,117.2,34.88443976805468,179,60,60,0,60,0,67.89830508474574,336.33187094129335,2326,0,138.13793103448276,474.9219277296255,2326,0,138.10344827586206,473.8363449265991,2327,0,0,0,0,60,30,0,0,0,0,0,0,30,30,0,0,0,0,0,0,30,0,0,0,57.77759081,0,0,31,34,5193,5212,0,0,15,18,2589,2595,23,29,1,0,0,0,0,3219.032258064516,2979,0,0,0,0,0,2623,5234,2610,5212
3163,15,12509,3163,9,560,72,6,11949,60,833.9333333333334,2106.405756145717,7269,60,62.22222222222222,4.841946348777984,74,60,1991.5,3121.4560544720152,7269,0,225.92857142857144,815.2799863,3058,0,395.375,1076.397024137204,3058,0,14.400000000000002,23.839043604977107,56,2,0,0,0,14,2,1,2,1,0,0,0,8,1,1,0,1,0,0,0,6,1,0,2,3602.172712405667,0,0,350,350,6771,6896,698,701,547,543,1122,1212,1094,1094,350,0,0,350,348,56965.78857142857,56407.68,0,0,0,0,350,4431,7443,4375,7318
4830,24,20006,4830,16,4928,4823,8,15078,66,833.5833333333333,788.4233533,1934,66,307.99999999999994,260.59316951908005,651,1836,1884.75,52.11731272537261,1934,3,210,386.6391317,1038,6,322,443.0424036,1038,228,689,418.04226261627343,1044,0,0,0,0,24,16,0,0,0,0,0,0,16,8,0,0,0,0,0,0,8,8,0,0,913.9870076,0,1,350,349,1992,3279,302,364,0,0,808,1534,302,364,1,0,0,350,329,734.5485714285714,749.56,0,0,0,0,350,2048,3463,1421,2143
99,9,866,99,5,498,99,4,368,60,96.22222222222224,70.72089114571764,252,60,99.6,85.23379611398286,252,60,92,60.06662967072483,182,0,12.375,33.793226286596884,96,0,24.75,48.83560859,98,1,33,54.56189146281496,96,2,0,0,0,8,2,0,2,1,0,0,0,4,1,0,1,1,0,0,0,4,1,0,1,95.04209594,0,0,88,350,971,4846,176,700,0,0,185,747,176,700,1,0,0,88,350,99.06818182,108.76,0,0,0,0,88,2447,5196,547,1059
1,3,198,1,2,132,0,1,66,66,66,0,66,66,66,0,66,66,66,0,66,0,0.5,0.7071067811865476,1,1,1,0,1,0,0,0,0,0,0,0,0,3,0,0,2,0,0,0,0,2,0,0,1,0,0,0,0,1,0,0,1,0,0,1,350,349,3328,3915,300,342,0,0,1693,2002,322,358,1,0,0,350,335,886.7885714285715,865.8171428571428,0,0,0,0,350,2590,4096,2300,3489
76622,28,24898,76622,17,1060,72770,11,23838,60,889.2142857142857,2138.252598409078,7354,60,62.352941176470594,4.8080814322163405,74,60,2167.090909090909,3063.681329856141,7354,0,2837.851851851852,12362.774155640062,64226,0,4788.875,15967.284289550724,64226,0,7277,22498.62169111699,71297,4,0,0,0,26,4,2,3,2,0,0,0,15,2,2,0,2,0,0,0,11,2,0,3,3644.6726419071806,0,0,350,350,9288,9288,958,958,742,742,1539,1539,1484,1484,350,0,0,350,350,79803.81428571428,79803.81428571428,0,0,0,0,350,6035,10030,6035,10030
3826,238,44840,3809,119,37700,3825,119,7140,60,188.4033613445378,216.47212893277384,1212,72,316.80672268907574,246.70466380038928,1212,60,60,0,60,0,16.14345991561181,63.776327975293135,581,0,32.27966101694913,91.59273341024016,602,0,32.41525423728812,87.70076613521711,581,0,0,0,0,238,119,0,0,0,0,0,0,119,119,0,0,0,0,0,0,119,0,0,0,574.0278739,0,0,27,30,4733,4752,0,0,15,18,2359,2365,23,29,1,0,0,0,0,3026.4444444444443,2773.6666666666665,0,0,0,0,0,2393,4774,2380,4752
2,3,198,2,2,132,0,1,66,66,66,0,66,66,66,0,66,66,66,0,66,1,1,0,1,2,2,0,2,0,0,0,0,0,0,0,0,3,0,0,2,0,0,0,0,2,0,0,1,0,0,0,0,1,0,0,1,0,0,1,350,349,3348,4155,302,336,0,0,1712,2176,316,352,1,0,0,350,337,879.5885714285714,885.04,0,0,0,0,350,2701,4333,2312,3506
11718,56,8465,11718,22,3468,11718,34,4997,66,151.16071428571428,186.71346806228027,1042,66,157.63636363636363,137.9408242532681,706,66,146.9705882352941,214.3563282769388,1042,0,213.0545454545454,595.2206692629593,2212,0,558,902.7432082270128,2270,0,355.09090909090907,738.8754700402989,2212,2,0,0,0,55,31,0,2,1,0,0,0,21,16,0,1,1,0,0,0,34,15,0,1,486.2482219333386,0,0,350,350,19488,19022,712,775,2,14,11065,10641,705,777,3,0,0,0,0,12651.802857142857,11384.402857142855,0,0,0,0,350,8062,19424,8029,19842
8213,28,2155,8213,11,849,8213,17,1306,60,76.96428571428572,12.369263407684276,100,66,77.18181818181817,8.158654077949153,90,60,76.82352941176471,14.714938388070331,100,0,304.1851851851852,863.8638620059135,3216,0,821.3,1328.1813840318982,3260,0,513.3125,1085.835452159611,3216,2,0,0,0,25,14,2,2,1,0,0,0,10,7,0,1,1,0,0,0,15,7,2,1,19.078784028338912,0,0,350,350,8751,9394,701,735,701,667,4900,5224,700,734,1,0,0,0,0,9039.705714285714,8648.582857142857,0,0,0,0,350,4222,10428,3851,9802
96,9,862,96,5,494,95,4,368,60,95.77777777777776,69.62359114872231,248,60,98.8,83.44579079,248,60,92,60.06662967072483,182,0,12,32.732683535398856,93,0,24,46.66904755831213,94,0,31.666666666666664,53.12563725107994,93,2,0,0,0,8,2,0,2,1,0,0,0,4,1,0,1,1,0,0,0,4,1,0,1,93.45765529550448,0,0,70,275,937,3217,140,550,0,0,146,570,140,550,1,0,0,70,275,100.85714285714286,91.18545454545456,0,0,0,0,70,1718,3492,471,1007
8999,28,2170,8999,11,864,8999,17,1306,60,77.50000000000001,12.83946462481407,100,66,78.54545454545455,9.832229008354476,94,60,76.82352941176471,14.714938388070331,100,0,333.29629629629625,932.0483982,3269,0,899.9,1423.9393284515709,3312,0,562.4375,1169.760087582065,3269,2,0,0,0,25,14,2,2,1,0,0,0,10,7,0,1,1,0,0,0,15,7,2,1,19.933221850301404,0,0,350,350,8750,9371,700,728,700,672,4900,5244,700,728,1,0,0,0,0,8905.408571428572,8577.148571428572,0,0,0,0,350,4205,10407,3850,9800
176,15,12957,176,9,958,162,6,11999,60,863.8,1621.0384766738705,4410,60,106.44444444444444,127.41969148360774,446,66,1999.8333333333333,2179.5924771999616,4410,0,12.571428571428571,35.677431534222315,135,0,22,51.26680909014832,148,0,32.4,57.75205624044914,135,2,0,0,0,10,2,4,2,1,0,0,0,4,1,4,1,1,0,0,0,6,1,0,1,2117.3797486516205,0,0,350,350,4142,4142,477,477,630,630,817,817,736,736,2,0,0,350,350,437.4028571428572,437.4028571428572,0,0,0,0,350,2748,4949,2748,4949
9735,28,2159,9735,11,853,9735,17,1306,60,77.10714285714285,12.458343287143656,100,66,77.54545454545455,8.501336793277119,90,60,76.82352941176471,14.714938388070331,100,0,360.5555555555555,1027.152311877295,3585,0,973.5,1573.6929144178316,3628,0,608.4374999999999,1291.4654192686178,3585,2,0,0,0,25,14,2,2,1,0,0,0,10,7,0,1,1,0,0,0,15,7,2,1,19.078784028338912,0,0,350,350,8751,9399,701,727,701,667,4900,5258,700,726,1,0,0,0,0,8956.511428571428,8567.354285714286,0,0,0,0,350,4223,10429,3851,9802
1,3,214,1,2,140,0,1,74,66,71.33333333333333,4.618802153517004,74,66,70,5.656854249492381,74,74,74,0,74,0,0.5,0.7071067811865476,1,1,1,0,1,0,0,0,0,2,0,0,0,2,0,0,0,1,0,0,0,1,0,0,0,1,0,0,0,1,0,0,0,4,0,1,350,349,1961,2963,304,356,0,0,792,1344,302,348,1,0,0,350,333,721.7857142857143,736.0342857142857,0,0,0,0,350,1892,3139,1394,2112
1,5,349,1,3,186,0,2,163,60,69.8,15.498387012847497,97,60,62,3.4641016151377544,66,66,81.5,21.920310216782973,97,0,0.25,0.5,1,0,0.5,0.7071067811865476,1,0,0,0,0,0,0,0,0,3,1,2,2,0,0,0,0,1,0,2,1,0,0,0,0,2,1,0,1,16.740669042783207,0,0,95,350,5911,1561,163,381,152,96,3138,378,0,0,80,0,0,0,0,1009.242105263158,779.5285714285715,0,0,0,0,0,935,1623,4266,6063
4127,48,21527,4127,32,9080,4088,16,12447,66,448.4791666666667,362.9011933742879,1133,66,283.75,232.0482430374645,668,429,777.9375,357.35201482571773,1133,0,87.80851063829785,237.86191082568607,966,2,133.1290322580645,283.8608511149414,966,8,272.5333333333333,392.0914373435044,1005,0,0,0,0,48,32,0,0,0,0,0,0,32,16,0,0,0,0,0,0,16,16,0,0,447.3648771789459,0,1,350,349,3345,3953,294,334,0,0,1716,2038,318,352,1,0,0,350,337,849.4457142857143,846.0428571428571,0,0,0,0,350,2610,4131,2312,3504
0,1,253,0,1,253,0,0,0,253,253,0,253,253,253,0,253,0,0,0,0,0,0,0,0,0,0,0,0,0,0,0,0,0,0,0,0,1,1,0,1,0,0,0,0,1,1,0,1,0,0,0,0,0,0,0,0,146.06961810497532,0,0,350,350,731,1119,106,134,35,35,450,647,40,68,1,0,0,350,343,186.6457142857143,195.2142857142857,0,0,0,0,350,723,1188,510,786
13924,56,8465,13924,23,3534,13924,33,4931,66,151.16071428571428,186.71346806228024,1042,66,153.65217391304344,136.11713161019287,706,66,149.42424242424244,217.19447367264988,1042,0,253.1636363636364,707.3383276511389,2584,0,632.9090909,1052.6511613694574,2633,0,435.125,888.7991445511403,2584,2,0,0,0,55,31,0,2,1,0,0,0,22,16,0,1,1,0,0,0,33,15,0,1,486.2482219333386,0,0,350,350,19750,19247,713,774,2,14,11136,10698,705,773,3,0,0,0,0,12842.702857142856,11521.331428571428,0,0,0,0,350,8173,19645,8174,20104
4945,24,19996,4945,16,4928,4941,8,15068,66,833.1666666666666,787.8384664862223,1933,66,307.99999999999994,260.59316951908005,651,1835,1883.5,51.856946083845486,1933,0,215,395.7663452088872,1047,3,329.66666666666663,453.4695873668561,1047,250,705.8571428571428,419.6460526727369,1051,0,0,0,0,24,16,0,0,0,0,0,0,16,8,0,0,0,0,0,0,8,8,0,0,913.4303020300272,0,1,350,349,1994,3160,302,354,0,0,816,1482,302,352,1,0,0,350,332,743.7828571428571,761.3685714285714,0,0,0,0,350,1986,3338,1418,2145
0,2,120,0,1,60,0,1,60,60,60,0,60,60,60,0,60,60,60,0,60,0,0,0,0,0,0,0,0,0,0,0,0,1,0,0,0,1,0,1,0,1,0,0,0,0,0,0,0,0,0,0,0,1,0,1,0,0,0,0,350,350,350,350,0,0,350,350,0,0,350,350,350,0,0,0,0,0.04,0.04,0,0,0,0,0,350,700,350,700
49328,25,7537,49328,13,1746,40570,12,5791,60,301.48,474.921583,1514,60,134.30769230769232,182.65102637515463,709,60,482.58333333333326,622.0193592914397,1514,0,2055.333333333333,4050.464081480333,10072,16,4110.666666666667,5028.613514557255,10100,0,3688.181818181818,5051.624784525901,10101,2,0,0,0,24,7,1,0,1,0,0,0,12,3,1,0,1,0,0,0,12,4,0,0,690.3295710504271,0,0,18,31,704,1147,31,52,5,21,171,263,36,62,1,0,0,18,31,41805.833333333336,51504.54838709677,0,0,0,0,18,562,1184,327,722
3004,3,222,3004,3,222,0,0,0,74,74,0,74,74,74,0,74,0,0,0,0,1000,1502,709.9352083112938,2004,1000,1502,709.9352083112938,2004,0,0,0,0,3,0,0,0,0,0,0,0,3,0,0,0,0,0,0,0,0,0,0,0,0,0,0,0,42.72391992003231,0,0,350,350,656,808,4,12,0,0,516,610,398,402,1,0,0,350,348,1543.5742857142857,1543.8342857142857,0,0,0,0,350,988,1155,918,1003
8957,28,2160,8957,11,854,8957,17,1306,60,77.14285714285714,12.52764139580148,100,66,77.63636363636364,8.766672427697152,91,60,76.82352941176471,14.714938388070331,100,0,331.7407407407408,950.6445826,3517,0,895.6999999999999,1460.3043099908243,3559,0,559.8125,1195.9426529590232,3517,2,0,0,0,25,14,2,2,1,0,0,0,10,7,0,1,1,0,0,0,15,7,2,1,19.27649691550136,0,0,350,350,8750,9686,700,744,700,656,4900,5392,700,744,1,0,0,0,0,9113.197142857143,8613.174285714285,0,0,0,0,350,4388,10714,3850,9800
3,15,12922,3,9,923,1,6,11999,66,861.4666666666666,1797.2529381835832,5858,66,102.55555555555556,106.6994741213741,387,66,1999.8333333333333,2536.6035887908592,5858,0,0.2142857142857143,0.4258153136263201,1,0,0.375,0.5175491695067657,1,0,0.2,0.447213595,1,2,0,0,0,14,2,1,1,1,0,0,0,8,1,1,0,1,0,0,0,6,1,0,1,2846.524942803066,0,0,350,350,4275,4275,521,521,554,554,720,720,716,716,2,0,0,350,350,106.35428571428572,106.35428571428572,0,0,0,0,350,2708,4941,2708,4941
0,2,140,0,1,74,0,1,66,66,70,5.656854249492381,74,74,74,0,74,66,66,0,66,0,0,0,0,0,0,0,0,0,0,0,0,0,0,0,0,2,1,0,0,0,0,0,0,1,1,0,0,0,0,0,0,1,0,0,0,4.618802153517006,0,0,350,350,684,826,0,16,31,31,484,544,162,178,1,0,0,350,346,639.5028571428571,640.4485714285714,0,0,0,0,350,724,995,646,845
2708,12,12329,2708,8,500,28,4,11829,60,1027.4166666666667,2583.255256395885,8814,60,62.5,5.0990195135927845,74,60,2957.25,4125.5126045135285,8814,0,246.1818181818182,802.2701313375461,2665,0,386.8571428571429,1004.6119364496636,2665,1,9.333333333333332,14.433756729740644,26,2,0,0,0,11,2,1,1,1,0,0,0,7,1,1,0,1,0,0,0,4,1,0,1,4374.671645,0,0,350,350,3779,6021,343,494,346,311,629,1804,666,774,350,0,0,312,311,5904.5142857142855,5907.082857142857,0,0,0,0,315,3516,6408,2337,4129
12555,55,8399,12555,22,3468,12554,33,4931,66,152.70909090909092,188.07117178495395,1042,66,157.63636363636363,137.9408242532681,706,66,149.42424242424244,217.19447367264988,1042,0,232.50000000000003,643.6688105973825,2548,0,597.8571428571428,970.337894,2618,0,392.3125,802.3242220312587,2548,2,0,0,0,54,31,0,2,1,0,0,0,21,16,0,1,1,0,0,0,33,15,0,1,486.2482219333386,0,0,350,350,18888,18911,702,782,0,10,10850,10705,700,782,3,0,0,0,0,12042.034285714286,10690.597142857145,0,0,0,0,350,8007,19310,7711,19238
4844,19,7266,4844,12,2898,4806,7,4368,66,382.42105263157896,382.2807746189636,1133,66,241.5,224.3833975384745,668,66,623.9999999999999,488.1666382155449,1133,0,269.11111111111114,845.5193245009691,3533,1,440.3636363636363,1064.1858176772769,3533,2,801,1392.6794318866062,3534,2,0,0,0,18,10,0,0,1,0,0,0,11,5,0,0,1,0,0,0,7,5,0,0,517.8489966518554,0,1,350,349,3306,3676,302,318,0,0,1682,1892,316,330,1,0,0,350,344,871.7714285714286,876.9257142857143,0,0,0,0,350,2463,3843,2285,3464
1,3,214,1,2,140,0,1,74,66,71.33333333333333,4.618802153517004,74,66,70,5.656854249492381,74,74,74,0,74,0,0.5,0.7071067811865476,1,1,1,0,1,0,0,0,0,2,0,0,0,2,0,0,0,1,0,0,0,1,0,0,0,1,0,0,0,1,0,0,0,4,0,1,350,349,1972,3262,302,364,0,0,792,1522,304,364,1,0,0,350,329,720.7942857142857,729.1142857142858,0,0,0,0,350,2038,3446,1408,2124
0,2,134,0,1,74,0,1,60,60,67,9.899494936611664,74,74,74,0,74,60,60,0,60,0,0,0,0,0,0,0,0,0,0,0,0,1,0,0,0,1,0,1,0,1,0,0,0,0,0,0,0,0,0,0,0,1,0,1,0,8.082903768654761,0,1,139,341,6083,2584,236,425,223,154,3194,754,18,18,118,8,8,2,2,950.7687074829932,261.0285714285714,0,0,0,0,2,1617,2783,4437,6370
366,12,13087,366,7,1154,354,5,11933,66,1090.5833333333333,2899.4062858809666,10202,66,164.85714285714286,166.1238780463027,408,66,2386.6,4413.316870563454,10202,0,33.272727272727266,70.58766309928514,208,0,61,92.67362084217925,208,0,88.5,107.53449059100372,218,2,0,0,0,11,3,1,1,1,0,0,0,6,2,1,0,1,0,0,0,5,1,0,1,5013.5928235148895,0,0,350,350,4136,4136,507,507,634,634,811,811,748,748,2,0,0,350,350,426.6628571428572,426.6628571428572,0,0,0,0,350,2751,4980,2751,4980
83307,28,24886,83307,16,1000,73194,12,23886,60,888.7857142857144,1906.483292602782,7269,60,62.5,4.926120853842977,74,60,1990.5,2569.8725649339112,7269,0,3085.4444444444453,13081.84107936039,67744,0,5553.8,17410.849368794654,67744,0,6654,21471.43455850121,71380,4,0,0,0,26,4,2,3,2,0,0,0,14,2,2,0,2,0,0,0,12,2,0,3,3602.172712405667,0,0,350,350,8730,8730,849,849,698,698,1417,1417,1396,1396,350,0,0,350,350,79005.35142857143,79005.35142857143,0,0,0,0,350,5671,9428,5671,9428
4997,244,40894,4996,122,33574,4996,122,7320,60,167.59836065573757,213.06134899018045,1325,60,275.19672131147547,260.4213254824207,1325,60,60,0,60,0,20.563786008230444,86.93879678,761,0,41.289256198347125,123.07981407854342,785,0,41.28925619834708,120.07257791411888,762,0,0,0,0,244,122,0,0,0,0,0,0,122,122,0,0,0,0,0,0,122,0,0,0,632.5,0,0,28,31,4977,4996,0,0,15,18,2481,2487,23,29,1,0,0,0,0,3096.8214285714284,2845.3870967741937,0,0,0,0,0,2515,5018,2502,4996
144,16,13010,144,9,945,127,7,12065,66,813.1250000000001,1388.7029379964602,4410,66,105,114.03069762129844,409,66,1723.5714285714284,1756.3245578141166,4410,0,9.6,29.095409554478813,114,0,18,42.67150270212127,123,0,21.166666666666664,45.72271499666951,114,2,0,0,0,15,2,1,1,1,0,0,0,8,1,1,0,1,0,0,0,7,1,0,1,2121.005480898152,0,0,350,350,4128,4128,493,493,720,720,718,718,700,700,2,0,0,350,350,72.23714285714286,72.23714285714286,0,0,0,0,350,2752,4972,2752,4972
170,14,12921,170,7,856,159,7,12065,60,922.9285714285712,1758.4750589550688,5858,60,122.28571428571428,150.75555742737345,464,66,1723.571428571429,2276.264473294119,5858,0,13.07692307692308,37.539893310231854,137,0,28.333333333333336,58.40776204124471,147,0,26.5,54.40496300890205,137,2,0,0,0,11,2,2,2,1,0,0,0,4,1,2,1,1,0,0,0,7,1,0,1,2836.9725647833347,0,0,350,350,4162,4162,489,489,647,647,790,790,761,761,2,0,0,350,350,417.7657142857143,417.7657142857143,0,0,0,0,350,2798,5008,2798,5008
12826,55,8399,12826,22,3468,12825,33,4931,66,152.70909090909092,188.07117178495395,1042,66,157.63636363636363,137.9408242532681,706,66,149.42424242424244,217.19447367264988,1042,0,237.5185185185185,660.4109566974686,2617,0,610.7619047619048,990.7671222220642,2662,0,400.78125,823.5394788262939,2617,2,0,0,0,54,31,0,2,1,0,0,0,21,16,0,1,1,0,0,0,33,15,0,1,486.2482219333386,0,0,350,350,18885,18725,704,776,0,26,10850,10589,700,778,3,0,0,0,0,12403.81142857143,11025.657142857142,0,0,0,0,350,7935,19138,7715,19235
0,2,120,0,1,60,0,1,60,60,60,0,60,60,60,0,60,60,60,0,60,0,0,0,0,0,0,0,0,0,0,0,0,1,0,0,0,1,0,1,0,1,0,0,0,0,0,0,0,0,0,0,0,1,0,1,0,0,0,0,350,350,350,350,0,0,350,350,0,0,350,350,350,0,0,0,0,0.045714286,0.045714286,0,0,0,0,0,350,700,350,700
3265,10,1798,3265,9,1724,0,1,74,66,179.79999999999998,94.53841077,253,66,191.5555555555556,92.19559521895704,253,74,74,0,74,0,362.77777777777777,458.1666666666667,1371,0,408.125,467.7109722589674,1371,0,0,0,0,2,0,0,0,9,6,0,2,1,0,0,0,8,6,0,2,1,0,0,0,1,0,0,0,90.91158708694216,0,0,350,350,726,1114,81,109,29,29,430,627,32,60,1,0,0,350,343,149.34285714285716,157.91714285714286,0,0,0,0,350,691,1173,478,771
0,5,349,0,3,186,0,2,163,60,69.8,15.498387012847497,97,60,62,3.4641016151377544,66,66,81.5,21.920310216782973,97,0,0,0,0,0,0,0,0,0,0,0,0,0,0,0,0,3,1,2,2,0,0,0,0,1,0,2,1,0,0,0,0,2,1,0,1,16.740669042783207,0,0,84,350,5863,1567,141,373,130,75,3120,373,0,0,69,0,0,0,0,1096.3333333333333,854.8771428571429,0,0,0,0,0,927,1607,4225,5993
74,9,863,74,5,495,74,4,368,60,95.88888889,69.89714665929583,249,60,99,83.89278872465738,249,60,92,60.06662967072483,182,0,9.25,25.35885306104021,72,0,18.5,37,74,1,24.666666666666664,40.99186911246343,72,2,0,0,0,8,2,0,2,1,0,0,0,4,1,0,1,1,0,0,0,4,1,0,1,93.85227754295578,0,0,191,350,2201,4846,382,700,0,0,397,747,382,700,1,0,0,191,350,95.75916230366492,108.70285714285714,0,0,0,0,191,2447,5196,1178,2392
5227,11,12269,5227,7,440,113,4,11829,60,1115.3636363636365,2690.433209456324,8814,60,62.85714285714286,5.398412465054624,74,60,2957.25,4125.5126045135285,8814,0,522.7,1607.2393204912992,5096,0,871.1666666666667,2070.292386757645,5096,0,37.66666666666667,60.96173663318109,108,2,0,0,0,10,2,1,1,1,0,0,0,6,1,1,0,1,0,0,0,4,1,0,1,4374.671645,0,0,350,350,6749,6811,711,712,543,541,1126,1172,1086,1086,350,0,0,350,349,58539.81714285714,58254.96,0,0,0,0,350,4382,7354,4354,7292
1,4,416,0,2,154,0,2,262,77,104,31.176914536239792,131,77,77,0,77,131,131,0,131,0,0.3333333333333333,0.5773502691896258,1,0,0,0,0,0,0,0,0,0,0,0,0,0,0,0,0,0,0,0,0,0,0,0,0,0,0,0,0,0,0,0,0,31.176914536239792,350,350,0,0,0,0,0,0,0,0,0,0,0,0,6,0,0,0,0,34.20285714285714,34.20285714285714,350,350,0,0,350,706,1412,706,1412
1,3,198,1,2,132,0,1,66,66,66,0,66,66,66,0,66,66,66,0,66,0,0.5,0.7071067811865476,1,1,1,0,1,0,0,0,0,0,0,0,0,3,0,0,2,0,0,0,0,2,0,0,1,0,0,0,0,1,0,0,1,0,0,1,350,349,3318,4327,300,360,0,0,1692,2244,314,376,1,0,0,350,329,818.0914285714285,797.16,0,0,0,0,350,2776,4517,2290,3475
4,7,1531,4,4,795,4,3,736,66,218.7142857142857,255.3773118908009,596,66,198.75,260.1939981372873,589,66,245.3333333333333,303.7125834293557,596,0,0.6666666666666667,1.2110601416389968,3,0,1.3333333333333337,1.5275252316519463,3,1,2,1.4142135623730951,3,2,0,0,0,6,2,0,0,1,0,0,0,3,1,0,0,1,0,0,0,3,1,0,0,303.9883496,0,2,350,348,2024,4334,302,402,1,1,820,2148,314,412,1,0,0,350,316,745.6485714285715,771.1028571428571,0,0,0,0,350,2555,4545,1434,2182
10335,54,8349,10335,22,3484,10335,32,4865,66,154.6111111111111,189.5064509945597,1042,66,158.36363636363637,138.09539334220264,706,66,152.03125,220.1445982830963,1042,0,195,529.4624995800349,2047,0,492.1428571428572,794.0846482406197,2101,0,333.38709677419354,662.1568634605828,2047,2,0,0,0,53,31,0,2,1,0,0,0,21,16,0,1,1,0,0,0,32,15,0,1,486.2482219333386,0,0,350,350,18868,18803,701,787,2,16,10820,10649,700,786,3,0,0,0,0,12047.837142857144,10697.50857142857,0,0,0,0,350,7968,19210,7709,19220
0,2,134,0,1,74,0,1,60,60,67,9.899494936611664,74,74,74,0,74,60,60,0,60,0,0,0,0,0,0,0,0,0,0,0,0,1,0,0,0,1,0,1,0,1,0,0,0,0,0,0,0,0,0,0,0,1,0,1,0,8.082903768654761,0,0,350,350,360,360,0,0,350,350,0,0,356,356,350,0,0,3,3,105.28857142857144,105.28857142857144,1,1,0,0,12,361,711,361,711
101821,24,24652,101821,15,940,90976,9,23712,60,1027.1666666666667,2335.977714803369,8814,60,62.66666666666666,5.052109413285654,74,60,2634.6666666666665,3322.1876452121123,8814,0,4427,17551.510064534465,84114,0,7272.928571428572,22339.097245943853,84114,0,11372,31773.14296248147,90003,4,0,0,0,22,4,2,2,2,0,0,0,13,2,2,0,2,0,0,0,9,2,0,2,4374.671645,0,0,350,350,6808,6941,698,700,549,546,1122,1214,1098,1100,350,0,0,350,348,57077.88571428572,56771.16285714286,0,0,0,0,350,4450,7491,4388,7357
31,2,322,0,1,120,0,1,202,120,161,57.982756057296896,202,120,120,0,120,202,202,0,202,31,31,0,31,0,0,0,0,0,0,0,0,0,0,0,0,0,0,0,0,0,0,0,0,0,0,0,0,0,0,0,0,0,0,0,0,47.34272207354931,350,350,0,0,0,0,0,0,0,0,0,0,0,0,2,0,0,0,0,12502.994285714283,12502.994285714283,350,350,0,0,350,425,850,425,850
84,12,12736,84,6,737,72,6,11999,66,1061.3333333333337,1767.9526080306632,5858,66,122.83333333333331,135.33132182413155,399,66,1999.8333333333333,2178.1304292137024,5858,0,7.636363636363637,17.895657167439964,60,0,16.8,31.29217154497272,72,0,14.4,26.01538006641456,60,2,0,0,0,11,2,1,1,1,0,0,0,5,1,1,0,1,0,0,0,6,1,0,1,2844.8343097621696,0,0,350,350,4029,4029,497,497,644,644,700,700,700,700,2,0,0,350,350,62.21714285714286,62.21714285714286,0,0,0,0,350,2604,4820,2604,4820
9136,28,2156,9136,11,850,9136,17,1306,60,76.99999999999999,12.34983880536578,100,66,77.27272727272728,8.075777474533448,87,60,76.82352941176471,14.714938388070331,100,0,338.37037037037027,962.0199961,3248,0,913.6,1476.716342279571,3297,0,571,1209.3364571808238,3248,2,0,0,0,25,14,2,2,1,0,0,0,10,7,0,1,1,0,0,0,15,7,2,1,18.55397531527948,0,0,350,350,8751,9750,701,741,701,661,4900,5458,700,740,1,0,0,0,0,9128.885714285714,8659.1,0,0,0,0,350,4408,10781,3851,9802
69,7,2778,69,4,732,68,3,2046,66,396.8571428571428,686.9088800734851,1906,66,183,228.6977627058617,526,66,682,1060.0226412676288,1906,0,11.5,27.19374928177429,67,0,23,38.97435053981015,68,1,34,46.66904755831214,67,2,0,0,0,6,2,0,0,1,0,0,0,3,1,0,0,1,0,0,0,3,1,0,0,870.7659463560419,0,1,350,349,2010,4178,308,402,1,1,812,2058,308,400,1,0,0,350,319,745.2971428571428,777.0485714285714,0,0,0,0,350,2476,4381,1425,2165
11376,55,8399,11376,22,3468,11376,33,4931,66,152.70909090909092,188.07117178495395,1042,66,157.63636363636363,137.9408242532681,706,66,149.42424242424244,217.19447367264988,1042,0,210.66666666666663,584.8749261553987,2193,0,541.7142857142857,882.5257584261857,2242,0,355.5,729.2317654504194,2193,2,0,0,0,54,31,0,2,1,0,0,0,21,16,0,1,1,0,0,0,33,15,0,1,486.2482219333386,0,0,350,350,18864,18769,701,777,2,16,10820,10660,700,780,3,0,0,0,0,12019.628571428571,10758.297142857144,0,0,0,0,350,7928,19173,7701,19216
5,7,3098,5,4,871,4,3,2227,66,442.57142857142856,758.3675136200692,2087,66,217.75000000000003,298.19051516326493,665,66,742.3333333333334,1164.5223627450584,2087,0,0.8333333333333334,1.1690451944500122,3,0,1.6666666666666667,2.0816659994661326,4,1,2,1.4142135623730951,3,2,0,0,0,6,2,0,0,1,0,0,0,3,1,0,0,1,0,0,0,3,1,0,0,953.4397376516952,0,2,350,348,2020,4400,302,408,1,1,812,2172,316,420,1,0,0,350,314,734.0085714285714,757.8657142857143,0,0,0,0,350,2587,4615,1429,2179
1,3,198,1,2,132,0,1,66,66,66,0,66,66,66,0,66,66,66,0,66,0,0.5,0.7071067811865476,1,1,1,0,1,0,0,0,0,0,0,0,0,3,0,0,2,0,0,0,0,2,0,0,1,0,0,0,0,1,0,0,1,0,0,2,350,348,2017,4401,304,410,1,1,810,2172,314,418,1,0,0,350,314,720.1685714285715,757.8685714285714,0,0,0,0,350,2587,4615,1427,2175
6,7,3098,6,4,871,6,3,2227,66,442.57142857142856,758.3675136200692,2087,66,217.75000000000003,298.19051516326493,665,66,742.3333333333334,1164.5223627450584,2087,0,1,2,5,0,2,2.6457513110645907,5,1,3,2.8284271247461903,5,2,0,0,0,6,2,0,0,1,0,0,0,3,1,0,0,1,0,0,0,3,1,0,0,953.4397376516952,0,2,350,348,2021,4186,304,396,1,1,818,2064,312,404,1,0,0,350,318,745.64,777.3914285714286,0,0,0,0,350,2483,4393,1432,2178
34,7,2896,34,4,809,33,3,2087,66,413.71428571428567,704.7838236617226,1947,66,202.25,267.1932821011786,603,66,695.6666666666666,1083.693837452873,1947,0,5.666666666666666,12.909944487358056,32,0,11.333333333333334,18.77054430040145,33,1,16.5,21.920310216782973,32,2,0,0,0,6,2,0,0,1,0,0,0,3,1,0,0,1,0,0,0,3,1,0,0,887.8530284,0,1,350,349,2014,4181,308,400,1,1,814,2060,308,402,1,0,0,350,319,745.3914285714286,777.1457142857142,0,0,0,0,350,2478,4385,1427,2169
0,1,297,0,1,297,0,0,0,297,297,0,297,297,297,0,297,0,0,0,0,0,0,0,0,0,0,0,0,0,0,0,0,0,0,0,0,1,1,0,0,0,0,0,0,1,1,0,0,0,0,0,0,0,0,0,0,171.47302994931886,0,0,350,350,701,877,0,8,20,20,515,611,256,258,1,0,0,350,348,914.5514285714286,905.1342857142856,0,0,0,0,350,857,1108,771,934
69,7,2778,69,4,732,68,3,2046,66,396.8571428571428,686.9088800734851,1906,66,183,228.6977627058617,526,66,682,1060.0226412676288,1906,0,11.5,27.19374928177429,67,0,23,38.97435053981015,68,1,34,46.66904755831214,67,2,0,0,0,6,2,0,0,1,0,0,0,3,1,0,0,1,0,0,0,3,1,0,0,870.7659463560419,0,1,350,349,2010,4178,308,402,1,1,812,2058,308,400,1,0,0,350,319,745.2971428571428,777.0485714285714,0,0,0,0,350,2476,4381,1425,2165
8724,12,12329,8724,7,440,283,5,11889,60,1027.4166666666667,2332.986476925049,7269,60,62.85714285714286,5.398412465054624,74,60,2377.8,3325.680712275308,7269,0,793.0909090909091,2537.268667466867,8439,0,1454,3423.818978859718,8439,0,70.75,140.83412228575858,282,2,0,0,0,11,2,1,1,1,0,0,0,6,1,1,0,1,0,0,0,5,1,0,1,3602.172712405667,0,0,350,350,521,4151,21,269,346,285,31,1955,367,546,350,0,0,13,13,403.4171428571429,511.60857142857145,0,0,0,0,17,2327,4560,447,871
78768,29,24952,78768,17,1060,74099,12,23892,60,860.4137931034483,1955.4692625929488,7269,60,62.352941176470594,4.8080814322163405,74,60,1991,2711.954846768119,7269,0,2813.142857142857,11990.09062367842,63323,0,4923,15738.40313373628,63323,0,6736.272727272727,21519.713952982314,71603,4,0,0,0,27,4,2,3,2,0,0,0,15,2,2,0,2,0,0,0,12,2,0,3,3602.172712405667,0,0,350,350,9141,9141,953,953,718,718,1475,1475,1436,1436,350,0,0,350,350,79843.71142857143,79843.71142857143,0,0,0,0,350,5862,9859,5862,9859
12055,55,8399,12055,22,3468,12055,33,4931,66,152.70909090909092,188.07117178495395,1042,66,157.63636363636363,137.9408242532681,706,66,149.42424242424244,217.19447367264988,1042,0,223.2407407407408,627.2986088968867,2716,0,574.047619,944.2056172354876,2777,0,376.71875000000006,783.0517732800921,2716,2,0,0,0,54,31,0,2,1,0,0,0,21,16,0,1,1,0,0,0,33,15,0,1,486.2482219333386,0,0,350,350,18935,18576,703,770,0,22,10850,10494,700,776,3,0,0,0,0,12186.851428571428,10776.365714285714,0,0,0,0,350,7848,18982,7724,19285
0,1,297,0,1,297,0,0,0,297,297,0,297,297,297,0,297,0,0,0,0,0,0,0,0,0,0,0,0,0,0,0,0,0,0,0,0,1,1,0,0,0,0,0,0,1,1,0,0,0,0,0,0,0,0,0,0,171.47302994931886,0,0,350,350,668,740,0,8,58,58,556,586,208,216,1,0,0,350,348,828.2514285714286,828.7314285714285,0,0,0,0,350,802,963,764,887
0,2,134,0,1,74,0,1,60,60,67,9.899494936611664,74,74,74,0,74,60,60,0,60,0,0,0,0,0,0,0,0,0,0,0,0,1,0,0,0,1,0,1,0,1,0,0,0,0,0,0,0,0,0,0,0,1,0,1,0,8.082903768654761,0,0,350,350,350,350,0,0,350,350,0,0,350,350,350,0,0,0,0,0.048571429,0.048571429,0,0,0,0,1,350,700,350,700
0,3,214,0,2,140,0,1,74,66,71.33333333333333,4.618802153517004,74,66,70,5.656854249492381,74,74,74,0,74,0,0,0,0,0,0,0,0,0,0,0,0,2,0,0,0,2,0,0,0,1,0,0,0,1,0,0,0,1,0,0,0,1,0,0,0,4,0,4,350,346,3184,7572,304,540,0,0,1584,3994,328,558,1,0,0,350,270,892.3542857142858,909.2571428571428,0,0,0,0,350,4306,7859,2206,3348
1,3,214,1,2,140,0,1,74,66,71.33333333333333,4.618802153517004,74,66,70,5.656854249492381,74,74,74,0,74,0,0.5,0.7071067811865476,1,1,1,0,1,0,0,0,0,2,0,0,0,2,0,0,0,1,0,0,0,1,0,0,0,1,0,0,0,1,0,0,0,4,0,0,350,350,3287,4249,302,358,0,0,1672,2190,316,374,1,0,0,350,332,850.9114285714286,850.7457142857143,0,0,0,0,350,2736,4436,2274,3445
5,7,3098,5,4,871,5,3,2227,66,442.57142857142856,758.3675136200692,2087,66,217.75000000000003,298.19051516326493,665,66,742.3333333333334,1164.5223627450584,2087,0,0.8333333333333334,1.6020819787597222,4,0,1.6666666666666667,2.0816659994661326,4,1,2.5,2.1213203435596424,4,2,0,0,0,6,2,0,0,1,0,0,0,3,1,0,0,1,0,0,0,3,1,0,0,953.4397376516952,0,2,350,348,2026,4389,302,410,1,1,814,2160,316,420,1,0,0,350,314,720.2142857142857,743.9685714285714,0,0,0,0,350,2578,4604,1432,2185
3,15,12936,3,9,937,2,6,11999,66,862.4,1796.9925590115438,5858,66,104.1111111111111,111.36476602189362,401,66,1999.8333333333333,2536.6035887908592,5858,0,0.2142857142857143,0.4258153136263201,1,0,0.375,0.5175491695067657,1,0,0.4,0.5477225575051661,1,2,0,0,0,14,2,1,1,1,0,0,0,8,1,1,0,1,0,0,0,6,1,0,1,2844.553670320413,0,0,350,350,4178,4468,435,445,510,504,715,899,737,742,2,0,0,350,346,247.66285714285715,256.7857142857143,0,0,0,0,350,2806,5100,2675,4812
1,3,214,1,2,140,0,1,74,66,71.33333333333333,4.618802153517004,74,66,70,5.656854249492381,74,74,74,0,74,0,0.5,0.7071067811865476,1,1,1,0,1,0,0,0,0,2,0,0,0,2,0,0,0,1,0,0,0,1,0,0,0,1,0,0,0,1,0,0,0,4,0,1,350,349,2016,2935,298,342,0,0,832,1352,304,346,1,0,0,350,335,757.7828571428571,771.0914285714285,0,0,0,0,350,1878,3110,1433,2168
4063,14,5327,4063,8,1300,3899,6,4027,60,380.50000000000006,529.9497436259694,1546,60,162.50000000000003,178.76241215647096,569,60,671.1666666666667,712.7693642874016,1546,0,312.53846153846155,909.8744982,3335,51,580.4285714285714,1216.1411454737831,3335,1,779.8,1545.7791562833288,3540,2,0,0,0,13,6,0,0,1,0,0,0,7,3,0,0,1,0,0,0,6,3,0,0,700.5404461318894,0,0,8,36,40,163,2,8,0,1,12,48,4,14,2,0,0,8,36,798,307.3333333333333,0,0,0,0,8,93,170,23,42
5,7,1455,5,4,719,5,3,736,66,207.8571428571429,238.0381121945452,596,66,179.75,222.19867236327045,513,66,245.3333333333333,303.7125834293557,596,0,0.8333333333333334,1.6020819787597222,4,0,1.6666666666666667,2.0816659994661326,4,1,2.5,2.1213203435596424,4,2,0,0,0,6,2,0,0,1,0,0,0,3,1,0,0,1,0,0,0,3,1,0,0,284.0638133,0,1,350,349,2025,4174,308,402,1,1,824,2056,306,400,1,0,0,350,319,756.5142857142857,776.8514285714285,0,0,0,0,350,2474,4377,1435,2179
0,1,253,0,1,253,0,0,0,253,253,0,253,253,253,0,253,0,0,0,0,0,0,0,0,0,0,0,0,0,0,0,0,0,0,0,0,1,1,0,1,0,0,0,0,1,1,0,1,0,0,0,0,0,0,0,0,146.06961810497532,0,0,350,350,743,1131,137,165,37,37,475,672,50,78,1,0,0,350,343,233.28857142857143,241.8628571428572,0,0,0,0,350,763,1207,550,805
0,3,198,0,2,132,0,1,66,66,66,0,66,66,66,0,66,66,66,0,66,0,0,0,0,0,0,0,0,0,0,0,0,0,0,0,0,3,0,0,2,0,0,0,0,2,0,0,1,0,0,0,0,1,0,0,1,0,0,2,350,348,2017,4396,304,408,1,1,810,2170,314,420,1,0,0,350,314,733.9971428571429,757.8542857142858,0,0,0,0,350,2585,4611,1427,2175
1,3,198,1,2,132,0,1,66,66,66,0,66,66,66,0,66,66,66,0,66,0,0.5,0.7071067811865476,1,1,1,0,1,0,0,0,0,0,0,0,0,3,0,0,2,0,0,0,0,2,0,0,1,0,0,0,0,1,0,0,1,0,0,1,350,349,3316,4163,300,336,0,0,1692,2180,316,352,1,0,0,350,337,864.6285714285714,893.2228571428572,0,0,0,0,350,2706,4341,2293,3474
64,9,863,64,5,495,63,4,368,60,95.88888889,69.89714665929583,249,60,99,83.89278872465738,249,60,92,60.06662967072483,182,0,8,21.420951025973217,61,0,16,31.33687923,63,1,21,34.64101615137755,61,2,0,0,0,8,2,0,2,1,0,0,0,4,1,0,1,1,0,0,0,4,1,0,1,93.85227754295578,0,0,69,127,644,1452,138,254,0,0,141,262,138,254,1,0,0,69,127,81.33333333333333,88.72440945,0,0,0,0,69,781,1579,382,713
8733,28,2158,8733,11,852,8733,17,1306,60,77.07142857142857,12.49274921979878,100,66,77.45454545454545,8.641338280192906,93,60,76.82352941176471,14.714938388070331,100,0,323.44444444444434,921.7181420224588,3270,0,873.3,1415.662550029334,3314,0,545.8124999999999,1158.9341780992856,3270,2,0,0,0,25,14,2,2,1,0,0,0,10,7,0,1,1,0,0,0,15,7,2,1,19.704060495238032,0,0,350,350,8750,9546,700,740,700,660,4900,5328,700,740,1,0,0,0,0,9027.128571428571,8571.162857142857,0,0,0,0,350,4302,10576,3850,9800
158,12,12824,158,6,825,145,6,11999,66,1068.6666666666663,1765.9559519541883,5858,66,137.5,171.24923357492727,487,66,1999.8333333333333,2179.592477199962,5858,0,14.363636363636363,39.63653044168404,133,0,31.6,64.11941983517941,146,0,29,58.36951259004995,133,2,0,0,0,11,2,1,1,1,0,0,0,5,1,1,0,1,0,0,0,6,1,0,1,2832.7938358918154,0,0,350,350,3969,3969,468,468,624,624,712,712,737,737,2,0,0,350,350,306.1771428571429,306.1771428571429,0,0,0,0,350,2651,4780,2651,4780
1002,6,374,1002,3,194,1001,3,180,60,62.33333333333333,2.9439202887759484,66,62,64.66666666666667,2.309401076758505,66,60,60,0,60,0,200.4,273.9530981755819,501,501,501,0,501,500,500.5,0.7071067811865476,501,3,0,0,0,3,0,3,0,3,0,0,0,0,0,0,0,0,0,0,0,3,0,3,0,2.8284271247461903,0,0,165,350,1848,2911,278,344,78,534,293,359,356,878,1,0,0,165,350,237.9636363636364,560.9514285714286,0,0,0,0,165,1750,3617,1001,2065
165,12,12692,165,6,693,151,6,11999,66,1057.6666666666663,1770.314216245925,5858,66,115.5,117.37418796311223,355,66,1999.8333333333333,2179.592477199962,5858,0,14.999999999999998,40.44996909763962,136,0,33,65.62392856268207,150,0,30.2,59.44072678,136,2,0,0,0,11,2,1,1,1,0,0,0,5,1,1,0,1,0,0,0,6,1,0,1,2851.0901277698445,0,0,350,350,3909,3909,461,461,596,596,726,726,715,715,2,0,0,350,350,276.9371428571429,276.9371428571429,0,0,0,0,350,2596,4675,2596,4675
76502,27,24826,76502,16,1000,72709,11,23826,60,919.4814814814814,2170.6680533238605,10189,60,62.5,4.926120853842977,74,60,2166,3060.455227576447,10189,0,2942.384615384615,12852.930321376283,65656,0,5100.133333333332,16828.76547491003,65656,0,7270.899999999999,22337.35509783257,70823,4,0,0,0,25,4,2,2,2,0,0,0,14,2,2,0,2,0,0,0,11,2,0,2,5062.170968731367,0,0,350,350,9314,9314,967,967,742,742,1539,1539,1484,1484,350,0,0,350,350,79702.62,79702.62,0,0,0,0,350,6051,10056,6051,10056
0,1,253,0,1,253,0,0,0,253,253,0,253,253,253,0,253,0,0,0,0,0,0,0,0,0,0,0,0,0,0,0,0,0,0,0,0,1,1,0,1,0,0,0,0,1,1,0,1,0,0,0,0,0,0,0,0,146.06961810497532,0,0,350,350,739,1127,132,160,37,37,470,667,48,76,1,0,0,350,343,223.96,232.5342857142857,0,0,0,0,350,755,1202,542,800
98893,29,24952,98893,18,1120,92299,11,23832,60,860.4137931034484,1998.460845558784,7354,60,62.22222222222222,4.697377936373034,74,60,2166.5454545454545,2856.4584843346265,7354,0,3531.8928571428564,16925.460206751173,89649,0,5817.235294117646,21663.26866071176,89649,0,9229.9,28921.962298763738,91541,4,0,0,0,27,4,2,3,2,0,0,0,16,2,2,0,2,0,0,0,11,2,0,3,3644.6726419071806,0,0,350,350,6433,6433,654,654,519,519,1054,1054,1038,1038,350,0,0,350,350,49793.41714285714,49793.41714285714,0,0,0,0,350,4141,6952,4141,6952
4996,557,178240,4996,279,161560,4981,278,16680,60,319.9999999999999,282.31150839061473,1230,149,579.0681004,156.3389569057513,1230,60,60,0,60,0,8.985611510791356,9.519433408463634,40,3,17.971223021582734,4.795368472560471,40,3,17.981949458483765,4.778010375,40,0,0,0,0,557,279,0,0,0,0,0,0,279,279,0,0,0,0,0,0,278,0,0,0,571.7081860529898,0,0,3,6,575,594,0,0,0,3,287,293,4,10,1,0,0,0,0,1887.3333333333333,1193,0,0,0,0,0,302,599,289,577
5,7,3098,5,4,871,4,3,2227,66,442.57142857142856,758.3675136200692,2087,66,217.75000000000003,298.19051516326493,665,66,742.3333333333334,1164.5223627450584,2087,0,0.8333333333333334,1.1690451944500122,3,0,1.6666666666666667,2.0816659994661326,4,1,2,1.4142135623730951,3,2,0,0,0,6,2,0,0,1,0,0,0,3,1,0,0,1,0,0,0,3,1,0,0,953.4397376516952,0,2,350,348,2020,4400,302,408,1,1,812,2172,316,420,1,0,0,350,314,734.0085714285714,757.8657142857143,0,0,0,0,350,2587,4615,1429,2179
1,3,198,1,2,132,0,1,66,66,66,0,66,66,66,0,66,66,66,0,66,0,0.5,0.7071067811865476,1,1,1,0,1,0,0,0,0,0,0,0,0,3,0,0,2,0,0,0,0,2,0,0,1,0,0,0,0,1,0,0,1,0,0,4,350,346,3184,7572,304,540,0,0,1584,3994,328,558,1,0,0,350,270,892.3542857142858,909.2571428571428,0,0,0,0,350,4306,7859,2206,3348
3000,3,222,3000,3,222,0,0,0,74,74,0,74,74,74,0,74,0,0,0,0,996,1500,712.7636354360399,2004,996,1500,712.7636354360399,2004,0,0,0,0,3,0,0,0,0,0,0,0,3,0,0,0,0,0,0,0,0,0,0,0,0,0,0,0,42.72391992003231,0,0,350,350,620,938,0,16,44,44,513,703,307,320,1,0,0,350,346,1056.2828571428572,1056.5228571428572,0,0,0,0,350,975,1248,820,925
76,2,260,0,1,94,0,1,166,94,130,50.91168824543142,166,94,94,0,94,166,166,0,166,76,76,0,76,0,0,0,0,0,0,0,0,0,0,0,0,0,0,0,0,0,0,0,0,0,0,0,0,0,0,0,0,0,0,0,0,41.569219381653056,350,350,0,0,0,0,0,0,0,0,0,0,0,0,2,0,0,0,0,9161.548571428571,9161.548571428571,350,350,0,0,350,405,810,405,810
1030,6,374,1030,3,194,1030,3,180,60,62.33333333333333,2.9439202887759484,66,62,64.66666666666667,2.309401076758505,66,60,60,0,60,0,206,282.0780033962237,516,514,515,1.4142135623730951,516,514,515,1.4142135623730951,516,3,0,0,0,3,0,3,0,3,0,0,0,0,0,0,0,0,0,0,0,3,0,3,0,2.8284271247461903,0,0,200,350,1953,1050,278,0,183,1050,293,0,461,1050,1,0,0,200,350,373.77,1013.2514285714286,0,0,0,0,200,1050,2100,1106,2275
3089,92,13603,3088,46,10843,3088,46,2760,60,147.85869565217394,170.03552192046078,700,60,235.71739130434784,206.6041478602099,700,60,60,0,60,0,33.94505494505496,211.5666096,1991,0,68.62222222,299.2156632452805,1992,0,68.62222222,298.5697945576917,1991,0,0,0,0,92,46,0,0,0,0,0,0,46,46,0,0,0,0,0,0,46,0,0,0,320,0,0,65,68,11573,11592,0,0,15,18,5781,5787,23,29,1,0,0,0,0,3624.292307692308,3486.3970588235293,0,0,0,0,0,5815,11614,5802,11592
13352,55,8399,13352,22,3468,13352,33,4931,66,152.70909090909092,188.07117178495395,1042,66,157.63636363636363,137.9408242532681,706,66,149.42424242424244,217.19447367264988,1042,0,247.25925925925927,684.3055475880773,2655,0,635.8095238095239,1026.593620623449,2725,0,417.2499999999999,852.9513846146973,2655,2,0,0,0,54,31,0,2,1,0,0,0,21,16,0,1,1,0,0,0,33,15,0,1,486.2482219333386,0,0,350,350,18803,18777,703,784,5,25,10790,10638,700,788,3,0,0,0,0,12450.734285714285,10673.977142857142,0,0,0,0,350,7992,19192,7687,19158
572,14,2320,572,7,1900,571,7,420,60,165.71428571428572,211.9239444748003,751,60,271.42857142857144,266.89439680821147,751,60,60,0,60,0,44,150.06165399594929,543,1,95.33333333333334,219.4809027379528,543,0,95.16666666666666,219.5881752,543,0,0,0,0,14,7,0,0,0,0,0,0,7,7,0,0,0,0,0,0,7,0,0,0,345.5,0,0,80,112,12319,18422,0,0,17,44,6157,6356,25,59,1,0,0,0,0,3178.9375,2435.785714285714,0,0,0,0,0,10225,18471,6180,12339
5,7,2854,5,4,808,5,3,2046,66,407.71428571428567,689.8844623765427,1906,66,202,266.6933320001333,602,66,682,1060.0226412676288,1906,0,0.8333333333333334,1.6020819787597222,4,0,1.6666666666666667,2.0816659994661326,4,1,2.5,2.1213203435596424,4,2,0,0,0,6,2,0,0,1,0,0,0,3,1,0,0,1,0,0,0,3,1,0,0,868.2457409435802,0,2,350,348,2028,4337,302,400,1,1,822,2150,314,414,1,0,0,350,316,745.66,771.1142857142858,0,0,0,0,350,2557,4549,1436,2186
0,5,349,0,3,186,0,2,163,60,69.8,15.498387012847497,97,60,62,3.4641016151377544,66,66,81.5,21.920310216782973,97,0,0,0,0,0,0,0,0,0,0,0,0,0,0,0,0,3,1,2,2,0,0,0,0,1,0,2,1,0,0,0,0,2,1,0,1,16.740669042783207,0,1,125,349,6017,1518,223,419,210,152,3177,367,0,0,110,0,0,0,0,772.104,474.4142857142857,0,0,0,0,0,950,1644,4361,6227
1,3,214,1,2,140,0,1,74,66,71.33333333333333,4.618802153517004,74,66,70,5.656854249492381,74,74,74,0,74,0,0.5,0.7071067811865476,1,1,1,0,1,0,0,0,0,2,0,0,0,2,0,0,0,1,0,0,0,1,0,0,0,1,0,0,0,1,0,0,0,4,0,1,350,349,1963,2893,302,344,0,0,794,1316,304,346,1,0,0,350,335,722.8914285714286,729.2885714285715,0,0,0,0,350,1858,3068,1396,2115
20,12,12816,20,6,817,12,6,11999,66,1068.0000000000002,2064.028232717408,7306,66,136.16666666666666,167.98382858676206,479,66,1999.8333333333333,2694.4938238316054,7306,0,1.8181818181818183,3.682884245212761,11,0,4,4.795831523312719,11,0,2.4,5.366563145999495,12,2,0,0,0,11,2,1,1,1,0,0,0,5,1,1,0,1,0,0,0,6,1,0,1,3556.4995313744475,0,0,350,350,4026,4075,493,498,657,654,713,741,712,716,2,0,0,350,348,82.44571428571429,82.05142857142857,0,0,0,0,350,2726,4862,2701,4813
0,1,253,0,1,253,0,0,0,253,253,0,253,253,253,0,253,0,0,0,0,0,0,0,0,0,0,0,0,0,0,0,0,0,0,0,0,1,1,0,1,0,0,0,0,1,1,0,1,0,0,0,0,0,0,0,0,146.06961810497532,0,0,350,350,755,1143,161,189,37,37,495,692,58,86,1,0,0,350,343,270.60285714285715,279.1714285714286,0,0,0,0,350,795,1223,582,821
26,14,12873,26,7,808,19,7,12065,60,919.5,1666.7690878786098,5858,60,115.42857142857142,132.6233477972577,416,66,1723.571428571429,2119.6927337975867,5858,0,2,3.851406669430448,10,0,4.333333333333333,4.844240566555986,10,0,3.1666666666666665,4.915960401250875,10,2,0,0,0,11,2,2,2,1,0,0,0,4,1,2,1,1,0,0,0,7,1,0,1,2843.5409849927137,0,0,350,350,4011,4011,536,536,778,778,708,708,700,700,2,0,0,350,350,21.26,21.26,0,0,0,0,350,2765,4963,2765,4963
123,2,305,0,1,86,0,1,219,86,152.5,94.04520189781084,219,86,86,0,86,219,219,0,219,123,123,0,123,0,0,0,0,0,0,0,0,0,0,0,0,0,0,0,0,0,0,0,0,0,0,0,0,0,0,0,0,0,0,0,0,76.78758580222022,350,350,0,0,0,0,0,0,0,0,0,0,0,0,2,0,0,0,0,8651.414285714285,8651.414285714285,350,350,0,0,350,402,804,402,804
24,14,12847,24,8,848,12,6,11999,66,917.6428571428572,1566.706275900194,4410,66,106,109.94024350917704,378,66,1999.8333333333333,1976.251646,4410,0,1.8461538461538465,3.8696716881873807,11,0,3.428571428571428,5.223572942509207,12,0,2.4,4.8270073544588685,11,2,0,0,0,13,2,1,1,1,0,0,0,7,1,1,0,1,0,0,0,6,1,0,1,2125.095762548125,0,0,350,350,4052,4052,466,466,663,663,701,701,700,700,2,0,0,350,350,22.071428571428573,22.071428571428573,0,0,0,0,350,2674,4830,2674,4830
5,7,1455,5,4,719,5,3,736,66,207.8571428571429,238.0381121945452,596,66,179.75,222.19867236327045,513,66,245.3333333333333,303.7125834293557,596,0,0.8333333333333334,1.6020819787597222,4,0,1.6666666666666667,2.0816659994661326,4,1,2.5,2.1213203435596424,4,2,0,0,0,6,2,0,0,1,0,0,0,3,1,0,0,1,0,0,0,3,1,0,0,284.0638133,0,1,350,349,2025,4174,308,402,1,1,824,2056,306,400,1,0,0,350,319,756.5142857142857,776.8514285714285,0,0,0,0,350,2474,4377,1435,2179
24,2,132,0,1,66,0,1,66,66,66,0,66,66,66,0,66,66,66,0,66,24,24,0,24,0,0,0,0,0,0,0,0,0,0,0,0,2,0,0,0,0,0,0,0,1,0,0,0,0,0,0,0,1,0,0,0,0,0,0,143,143,1518,1518,4,4,0,0,155,155,38,38,1,0,0,143,143,113.13986013986012,113.13986013986012,0,0,0,0,143,697,1537,697,1537
0,1,74,0,1,74,0,0,0,74,74,0,74,74,74,0,74,0,0,0,0,0,0,0,0,0,0,0,0,0,0,0,0,1,0,0,0,0,0,0,0,1,0,0,0,0,0,0,0,0,0,0,0,0,0,0,0,42.72391992003231,0,0,350,350,34,34,1,1,0,0,26,26,353,353,2,0,0,350,350,39.47142857142857,39.47142857142857,0,0,0,0,350,379,383,379,383
210,14,12827,210,9,894,185,5,11933,66,916.2142857142856,2095.048014084327,5858,66,99.33333333333331,97.03607576566564,358,66,2386.6,3168.942694338287,5858,0,16.153846153846153,45.98885037674195,168,0,26.250000000000004,62.46541900466666,180,0,46.25,81.49590991781939,168,2,0,0,0,13,2,1,1,1,0,0,0,8,1,1,0,1,0,0,0,5,1,0,1,2850.6586373444766,0,0,350,350,3846,3846,461,461,660,660,729,729,735,735,2,0,0,350,350,493.48857142857145,493.48857142857145,0,0,0,0,350,2711,4751,2711,4751
11460,55,8399,11460,22,3468,11459,33,4931,66,152.70909090909092,188.07117178495395,1042,66,157.63636363636363,137.9408242532681,706,66,149.42424242424244,217.19447367264988,1042,0,212.22222222222223,582.7544117400705,2051,0,545.7142857142857,875.8502807476368,2101,0,358.09375,725.7973306102522,2051,2,0,0,0,54,31,0,2,1,0,0,0,21,16,0,1,1,0,0,0,33,15,0,1,486.2482219333386,0,0,350,350,19356,18864,707,769,0,20,11007,10585,705,777,3,0,0,0,0,12655.397142857142,11385.397142857142,0,0,0,0,350,7983,19270,7963,19708
98,9,863,98,5,495,98,4,368,60,95.88888889,69.89714665929583,249,60,99,83.89278872465738,249,60,92,60.06662967072483,182,0,12.249999999999998,33.439711208595774,95,0,24.5,48.33563212924119,97,1,32.666666666666664,53.98456569551461,95,2,0,0,0,8,2,0,2,1,0,0,0,4,1,0,1,1,0,0,0,4,1,0,1,93.85227754295578,0,0,174,350,1934,4352,348,700,0,0,361,743,348,700,1,0,0,174,350,95.60919540229884,105.81428571428572,0,0,0,0,174,2269,4702,1049,2108
0,3,214,0,2,140,0,1,74,66,71.33333333333333,4.618802153517004,74,66,70,5.656854249492381,74,74,74,0,74,0,0,0,0,0,0,0,0,0,0,0,0,2,0,0,0,2,0,0,0,1,0,0,0,1,0,0,0,1,0,0,0,1,0,0,0,4,0,1,350,349,1952,2933,300,350,0,0,793,1343,306,354,1,0,0,350,333,726.5114285714286,741.7057142857143,0,0,0,0,350,1873,3112,1395,2105
69,7,2778,69,4,732,68,3,2046,66,396.8571428571428,686.9088800734851,1906,66,183,228.6977627058617,526,66,682,1060.0226412676288,1906,0,11.5,27.19374928177429,67,0,23,38.97435053981015,68,1,34,46.66904755831214,67,2,0,0,0,6,2,0,0,1,0,0,0,3,1,0,0,1,0,0,0,3,1,0,0,870.7659463560419,0,1,350,349,2010,4178,308,402,1,1,812,2058,308,400,1,0,0,350,319,745.2971428571428,777.0485714285714,0,0,0,0,350,2476,4381,1425,2165
159,14,12884,159,8,885,147,6,11999,60,920.2857142857144,1848.561953709774,5858,60,110.625,125.46705600617696,421,66,1999.8333333333333,2532.833229146101,5858,0,12.23076923076923,36.55624398593179,133,0,22.714285714285715,54.134752503095726,145,0,29.4,58.17473678496535,133,2,0,0,0,12,2,2,1,1,0,0,0,6,1,2,0,1,0,0,0,6,1,0,1,2842.8480291191554,0,0,350,350,4132,4132,488,488,602,602,757,757,757,757,2,0,0,350,350,328.8742857142857,328.8742857142857,0,0,0,0,350,2692,4912,2692,4912
0,1,297,0,1,297,0,0,0,297,297,0,297,297,297,0,297,0,0,0,0,0,0,0,0,0,0,0,0,0,0,0,0,0,0,0,0,1,1,0,0,0,0,0,0,1,1,0,0,0,0,0,0,0,0,0,0,171.47302994931886,0,0,350,350,696,799,0,12,44,44,576,601,228,234,1,0,0,350,348,955.3114285714286,946.7828571428572,0,0,0,0,350,859,1023,804,917
87,9,866,87,5,498,86,4,368,60,96.22222222222224,70.72089114571764,252,60,99.6,85.23379611398286,252,60,92,60.06662967072483,182,0,10.875,29.95442967480531,85,0,21.75,42.83592728851176,86,0,28.666666666666664,48.78865988,85,2,0,0,0,8,2,0,2,1,0,0,0,4,1,0,1,1,0,0,0,4,1,0,1,95.04209594,0,0,54,350,562,4181,108,700,0,0,113,737,108,700,1,0,0,54,350,103.48148148148148,104.21142857142856,0,0,0,0,54,2217,4531,319,616
382,15,13209,382,9,1210,367,6,11999,66,880.6000000000001,1612.9538918217274,5858,66,134.44444444444446,133.57311772126073,370,66,1999.8333333333333,2179.592477199962,5858,0,27.285714285714285,65.16538553962121,207,0,47.75000000000001,85.86159959908903,207,0,73.4,103.26083478260284,217,2,0,0,0,14,3,1,1,1,0,0,0,8,2,1,0,1,0,0,0,6,1,0,1,2848.9399198064298,0,0,350,350,4007,4007,462,462,595,595,749,749,728,728,2,0,0,350,350,370.9085714285714,370.9085714285714,0,0,0,0,350,2690,4794,2690,4794
573,12,2078,573,6,1718,573,6,360,60,173.16666666666669,290.3405002072671,1082,60,286.33333333333337,393.3429377358473,1082,60,60,0,60,0,52.090909090909086,164.57852505442776,548,0,114.6,242.9923867,549,1,114.6,242.4279274341139,548,0,0,0,0,12,6,0,0,0,0,0,0,6,6,0,0,0,0,0,0,6,0,0,0,511,0,0,89,121,12483,18586,0,0,17,44,6239,6438,25,59,1,0,0,0,0,2964.1011235955057,2333.041322314049,0,0,0,0,0,10307,18635,6262,12503
0,3,214,0,2,140,0,1,74,66,71.33333333333333,4.618802153517004,74,66,70,5.656854249492381,74,74,74,0,74,0,0,0,0,0,0,0,0,0,0,0,0,2,0,0,0,2,0,0,0,1,0,0,0,1,0,0,0,1,0,0,0,1,0,0,0,4,0,1,350,349,1997,3228,300,356,0,0,820,1518,302,358,1,0,0,350,331,750.4371428571428,764.6942857142857,0,0,0,0,350,2022,3409,1421,2148
1,3,198,1,2,132,0,1,66,66,66,0,66,66,66,0,66,66,66,0,66,0,0.5,0.7071067811865476,1,1,1,0,1,0,0,0,0,0,0,0,0,3,0,0,2,0,0,0,0,2,0,0,1,0,0,0,0,1,0,0,1,0,0,1,350,349,3348,4155,302,336,0,0,1712,2176,316,352,1,0,0,350,337,879.5828571428572,885.0371428571428,0,0,0,0,350,2701,4333,2312,3506
11211,14,12443,11211,8,500,1249,6,11943,60,888.7857142857142,1859.0539437934729,5894,60,62.5,5.0990195135927845,74,60,1990.5,2537.0946966954148,5894,0,862.3846153846154,2755.160507679529,9960,0,1601.571428571429,3714.9783694813455,9960,0,249.8,558.0109317925591,1248,2,0,0,0,13,2,1,1,1,0,0,0,7,1,1,0,1,0,0,0,6,1,0,1,2914.674138,0,0,350,350,6487,6487,670,670,529,529,1073,1073,1058,1058,350,0,0,350,350,54298.72571428571,54298.72571428571,0,0,0,0,350,4180,7016,4180,7016
575,14,2326,575,7,1906,574,7,420,60,166.1428571428571,213.3602432661563,759,60,272.28571428571433,268.9688422387212,759,60,60,0,60,0,44.230769230769226,150.60442326735395,545,0,95.83333333333334,220.7282643,546,0,95.66666666666669,220.3176494670063,545,0,0,0,0,14,7,0,0,0,0,0,0,7,7,0,0,0,0,0,0,7,0,0,0,349.5,0,0,92,124,12523,18626,0,0,17,44,6259,6458,25,59,1,0,0,0,0,2885.8478260869565,2290.25,0,0,0,0,0,10327,18675,6282,12543
10337,28,2167,10337,11,861,10337,17,1306,60,77.39285714285712,12.740542711024066,100,66,78.27272727272728,9.508847554681994,94,60,76.82352941176471,14.714938388070331,100,0,382.8518518518518,1085.922355338245,3626,0,1033.7,1660.7340445317143,3671,0,646.0624999999999,1364.7809821237497,3626,2,0,0,0,25,14,2,2,1,0,0,0,10,7,0,1,1,0,0,0,15,7,2,1,19.933221850301404,0,1,321,349,7877,10122,621,777,621,621,4397,5562,642,776,1,0,0,0,0,8920.785046728972,8125.671428571429,0,0,0,0,321,4702,11135,3480,8819
614018,32,2880,613997,16,1440,614002,16,1440,90,90,0,90,90,90,0,90,90,90,0,90,16,19807.03225806452,30452.410784133182,68984,1975,40933.13333333334,32589.93520325533,69000,1975,40933.46666666667,32590.23409565393,69000,0,0,0,0,0,0,0,0,0,0,0,0,0,0,0,0,0,0,0,0,0,0,0,0,0,1,1,0,0,0,0,0,0,0,0,0,0,0,0,1,0,0,0,0,614018,614018,0,0,0,0,0,16,32,16,32
3004,3,222,3004,3,222,0,0,0,74,74,0,74,74,74,0,74,0,0,0,0,1000,1502,709.9352083112938,2004,1000,1502,709.9352083112938,2004,0,0,0,0,3,0,0,0,0,0,0,0,3,0,0,0,0,0,0,0,0,0,0,0,0,0,0,0,42.72391992003231,0,0,350,350,88,264,0,8,0,0,43,143,1045,1047,2,0,0,350,348,2938.9542857142856,2929.7742857142857,0,0,0,0,350,1168,1290,1088,1116
1,3,198,1,2,132,0,1,66,66,66,0,66,66,66,0,66,66,66,0,66,0,0.5,0.7071067811865476,1,1,1,0,1,0,0,0,0,0,0,0,0,3,0,0,2,0,0,0,0,2,0,0,1,0,0,0,0,1,0,0,1,0,0,1,350,349,3311,3944,302,334,0,0,1688,2046,314,344,1,0,0,350,339,871.8257142857143,876.5028571428571,0,0,0,0,350,2588,4118,2289,3468
4095,48,21523,4095,32,9080,4056,16,12443,66,448.3958333333335,362.7407924888804,1133,66,283.75,232.0482430374645,668,429,777.6875,357.0874251029664,1133,0,87.12765957446805,237.4741740668892,964,2,132.09677419354838,283.5212343415933,964,8,270.40000000000003,392.6392018853222,1004,0,0,0,0,48,32,0,0,0,0,0,0,32,16,0,0,0,0,0,0,16,16,0,0,447.3648771789459,0,1,350,349,3316,3879,298,334,0,0,1692,1982,318,354,1,0,0,350,337,858.1428571428571,861.4828571428571,0,0,0,0,350,2577,4058,2292,3475
5,7,1455,5,4,719,5,3,736,66,207.8571428571429,238.0381121945452,596,66,179.75,222.19867236327045,513,66,245.3333333333333,303.7125834293557,596,0,0.8333333333333334,1.6020819787597222,4,0,1.6666666666666667,2.0816659994661326,4,1,2.5,2.1213203435596424,4,2,0,0,0,6,2,0,0,1,0,0,0,3,1,0,0,1,0,0,0,3,1,0,0,284.0638133,0,1,350,349,2025,4174,308,402,1,1,824,2056,306,400,1,0,0,350,319,756.5142857142857,776.8514285714285,0,0,0,0,350,2474,4377,1435,2179
81842,27,24838,81842,17,1060,73216,10,23778,60,919.9259259,2608.5280984600954,11649,60,62.352941176470594,4.8080814322163405,74,60,2377.8,3988.291441484965,11649,0,3147.769230769231,14126.267275703636,71912,0,5115.125000000001,17940.250577495663,71912,0,8135.111111111111,24170.110728151645,72587,4,0,0,0,25,4,2,3,2,0,0,0,15,2,2,0,2,0,0,0,10,2,0,3,5792.170427,0,0,350,350,9221,9221,969,969,729,729,1490,1490,1458,1458,350,0,0,350,350,81407.50571428571,81407.50571428571,0,0,0,0,350,5941,9950,5941,9950
0,1,74,0,1,74,0,0,0,74,74,0,74,74,74,0,74,0,0,0,0,0,0,0,0,0,0,0,0,0,0,0,0,1,0,0,0,0,0,0,0,1,0,0,0,0,0,0,0,0,0,0,0,0,0,0,0,42.72391992003231,0,0,350,350,34,34,1,1,0,0,26,26,353,353,2,0,0,350,350,39.47142857142857,39.47142857142857,0,0,0,0,350,379,383,379,383
1,3,214,1,2,140,0,1,74,66,71.33333333333333,4.618802153517004,74,66,70,5.656854249492381,74,74,74,0,74,0,0.5,0.7071067811865476,1,1,1,0,1,0,0,0,0,2,0,0,0,2,0,0,0,1,0,0,0,1,0,0,0,1,0,0,0,1,0,0,0,4,0,1,350,349,1989,3213,302,356,0,0,812,1506,302,360,1,0,0,350,331,744.28,755.2628571428571,0,0,0,0,350,2012,3395,1414,2140
656,23,14311,656,13,9950,656,10,4361,66,622.2173913,762.7984337902677,2673,66,765.3846153846155,920.7880265,2673,66,436.1,473.03851146955606,1091,0,29.818181818181813,54.44143761759171,237,0,54.66666666666667,88.853642,313,0,72.88888888888889,72.76579629957409,237,0,0,0,0,23,10,0,2,0,0,0,0,13,5,0,1,0,0,0,0,10,5,0,1,1231.424378514572,0,0,80,350,5851,1575,133,365,122,67,3116,377,0,0,65,0,0,0,0,1151.125,911.6571428571428,0,0,0,0,0,927,1607,4213,5973
38,14,12885,38,8,886,27,6,11999,66,920.3571428571428,1459.9306415107458,4410,66,110.75,123.37139052470796,416,66,1999.8333333333333,1753.071637631123,4410,0,2.923076923076923,5.736746151805605,18,0,5.428571428571429,10.485818086939185,28,0,5.4,8.049844718999243,18,2,0,0,0,13,2,1,1,1,0,0,0,7,1,1,0,1,0,0,0,6,1,0,1,2120.096460069683,0,0,350,350,4099,4099,495,495,635,635,700,700,700,700,2,0,0,350,350,35.06857142857143,35.06857142857143,0,0,0,0,350,2609,4879,2609,4879
0,2,140,0,1,74,0,1,66,66,70,5.656854249492381,74,74,74,0,74,66,66,0,66,0,0,0,0,0,0,0,0,0,0,0,0,0,0,0,0,2,1,0,0,0,0,0,0,1,1,0,0,0,0,0,0,1,0,0,0,4.618802153517006,0,0,350,350,670,741,0,8,9,9,479,509,236,244,1,0,0,350,348,891.1742857142857,891.7571428571429,0,0,0,0,350,754,956,715,881
72,9,862,72,5,494,70,4,368,60,95.77777777777776,69.62359114872231,248,60,98.8,83.44579079,248,60,92,60.06662967072483,182,0,9.000000000000002,23.445986558775594,67,1,18,33.33666650001666,68,1,23.333333333333336,37.81974792794544,67,2,0,0,0,8,2,0,2,1,0,0,0,4,1,0,1,1,0,0,0,4,1,0,1,93.45765529550448,0,0,64,234,830,2574,128,468,0,0,133,484,128,468,1,0,0,64,234,99.828125,90.63675213675214,0,0,0,0,64,1407,2808,417,894
1,3,214,1,2,140,0,1,74,66,71.33333333333333,4.618802153517004,74,66,70,5.656854249492381,74,74,74,0,74,0,0.5,0.7071067811865476,1,1,1,0,1,0,0,0,0,2,0,0,0,2,0,0,0,1,0,0,0,1,0,0,0,1,0,0,0,1,0,0,0,4,0,4,350,346,2601,6817,304,532,0,0,1202,3516,320,540,1,0,0,350,273,835.3285714285714,856.54,0,0,0,0,350,3829,7095,1822,2761
995,6,374,994,3,194,994,3,180,60,62.33333333333333,2.9439202887759484,66,62,64.66666666666667,2.309401076758505,66,60,60,0,60,1,199,271.1309646646801,499,494,497,4.242640687119285,500,494,497,4.242640687119285,500,3,0,0,0,3,0,3,0,3,0,0,0,0,0,0,0,0,0,0,0,3,0,3,0,2.8284271247461903,0,0,112,350,1511,4549,218,662,9,57,231,701,227,719,1,0,0,112,350,125.875,151.82,0,0,0,0,112,2343,4937,762,1629
0,3,198,0,2,132,0,1,66,66,66,0,66,66,66,0,66,66,66,0,66,0,0,0,0,0,0,0,0,0,0,0,0,0,0,0,0,3,0,0,2,0,0,0,0,2,0,0,1,0,0,0,0,1,0,0,1,0,0,0,350,350,1983,3180,302,366,0,0,808,1470,302,364,1,0,0,350,330,734.8228571428572,743.4514285714286,0,0,0,0,350,1997,3362,1408,2134
1,3,198,1,2,132,0,1,66,66,66,0,66,66,66,0,66,66,66,0,66,0,0.5,0.7071067811865476,1,1,1,0,1,0,0,0,0,0,0,0,0,3,0,0,2,0,0,0,0,2,0,0,1,0,0,0,0,1,0,0,1,0,0,1,350,349,1974,3067,304,352,0,0,792,1408,302,352,1,0,0,350,333,723.4057142857143,744.9228571428572,0,0,0,0,350,1940,3245,1409,2125
11628,55,8399,11628,22,3468,11628,33,4931,66,152.70909090909092,188.07117178495395,1042,66,157.63636363636363,137.9408242532681,706,66,149.42424242424244,217.19447367264988,1042,0,215.3333333333333,598.1798808145597,2274,0,553.7142857142857,900.3258378418973,2333,0,363.375,745.8657558880495,2274,2,0,0,0,54,31,0,2,1,0,0,0,21,16,0,1,1,0,0,0,33,15,0,1,486.2482219333386,0,0,350,350,17728,17490,689,748,32,68,10009,9772,700,766,3,0,0,0,0,14487.07142857143,13115.988571428572,0,0,0,0,350,7482,17937,7346,18108
0,3,214,0,2,140,0,1,74,66,71.33333333333333,4.618802153517004,74,66,70,5.656854249492381,74,74,74,0,74,0,0,0,0,0,0,0,0,0,0,0,0,2,0,0,0,2,0,0,0,1,0,0,0,1,0,0,0,1,0,0,0,1,0,0,0,4,0,1,350,349,3263,3965,302,340,0,0,1656,2046,316,352,1,0,0,350,337,864.7514285714286,871.9514285714286,0,0,0,0,350,2591,4143,2258,3421
263,14,12897,263,8,898,248,6,11999,60,921.2142857142856,1459.8498436257294,4410,60,112.25,132.5030996942012,440,66,1999.8333333333333,1753.071637631123,4410,0,20.23076923076923,65.29823102013542,237,0,37.57142857142857,94.19988878772124,251,0,49.6,104.8680122821063,237,2,0,0,0,11,2,3,1,1,0,0,0,5,1,3,0,1,0,0,0,6,1,0,1,2118.136917198697,0,0,350,350,4105,4105,520,520,813,813,774,774,749,749,2,0,0,350,350,466.6628571428572,466.6628571428572,0,0,0,0,350,2881,5135,2881,5135
8,14,12901,8,7,836,6,7,12065,60,921.5,1850.296306832212,5858,60,119.42857142857142,143.20015961683043,444,66,1723.5714285714284,2428.211128735368,5858,0,0.6153846153846153,0.869718493,2,0,1.3333333333333333,0.816496581,2,0,1,1.5491933384829668,3,2,0,0,0,11,2,2,2,1,0,0,0,4,1,2,1,1,0,0,0,7,1,0,1,2839.6866024264014,0,0,350,350,4015,4015,559,559,667,667,715,715,700,700,2,0,0,350,350,9.931428571,9.931428571,0,0,0,0,350,2648,4833,2648,4833
12,9,5359,12,5,938,11,4,4421,66,595.4444444444445,950.6202069,2767,66,187.6,267.45616463263656,666,66,1105.25,1300.25725,2767,0,1.5,3.4641016151377544,10,0,3,5.354126134736337,11,0,3.666666666666667,5.507570547286102,10,2,0,0,0,8,2,0,0,1,0,0,0,4,1,0,0,1,0,0,0,4,1,0,0,1282.0882379930017,0,2,350,348,2016,4347,302,400,1,1,810,2154,316,414,1,0,0,350,316,734,771.16,0,0,0,0,350,2562,4559,1427,2175
0,2,120,0,1,60,0,1,60,60,60,0,60,60,60,0,60,60,60,0,60,0,0,0,0,0,0,0,0,0,0,0,0,1,0,0,0,1,0,1,0,1,0,0,0,0,0,0,0,0,0,0,0,1,0,1,0,0,0,0,350,350,350,350,0,0,350,350,0,0,350,350,350,0,0,0,0,0.051428571,0.051428571,0,0,0,0,0,350,700,350,700
0,2,134,0,1,74,0,1,60,60,67,9.899494936611664,74,74,74,0,74,60,60,0,60,0,0,0,0,0,0,0,0,0,0,0,0,1,0,0,0,1,0,1,0,1,0,0,0,0,0,0,0,0,0,0,0,1,0,1,0,8.082903768654761,0,0,350,350,350,350,0,0,350,350,0,0,350,350,350,0,0,0,0,0.057142857,0.057142857,0,0,0,0,0,350,700,350,700
8586,28,2158,8586,11,852,8586,17,1306,60,77.07142857142857,12.421393049533746,100,66,77.45454545454545,8.358990804680149,89,60,76.82352941176471,14.714938388070331,100,0,318.00000000000006,909.0900353142656,3261,0,858.6,1397.552479634784,3304,0,536.6250000000001,1143.4026922596724,3261,2,0,0,0,25,14,2,2,1,0,0,0,10,7,0,1,1,0,0,0,15,7,2,1,18.89223826513594,0,0,350,350,8752,9935,702,746,702,650,4900,5546,700,746,1,0,0,0,0,9017.654285714283,10902.42857142857,0,0,0,0,350,4457,10956,3852,9804
6,7,3098,6,4,871,6,3,2227,66,442.57142857142856,758.3675136200692,2087,66,217.75000000000003,298.19051516326493,665,66,742.3333333333334,1164.5223627450584,2087,0,1,2,5,0,2,2.6457513110645907,5,1,3,2.8284271247461903,5,2,0,0,0,6,2,0,0,1,0,0,0,3,1,0,0,1,0,0,0,3,1,0,0,953.4397376516952,0,2,350,348,2021,4186,304,396,1,1,818,2064,312,404,1,0,0,350,318,745.64,777.3914285714286,0,0,0,0,350,2483,4393,1432,2178
263,14,12897,263,8,898,248,6,11999,60,921.2142857142856,1459.8498436257294,4410,60,112.25,132.5030996942012,440,66,1999.8333333333333,1753.071637631123,4410,0,20.23076923076923,65.29823102013542,237,0,37.57142857142857,94.19988878772124,251,0,49.6,104.8680122821063,237,2,0,0,0,11,2,3,1,1,0,0,0,5,1,3,0,1,0,0,0,6,1,0,1,2118.136917198697,0,0,350,350,4105,4105,520,520,813,813,774,774,749,749,2,0,0,350,350,466.6628571428572,466.6628571428572,0,0,0,0,350,2881,5135,2881,5135
0,2,120,0,1,60,0,1,60,60,60,0,60,60,60,0,60,60,60,0,60,0,0,0,0,0,0,0,0,0,0,0,0,1,0,0,0,1,0,1,0,1,0,0,0,0,0,0,0,0,0,0,0,1,0,1,0,0,0,0,350,350,350,350,0,0,350,350,0,0,350,350,350,0,0,0,0,0.031428571,0.031428571,0,0,0,0,0,350,700,350,700
1,3,214,1,2,140,0,1,74,66,71.33333333333333,4.618802153517004,74,66,70,5.656854249492381,74,74,74,0,74,0,0.5,0.7071067811865476,1,1,1,0,1,0,0,0,0,2,0,0,0,2,0,0,0,1,0,0,0,1,0,0,0,1,0,0,0,1,0,0,0,4,0,1,350,349,3356,4163,298,336,0,0,1720,2180,316,352,1,0,0,350,337,876.1885714285714,893.2228571428572,0,0,0,0,350,2706,4341,2320,3514
0,2,200,0,1,140,0,1,60,60,100,56.56854249492381,140,140,140,0,140,60,60,0,60,0,0,0,0,0,0,0,0,0,0,0,0,0,0,0,0,2,1,0,0,0,0,0,0,1,1,0,0,0,0,0,0,1,0,0,0,46.18802153517007,0,0,96,128,12603,18706,0,0,17,44,6300,6499,25,59,1,0,0,0,0,2824.8229166666665,2263.09375,0,0,0,0,0,10368,18755,6323,12623
13356,57,8531,13356,24,3600,13356,33,4931,66,149.66666666666669,185.38235905182307,1042,66,150,134.32213065094186,706,66,149.42424242424244,217.19447367264988,1042,0,238.5,668.4766671660683,2445,0,580.6956522,988.3663488432272,2495,0,417.37500000000006,846.1121617862377,2445,2,0,0,0,56,31,0,2,1,0,0,0,23,16,0,1,1,0,0,0,33,15,0,1,486.2482219333386,0,0,350,350,18896,18955,702,784,0,10,10850,10718,700,784,3,0,0,0,0,12045.191428571428,10668.322857142855,0,0,0,0,350,8049,19355,7720,19246
1,3,180,1,2,120,0,1,60,60,60,0,60,60,60,0,60,60,60,0,60,0,0.5,0.7071067811865476,1,1,1,0,1,0,0,0,0,2,0,0,0,1,0,1,0,1,0,0,0,0,0,1,0,1,0,0,0,1,0,0,0,0,0,2,95,348,210,15932,24,1066,83,83,38,8276,153,1179,5,0,0,49,42,674.4842105263158,528.3028571428572,0,0,0,0,80,8501,16594,210,351
0,1,297,0,1,297,0,0,0,297,297,0,297,297,297,0,297,0,0,0,0,0,0,0,0,0,0,0,0,0,0,0,0,0,0,0,0,1,1,0,0,0,0,0,0,1,1,0,0,0,0,0,0,0,0,0,0,171.47302994931886,0,0,350,350,700,876,0,8,20,20,514,610,259,261,1,0,0,350,348,923.1314285714286,913.7114285714284,0,0,0,0,350,859,1110,773,936
370,14,13237,370,8,1238,359,6,11999,66,945.5,1447.0593922211294,4410,66,154.75,161.88774770544822,417,66,1999.8333333333333,1753.071637631123,4410,0,28.461538461538456,66.11809558738487,209,0,52.85714285714285,88.00459944690121,209,0,71.8,102.60214422710668,221,2,0,0,0,13,3,1,1,1,0,0,0,7,2,1,0,1,0,0,0,6,1,0,1,2119.96704,0,0,350,350,3887,3887,446,446,581,581,796,796,677,677,2,0,0,350,350,354.18857142857144,354.18857142857144,0,0,0,0,350,2570,4627,2570,4627
3481,18,1527,3481,9,987,3480,9,540,60,84.83333333333334,36.50825853387793,149,60,109.66666666666669,38.00986713999406,149,60,60,0,60,0,204.76470588235293,459.91120466506425,1356,0,435.125,608.2011973258285,1357,0,435,607.4870956889301,1356,0,0,0,0,18,9,0,0,0,0,0,0,9,9,0,0,0,0,0,0,9,0,0,0,44.5,0,0,62,65,11035,11054,0,0,15,18,5512,5518,23,29,1,0,0,0,0,3596.3387096774195,3453.369230769231,0,0,0,0,0,5546,11076,5533,11054
0,3,214,0,2,140,0,1,74,66,71.33333333333333,4.618802153517004,74,66,70,5.656854249492381,74,74,74,0,74,0,0,0,0,0,0,0,0,0,0,0,0,2,0,0,0,2,0,0,0,1,0,0,0,1,0,0,0,1,0,0,0,1,0,0,0,4,0,0,350,350,1994,2859,300,336,0,0,808,1302,304,342,1,0,0,350,338,738.2657142857142,747.9057142857143,0,0,0,0,350,1844,3030,1423,2146
4081,94,10818,4080,47,7998,4080,47,2820,60,115.08510638297872,114.29321465240164,578,72,170.17021276595742,142.15902289015702,578,60,60,0,60,0,43.88172043010753,189.968467,1502,0,88.69565217391302,264.56092510381694,1502,0,88.69565217391302,264.3395854296529,1503,0,0,0,0,94,47,0,0,0,0,0,0,47,47,0,0,0,0,0,0,47,0,0,0,257.0622492704831,0,0,51,54,8536,8555,0,0,15,18,4262,4268,23,29,1,0,0,0,0,3437.725490196078,3274.4444444444443,0,0,0,0,0,4296,8577,4283,8555
219,13,6043,219,8,1545,167,5,4498,60,464.84615384615387,953.5946768372336,3579,60,193.12500000000003,184.5329529224678,464,60,899.6,1511.4589971282714,3579,0,18.25,27.876757995929808,79,1,31.285714285714285,30.804297783016608,79,1,41.75,56.58842637854493,121,2,0,0,0,12,6,0,0,1,0,0,0,7,3,0,0,1,0,0,0,5,3,0,0,1702.8500374372372,0,0,350,350,662,21038,0,1440,284,0,383,10906,128,1398,2,0,0,350,1,127.99714285714286,611.8485714285714,0,0,0,0,350,11040,21737,557,1010
0,3,214,0,2,140,0,1,74,66,71.33333333333333,4.618802153517004,74,66,70,5.656854249492381,74,74,74,0,74,0,0,0,0,0,0,0,0,0,0,0,0,2,0,0,0,2,0,0,0,1,0,0,0,1,0,0,0,1,0,0,0,1,0,0,0,4,0,1,350,349,3367,4323,296,352,0,0,1726,2262,318,372,1,0,0,350,331,840.64,836.0485714285714,0,0,0,0,350,2777,4511,2322,3526
1,2,275,0,1,107,0,1,168,107,137.5,43.13351365,168,107,107,0,107,168,168,0,168,1,1,0,1,0,0,0,0,0,0,0,0,0,0,0,0,0,0,0,0,0,0,0,0,0,0,0,0,0,0,0,0,0,0,0,0,35.21836642056717,350,350,0,0,0,0,0,0,0,0,0,0,0,0,2,0,0,0,0,6790.611428571428,6790.611428571428,350,350,0,0,350,395,790,395,790
997,6,374,997,3,194,996,3,180,60,62.33333333333333,2.9439202887759484,66,62,64.66666666666667,2.309401076758505,66,60,60,0,60,0,199.4,272.5844823169507,499,498,498.5,0.7071067811865476,499,497,498,1.4142135623730951,499,3,0,0,0,3,0,3,0,3,0,0,0,0,0,0,0,0,0,0,0,3,0,3,0,2.8284271247461903,0,0,199,350,1488,1365,234,126,246,861,244,126,480,987,1,0,0,199,350,468.4572864321608,843.7714285714286,0,0,0,0,199,1176,2289,956,1851
1031,6,374,1030,3,194,1030,3,180,60,62.33333333333333,2.9439202887759484,66,62,64.66666666666667,2.309401076758505,66,60,60,0,60,1,206.2,280.98256173648923,515,514,515,1.4142135623730951,516,514,515,1.4142135623730951,516,3,0,0,0,3,0,3,0,3,0,0,0,0,0,0,0,0,0,0,0,3,0,3,0,2.8284271247461903,0,0,198,350,1947,1050,278,0,177,1050,293,0,455,1050,1,0,0,198,350,367.1363636363636,1013.0571428571428,0,0,0,0,198,1050,2100,1100,2263
12646,54,8349,12646,22,3484,12646,32,4865,66,154.6111111111111,189.5064509945597,1042,66,158.36363636363637,138.09539334220264,706,66,152.03125,220.1445982830963,1042,0,238.6037735849056,651.6026496741778,2636,0,602.1904761904763,972.8947332084608,2703,0,407.9354838709677,815.3141699363042,2636,2,0,0,0,53,31,0,2,1,0,0,0,21,16,0,1,1,0,0,0,32,15,0,1,486.2482219333386,0,0,350,350,18909,18884,702,774,0,10,10850,10699,700,774,3,0,0,0,0,12104.208571428571,10748.602857142858,0,0,0,0,350,7970,19279,7724,19259
11893,56,8465,11893,23,3534,11893,33,4931,66,151.16071428571428,186.71346806228024,1042,66,153.65217391304344,136.11713161019287,706,66,149.42424242424244,217.19447367264988,1042,0,216.2363636363636,610.5807788835868,2516,0,540.5909090909091,916.1647107,2565,0,371.65625,768.0647490084119,2516,2,0,0,0,55,31,0,2,1,0,0,0,22,16,0,1,1,0,0,0,33,15,0,1,486.2482219333386,0,0,350,350,18800,18773,702,768,5,23,10790,10656,700,772,3,0,0,0,0,12189.445714285714,10823.834285714283,0,0,0,0,350,7945,19178,7688,19155
8572,28,2158,8572,11,852,8572,17,1306,60,77.07142857142857,12.418410977936396,100,66,77.45454545454545,8.347019065075104,88,60,76.82352941176471,14.714938388070331,100,0,317.4814814814814,899.4907691992419,3020,0,857.2,1380.024299302975,3063,0,535.75,1130.3499458132424,3020,2,0,0,0,25,14,2,2,1,0,0,0,10,7,0,1,1,0,0,0,15,7,2,1,18.717193521821944,0,0,350,350,8750,9421,700,738,700,666,4900,5226,700,734,1,0,0,0,0,9136.794285714286,8746.265714285715,0,0,0,0,350,4245,10454,3850,9800
0,1,74,0,1,74,0,0,0,74,74,0,74,74,74,0,74,0,0,0,0,0,0,0,0,0,0,0,0,0,0,0,0,1,0,0,0,0,0,0,0,1,0,0,0,0,0,0,0,0,0,0,0,0,0,0,0,42.72391992003231,0,0,350,350,3,3,0,0,0,0,3,3,347,347,2,0,0,350,350,0,0,0,0,0,0,350,350,350,350,350
570,16,3641,570,8,3161,569,8,480,60,227.5625,379.5225015287851,1514,60,395.12500000000006,494.4441142766866,1514,60,60,0,60,0,37.99999999999999,139.54006081204267,542,0,81.42857142857143,203.689189,543,0,81.28571428571429,203.30905397589007,542,0,0,0,0,16,8,0,0,0,0,0,0,8,8,0,0,0,0,0,0,8,0,0,0,727,0,0,86,118,12445,18548,0,0,17,44,6220,6419,25,59,1,0,0,0,0,3047.4651162790697,2377.754237288136,0,0,0,0,0,10288,18597,6243,12465
79685,28,26255,79685,16,1006,73113,12,25249,60,937.6785714285714,1593.6982858089782,5894,60,62.875,4.951430769653016,74,60,2104.083333333333,1907.0618743040936,5894,0,2951.2962962962965,12147.932308437115,62759,0,5312.333333333332,16143.90086807074,62759,0,6646.636363636362,21763.26449443064,72262,4,0,0,0,26,5,2,3,2,0,0,0,14,2,2,0,2,0,0,0,12,3,0,3,2914.674138,0,0,350,350,9100,9100,936,936,718,718,1472,1472,1436,1436,350,0,0,350,350,80077.97428571428,80077.97428571428,0,0,0,0,350,5841,9818,5841,9818
184,14,6380,184,7,728,113,7,5652,60,455.71428571428567,599.4295273355813,1514,60,104,75.28612089887484,242,60,807.4285714285714,695.8514825120988,1514,0,14.153846153846157,21.75946596252672,51,0,30.666666666666668,30.93649409139094,71,0,18.833333333333336,28.54762103340078,60,2,0,0,0,13,5,0,0,1,0,0,0,6,2,0,0,1,0,0,0,7,3,0,0,701.9297210784947,0,0,1,1,13,13,0,0,0,0,5,5,2,2,1,0,0,1,1,184,184,0,0,0,0,1,7,14,7,14
209,16,13008,209,9,943,199,7,12065,60,812.9999999999999,1390.5748931047667,4410,60,104.77777777777776,120.1663199255284,425,66,1723.571428571429,1759.3449403251254,4410,0,13.93333333333333,43.52415858982665,170,0,26.125,63.305241263489165,182,0,33.166666666666664,67.42823345355168,170,2,0,0,0,12,2,3,2,1,0,0,0,5,1,3,1,1,0,0,0,7,1,0,1,2120.047228247522,0,0,350,350,4107,4107,457,457,649,649,796,796,748,748,2,0,0,350,350,509.7228571428572,509.7228571428572,0,0,0,0,350,2866,4957,2866,4957
4989,321,64718,4989,161,55118,4989,160,9600,60,201.6137071651089,247.81957965731127,1200,60,342.34782608695656,287.8276667745294,1200,60,60,0,60,0,15.590625,24.467454672812703,228,0,31.181249999999984,35.09732593426242,261,0,31.37735849056605,28.95646650528924,229,0,0,0,0,321,161,0,0,0,0,0,0,161,161,0,0,0,0,0,0,160,0,0,0,570,0,0,8,11,1186,1205,0,0,15,18,585,591,21,27,1,0,0,0,0,2619.75,2041.272727272728,0,0,0,0,0,617,1226,604,1204
6544,14,12455,6544,9,560,665,5,11895,60,889.6428571428572,3096.758692746159,11649,60,62.22222222222222,4.841946348777984,74,60,2379,5182.088189137657,11649,0,503.38461538461536,1615.0559091695834,5846,0,818,2045.202400043296,5846,0,166.25,320.56551592459226,647,2,0,0,0,13,2,1,2,1,0,0,0,8,1,1,0,1,0,0,0,5,1,0,2,5792.170427,0,0,350,350,6581,6581,678,678,528,528,1090,1090,1056,1056,350,0,0,350,350,54127.91714285714,54127.91714285714,0,0,0,0,350,4209,7109,4209,7109
161,12,12698,161,7,765,149,5,11933,66,1058.1666666666663,2157.597857607277,7306,66,109.28571428571428,111.0356013263528,361,66,2386.6,3000.301618,7306,0,14.63636363636364,40.56173745606253,136,0,26.833333333333336,59.58663161034249,148,0,37.25,66.11795016,136,2,0,0,0,11,2,1,1,1,0,0,0,6,1,1,0,1,0,0,0,5,1,0,1,3573.540203122575,0,0,350,350,4123,4123,521,521,709,709,772,772,743,743,2,0,0,350,350,329.78285714285715,329.78285714285715,0,0,0,0,350,2815,5017,2815,5017
9006,28,2163,9006,11,857,9006,17,1306,60,77.25,12.57459225463674,100,66,77.90909091,8.926976480920572,91,60,76.82352941176471,14.714938388070331,100,0,333.5555555555556,938.8748312304194,3049,0,900.5999999999999,1436.6649806641306,3093,0,562.875,1179.0806517509025,3049,2,0,0,0,25,14,2,2,1,0,0,0,10,7,0,1,1,0,0,0,15,7,2,1,19.27649691550136,0,0,350,350,8750,9558,700,740,700,660,4900,5324,700,740,1,0,0,0,0,9043.505714285717,8571.968571428572,0,0,0,0,350,4322,10588,3850,9800
197,19,5785,121,9,1023,161,10,4762,60,304.4736842105264,463.4175425180301,1484,60,113.66666666666666,77.26415727877966,261,60,476.2,595.8450209,1484,0,10.944444444444446,21.133948775599727,76,0,15.125000000000002,18.364853855744595,38,0,17.88888888888889,28.246435369991577,76,2,0,0,0,18,9,0,0,1,0,0,0,8,4,0,0,1,0,0,0,10,5,0,0,685.0841189226328,0,0,1,1,18,18,0,0,0,0,9,9,2,2,1,0,0,1,1,197,197,0,0,0,0,1,9,19,9,19
0,2,120,0,1,60,0,1,60,60,60,0,60,60,60,0,60,60,60,0,60,0,0,0,0,0,0,0,0,0,0,0,0,1,0,0,0,1,0,1,0,1,0,0,0,0,0,0,0,0,0,0,0,1,0,1,0,0,0,0,350,350,350,350,0,0,350,350,0,0,350,350,350,0,0,0,0,0.051428571,0.051428571,0,0,0,0,1,350,700,350,700
10496,57,8531,10496,23,3534,10496,34,4997,66,149.6666666666667,185.38235905182307,1042,66,153.65217391304344,136.11713161019287,706,66,146.9705882352941,214.3563282769388,1042,0,187.42857142857144,523.2531060462164,1959,0,477.09090909090907,790.7135361,2026,0,318.06060606060606,654.1606712,1959,2,0,0,0,56,31,0,2,1,0,0,0,22,16,0,1,1,0,0,0,34,15,0,1,486.2482219333386,0,0,350,350,18748,18513,708,766,0,30,10702,10423,700,766,3,0,0,0,0,12064.217142857144,10660.997142857144,0,0,0,0,350,7890,18924,7702,19098
9215,28,2169,9215,11,863,9215,17,1306,60,77.46428571428571,12.830756286295316,100,66,78.45454545454545,9.811866655877832,94,60,76.82352941176471,14.714938388070331,100,0,341.2962962962963,957.9129483017842,3253,0,921.5,1464.4692060796483,3299,0,575.9375,1202.6533703302323,3253,2,0,0,0,25,14,2,2,1,0,0,0,10,7,0,1,1,0,0,0,15,7,2,1,19.933221850301404,0,0,350,350,8750,9614,700,748,700,656,4900,5328,700,744,1,0,0,0,0,9112.86,8582.762857142858,0,0,0,0,350,4362,10642,3850,9800
3002,3,222,3002,3,222,0,0,0,74,74,0,74,74,74,0,74,0,0,0,0,998,1501,711.3494218736668,2004,998,1501,711.3494218736668,2004,0,0,0,0,3,0,0,0,0,0,0,0,3,0,0,0,0,0,0,0,0,0,0,0,0,0,0,0,42.72391992003231,0,0,350,350,599,687,2,6,0,0,164,214,911,912,2,0,0,350,349,1813.8257142857144,1809.357142857143,0,0,0,0,350,1116,1452,1077,1365
256,24,6374,256,14,1453,219,10,4921,60,265.58333333333337,423.6055298594864,1484,60,103.78571428571428,64.40876501679729,254,66,492.1,595.6910925788447,1484,0,11.130434782608695,15.247367426501372,43,0,19.69230769230769,22.826828569998565,80,0,24.33333333333333,26.96757312,77,2,0,0,0,21,10,2,2,1,0,0,0,11,5,2,1,1,0,0,0,10,5,0,1,684.6176548507447,0,0,2,6,702,780,4,8,2,3,69,106,4,16,1,0,0,2,6,91104.5,62965.66666666666,0,0,0,0,2,313,788,270,706
6,7,3098,6,4,871,6,3,2227,66,442.57142857142856,758.3675136200692,2087,66,217.75000000000003,298.19051516326493,665,66,742.3333333333334,1164.5223627450584,2087,0,1,2,5,0,2,2.6457513110645907,5,1,3,2.8284271247461903,5,2,0,0,0,6,2,0,0,1,0,0,0,3,1,0,0,1,0,0,0,3,1,0,0,953.4397376516952,0,2,350,348,2021,4186,304,396,1,1,818,2064,312,404,1,0,0,350,318,745.64,777.3914285714286,0,0,0,0,350,2483,4393,1432,2178
71,9,864,71,5,496,70,4,368,60,96,70.17121917139534,250,60,99.2,84.33978894922609,250,60,92,60.06662967072483,182,0,8.875000000000002,23.895232638690565,68,0,17.75,34.16991854443516,69,0,23.333333333333336,38.695391629150535,68,2,0,0,0,8,2,0,2,1,0,0,0,4,1,0,1,1,0,0,0,4,1,0,1,94.24790006502354,0,0,103,350,1454,4711,206,700,0,0,219,741,206,700,1,0,0,103,350,103.71844660194176,103.96571428571428,0,0,0,0,103,2405,5061,723,1557
997,6,374,996,3,194,996,3,180,60,62.33333333333333,2.9439202887759484,66,62,64.66666666666667,2.309401076758505,66,60,60,0,60,0,199.4,272.1291972574792,499,497,498,1.4142135623730951,499,496,498,2.8284271247461903,500,3,0,0,0,3,0,3,0,3,0,0,0,0,0,0,0,0,0,0,0,3,0,3,0,2.8284271247461903,0,0,232,350,1587,1050,234,0,345,1050,244,0,579,1050,1,0,0,232,350,543.7155172413793,1012.96,0,0,0,0,232,1050,2100,1055,2049
270,2,278,0,1,86,0,1,192,86,139,74.95331880577403,192,86,86,0,86,192,192,0,192,270,270,0,270,0,0,0,0,0,0,0,0,0,0,0,0,0,0,0,0,0,0,0,0,0,0,0,0,0,0,0,0,0,0,0,0,61.19912853410033,350,350,0,0,0,0,0,0,0,0,0,0,0,0,2,0,0,0,0,121.98,121.98,349,349,0,0,349,355,707,355,707
170,13,12834,170,7,835,159,6,11999,60,987.2307692307692,2243.466928433392,7306,60,119.28571428571428,142.8224005,443,66,1999.8333333333333,3125.695213335214,7306,0,14.166666666666668,38.40651775,135,0,28.333333333333336,58.40776204124471,147,0,31.8,58.00172411230549,135,2,0,0,0,10,2,2,2,1,0,0,0,4,1,2,1,1,0,0,0,6,1,0,1,3562.6738437115832,0,0,350,350,3968,3968,457,457,585,585,728,728,728,728,2,0,0,350,350,299.0342857142857,299.0342857142857,0,0,0,0,350,2615,4726,2615,4726
41,2,120,0,1,60,0,1,60,60,60,0,60,60,60,0,60,60,60,0,60,41,41,0,41,0,0,0,0,0,0,0,0,0,0,0,0,2,0,0,0,0,0,0,0,1,0,0,0,0,0,0,0,1,0,0,0,0,0,0,20,20,64,64,0,0,0,0,16,16,4,4,1,0,0,20,20,62.55,62.55,0,0,0,0,20,32,66,32,66
0,5,349,0,3,186,0,2,163,60,69.8,15.498387012847497,97,60,62,3.4641016151377544,66,66,81.5,21.920310216782973,97,0,0,0,0,0,0,0,0,0,0,0,0,0,0,0,0,3,1,2,2,0,0,0,0,1,0,2,1,0,0,0,0,2,1,0,1,16.740669042783207,0,0,83,350,5860,1569,139,371,128,73,3119,374,0,0,68,0,0,0,0,1109.5421686746988,868.9371428571428,0,0,0,0,0,927,1607,4222,5988
1,3,198,1,2,132,0,1,66,66,66,0,66,66,66,0,66,66,66,0,66,0,0.5,0.7071067811865476,1,1,1,0,1,0,0,0,0,0,0,0,0,3,0,0,2,0,0,0,0,2,0,0,1,0,0,0,0,1,0,0,1,0,0,1,350,349,3305,3455,302,306,0,0,1680,1778,318,324,1,0,0,350,347,873.2342857142858,882.2742857142857,0,0,0,0,350,2354,3619,2282,3464
389,14,13245,389,8,1246,375,6,11999,66,946.0714285714286,1654.8329901457505,5858,66,155.75,163.73912177607403,421,66,1999.8333333333333,2179.592477199962,5858,0,29.923076923076927,68.55467591451067,212,0,55.57142857142856,91.60214179238596,212,0,75,105.89145385724004,224,2,0,0,0,13,3,1,1,1,0,0,0,7,2,1,0,1,0,0,0,6,1,0,1,2841.7651058218494,0,0,350,350,3985,3985,460,460,602,602,752,752,743,743,2,0,0,350,350,444.1628571428572,444.1628571428572,0,0,0,0,350,2673,4794,2673,4794
0,1,74,0,1,74,0,0,0,74,74,0,74,74,74,0,74,0,0,0,0,0,0,0,0,0,0,0,0,0,0,0,0,1,0,0,0,0,0,0,0,1,0,0,0,0,0,0,0,0,0,0,0,0,0,0,0,42.72391992003231,0,0,350,350,42,42,0,0,0,0,34,34,350,350,2,0,0,350,350,81.85714285714286,81.85714285714286,0,0,0,0,350,384,388,384,388
6,7,3098,6,4,871,6,3,2227,66,442.57142857142856,758.3675136200692,2087,66,217.75000000000003,298.19051516326493,665,66,742.3333333333334,1164.5223627450584,2087,0,1,2,5,0,2,2.6457513110645907,5,1,3,2.8284271247461903,5,2,0,0,0,6,2,0,0,1,0,0,0,3,1,0,0,1,0,0,0,3,1,0,0,953.4397376516952,0,2,350,348,2021,4186,304,396,1,1,818,2064,312,404,1,0,0,350,318,745.64,777.3914285714286,0,0,0,0,350,2483,4393,1432,2178
97,9,862,97,5,494,96,4,368,60,95.77777777777776,69.62359114872231,248,60,98.8,83.44579079,248,60,92,60.06662967072483,182,0,12.125,33.08619695,94,0,24.25,47.16902232044529,95,0,32,53.70288632839021,94,2,0,0,0,8,2,0,2,1,0,0,0,4,1,0,1,1,0,0,0,4,1,0,1,93.45765529550448,0,0,82,326,1082,3832,164,652,0,0,172,679,164,652,1,0,0,82,326,105.8780487804878,95.11963190184048,0,0,0,0,82,2050,4158,551,1164
2073,14,12437,2073,8,500,663,6,11937,60,888.3571428571429,1684.9797810767234,5894,60,62.5,5.0990195135927845,74,60,1989.5,2198.9744655179607,5894,0,159.46153846153845,412.8303960435034,1408,0,296.1428571428572,541.8804999171646,1408,0,132.6,276.28391194566507,626,2,0,0,0,13,2,1,1,1,0,0,0,7,1,1,0,1,0,0,0,6,1,0,1,2914.674138,0,0,350,350,6456,6456,656,656,524,524,1066,1066,1048,1048,350,0,0,350,350,50879.64571428571,50879.64571428571,0,0,0,0,350,4144,6980,4144,6980
69,7,2778,69,4,732,68,3,2046,66,396.8571428571428,686.9088800734851,1906,66,183,228.6977627058617,526,66,682,1060.0226412676288,1906,0,11.5,27.19374928177429,67,0,23,38.97435053981015,68,1,34,46.66904755831214,67,2,0,0,0,6,2,0,0,1,0,0,0,3,1,0,0,1,0,0,0,3,1,0,0,870.7659463560419,0,1,350,349,2010,4178,308,402,1,1,812,2058,308,400,1,0,0,350,319,745.2971428571428,777.0485714285714,0,0,0,0,350,2476,4381,1425,2165
0,2,120,0,1,60,0,1,60,60,60,0,60,60,60,0,60,60,60,0,60,0,0,0,0,0,0,0,0,0,0,0,0,1,0,0,0,1,0,1,0,1,0,0,0,0,0,0,0,0,0,0,0,1,0,1,0,0,0,0,350,350,349,349,0,0,349,349,0,0,350,350,350,0,0,0,0,0.048571429,0.048571429,0,0,0,0,1,350,699,350,699
587,16,13882,587,9,1817,576,7,12065,60,867.6249999999999,1558.026994845297,5858,60,201.88888888888889,204.8740127764161,475,66,1723.571428571429,2119.6927337975867,5858,0,39.13333333333333,77.238838,212,0,73.375,97.29181069633472,212,0,96,174.1045662813012,436,2,0,0,0,13,4,2,2,1,0,0,0,6,3,2,1,1,0,0,0,7,1,0,1,2835.493769,0,0,350,350,4295,4295,481,481,605,605,848,848,747,747,2,0,0,350,350,434.5914285714286,434.5914285714286,0,0,0,0,350,2857,5077,2857,5077
3265,10,1798,3265,9,1724,0,1,74,66,179.79999999999998,94.53841077,253,66,191.5555555555556,92.19559521895704,253,74,74,0,74,0,362.77777777777777,458.1666666666667,1371,0,408.125,467.7109722589674,1371,0,0,0,0,2,0,0,0,9,6,0,2,1,0,0,0,8,6,0,2,1,0,0,0,1,0,0,0,90.91158708694216,0,0,350,350,737,1125,97,125,29,29,445,642,38,66,1,0,0,350,343,177.32857142857142,185.9028571428572,0,0,0,0,350,715,1187,502,785
4078,12,888,4078,6,444,4078,6,444,74,74,0,74,74,74,0,74,74,74,0,74,0,370.7272727272728,511.4090517206536,1016,15,815.6,447.54921517080106,1016,15,815.6,447.54921517080106,1016,0,0,0,0,0,0,0,0,0,0,0,0,0,0,0,0,0,0,0,0,0,0,0,0,0,0,1,133,346,6051,1404,234,430,219,156,3186,315,6,6,116,3,3,0,0,821.4485294117648,300.64,0,0,0,0,0,896,1563,4397,6294
0,1,253,0,1,253,0,0,0,253,253,0,253,253,253,0,253,0,0,0,0,0,0,0,0,0,0,0,0,0,0,0,0,0,0,0,0,1,1,0,1,0,0,0,0,1,1,0,1,0,0,0,0,0,0,0,0,146.06961810497532,0,0,350,350,747,1135,142,170,37,37,480,677,52,80,1,0,0,350,343,242.61714285714285,251.19142857142856,0,0,0,0,350,771,1212,558,810
1,5,349,1,3,186,0,2,163,60,69.8,15.498387012847497,97,60,62,3.4641016151377544,66,66,81.5,21.920310216782973,97,0,0.25,0.5,1,0,0.5,0.7071067811865476,1,0,0,0,0,0,0,0,0,3,1,2,2,0,0,0,0,1,0,2,1,0,0,0,0,2,1,0,1,16.740669042783207,0,1,116,349,5990,1532,205,405,192,134,3168,374,0,0,101,0,0,0,0,831.9568965517242,560.3571428571429,0,0,0,0,0,944,1640,4334,6182
4847,48,21520,4847,32,9080,4806,16,12440,66,448.3333333333334,362.66351166754487,1133,66,283.75,232.0482430374645,668,429,777.4999999999998,357.0258627419961,1133,0,103.12765957446808,269.67787684901896,965,2,156.3548387096774,320.89152355971186,965,7,320.40000000000003,436.6524934086601,1006,0,0,0,0,48,32,0,0,0,0,0,0,32,16,0,0,0,0,0,0,16,16,0,0,447.3648771789459,0,1,350,349,3336,3512,298,312,0,0,1704,1802,318,328,1,0,0,350,345,870.1171428571429,865.78,0,0,0,0,350,2383,3678,2304,3495
11299,55,8399,11299,22,3468,11299,33,4931,66,152.70909090909092,188.07117178495395,1042,66,157.63636363636363,137.9408242532681,706,66,149.42424242424244,217.19447367264988,1042,0,209.2407407407408,571.7140047388513,2090,0,538.047619,860.6602394,2144,0,353.09375000000006,711.6818045,2090,2,0,0,0,54,31,0,2,1,0,0,0,21,16,0,1,1,0,0,0,33,15,0,1,486.2482219333386,0,6,350,344,14964,19391,703,961,274,8,8411,10511,704,952,3,0,0,1,0,11061.871428571429,7582.708571428571,0,0,0,0,350,8953,19897,6276,15590
86,9,866,86,5,498,85,4,368,60,96.22222222222224,70.72089114571764,252,60,99.6,85.23379611398286,252,60,92,60.06662967072483,182,0,10.75,29.197602641312866,83,0,21.5,41.66933324800546,84,1,28.333333333333336,47.34272207354931,83,2,0,0,0,8,2,0,2,1,0,0,0,4,1,0,1,1,0,0,0,4,1,0,1,95.04209594,0,0,100,350,1106,4825,200,700,0,0,210,744,200,700,1,0,0,100,350,98.71,105.35428571428572,0,0,0,0,100,2439,5175,625,1206
1029,6,374,1028,3,194,1029,3,180,60,62.33333333333333,2.9439202887759484,66,62,64.66666666666667,2.309401076758505,66,60,60,0,60,0,205.8,281.3480051466511,515,513,514,1.4142135623730951,515,513,514.5,2.1213203435596424,516,3,0,0,0,3,0,3,0,3,0,0,0,0,0,0,0,0,0,0,0,3,0,3,0,2.8284271247461903,0,0,223,350,2514,4606,440,684,9,24,456,724,449,708,1,0,0,223,350,108.83856502242152,123.12571428571428,0,0,0,0,223,2366,4972,1357,2743
11933,57,8543,11933,22,3480,11933,35,5063,66,149.87719298245614,185.29243972853124,1042,66,158.18181818181822,137.58448014761396,706,66,144.65714285714282,211.6235479582085,1042,0,213.0892857142857,596.3238374875216,2227,0,568.2380952380953,912.6676780056312,2288,0,350.9705882352941,736.8444384,2227,2,0,0,0,56,31,0,3,1,0,0,0,21,16,0,1,1,0,0,0,35,15,0,2,486.2482219333386,0,0,350,350,18897,18669,704,786,0,16,10850,10524,700,784,3,0,0,0,0,12085.73142857143,10625.585714285717,0,0,0,0,350,7912,19073,7711,19247
1031,6,374,1030,3,194,1030,3,180,60,62.33333333333333,2.9439202887759484,66,62,64.66666666666667,2.309401076758505,66,60,60,0,60,1,206.2,280.98256173648923,515,514,515,1.4142135623730951,516,514,515,1.4142135623730951,516,3,0,0,0,3,0,3,0,3,0,0,0,0,0,0,0,0,0,0,0,3,0,3,0,2.8284271247461903,0,0,199,350,1950,1050,278,0,180,1050,293,0,458,1050,1,0,0,199,350,370.47236180904525,1013.1028571428571,0,0,0,0,199,1050,2100,1103,2269
4879,37,15261,4879,24,6216,4840,13,9045,66,412.4594594594595,371.5914419085829,1134,66,258.99999999999994,222.0041127703641,668,66,695.7692307692307,430.9563307045843,1134,0,135.52777777777783,335.8532405774123,1286,1,212.13043478260872,403.1194616925074,1286,4,403.33333333333337,509.3163570072647,1287,2,0,0,0,36,22,0,0,1,0,0,0,23,11,0,0,1,0,0,0,13,11,0,0,518.2673055480154,0,0,350,350,3314,3852,298,338,0,0,1690,1964,318,352,1,0,0,350,338,832.2142857142857,821.6628571428571,0,0,0,0,350,2556,4028,2290,3473
1,3,214,1,2,140,0,1,74,66,71.33333333333333,4.618802153517004,74,66,70,5.656854249492381,74,74,74,0,74,0,0.5,0.7071067811865476,1,1,1,0,1,0,0,0,0,2,0,0,0,2,0,0,0,1,0,0,0,1,0,0,0,1,0,0,0,1,0,0,0,4,0,1,350,349,3317,3339,298,304,0,0,1695,1695,316,322,1,0,0,350,347,828.5714285714286,815.2428571428571,0,0,0,0,350,2300,3502,2293,3475
0,3,198,0,2,132,0,1,66,66,66,0,66,66,66,0,66,66,66,0,66,0,0,0,0,0,0,0,0,0,0,0,0,0,0,0,0,3,0,0,2,0,0,0,0,2,0,0,1,0,0,0,0,1,0,0,1,0,0,1,350,349,3299,3801,302,338,0,0,1680,1938,314,352,1,0,0,350,337,862.1428571428571,851.0914285714285,0,0,0,0,350,2524,3979,2280,3456
12781,55,8399,12781,22,3468,12781,33,4931,66,152.70909090909092,188.07117178495395,1042,66,157.63636363636363,137.9408242532681,706,66,149.42424242424244,217.19447367264988,1042,0,236.6851851851852,655.250228,2622,0,608.6190476190476,987.0690693254692,2693,0,399.40625,816.7303364883189,2622,2,0,0,0,54,31,0,2,1,0,0,0,21,16,0,1,1,0,0,0,33,15,0,1,486.2482219333386,0,0,350,350,18887,18679,704,778,0,26,10850,10554,700,780,3,0,0,0,0,12421.908571428572,11049.831428571428,0,0,0,0,350,7911,19093,7717,19237
4787,102,18486,4786,51,15426,4786,51,3060,60,181.23529411764704,200.7496927470412,798,60,302.4705882352942,226.76634255913524,798,60,60,0,60,0,47.3960396,207.12663175979668,1437,0,95.72,289.19198058150414,1438,0,95.72,287.9170119,1438,0,0,0,0,102,51,0,0,0,0,0,0,51,51,0,0,0,0,0,0,51,0,0,0,369,0,0,50,53,8442,8461,0,0,15,18,4215,4221,23,29,1,0,0,0,0,3424.86,3259.226415,0,0,0,0,0,4249,8483,4236,8461
1,3,214,1,2,140,0,1,74,66,71.33333333333333,4.618802153517004,74,66,70,5.656854249492381,74,74,74,0,74,0,0.5,0.7071067811865476,1,1,1,0,1,0,0,0,0,2,0,0,0,2,0,0,0,1,0,0,0,1,0,0,0,1,0,0,0,1,0,0,0,4,0,1,350,349,3392,4154,298,334,0,0,1744,2176,318,354,1,0,0,350,337,893.68,885.2714285714286,0,0,0,0,350,2701,4333,2342,3551
170,14,12921,170,7,856,159,7,12065,60,922.9285714285712,1758.4750589550688,5858,60,122.28571428571428,150.75555742737345,464,66,1723.571428571429,2276.264473294119,5858,0,13.07692307692308,37.539893310231854,137,0,28.333333333333336,58.40776204124471,147,0,26.5,54.40496300890205,137,2,0,0,0,11,2,2,2,1,0,0,0,4,1,2,1,1,0,0,0,7,1,0,1,2836.9725647833347,0,0,350,350,4162,4162,489,489,647,647,790,790,761,761,2,0,0,350,350,417.7657142857143,417.7657142857143,0,0,0,0,350,2798,5008,2798,5008
79140,26,24778,79140,17,1060,73535,9,23718,60,953,2660.0118495976667,11649,60,62.352941176470594,4.8080814322163405,74,60,2635.333333333333,4152.314264359094,11649,0,3165.6,12254.78010478632,61012,0,4946.25,15195.287723501651,61012,0,9191.875,24936.986451210523,70888,4,0,0,0,24,4,2,2,2,0,0,0,15,2,2,0,2,0,0,0,9,2,0,2,5792.170427,0,0,350,350,9110,9110,923,923,725,725,1473,1473,1450,1450,350,0,0,350,350,79771.36857142857,79771.36857142857,0,0,0,0,350,5848,9835,5848,9835
0,1,74,0,1,74,0,0,0,74,74,0,74,74,74,0,74,0,0,0,0,0,0,0,0,0,0,0,0,0,0,0,0,1,0,0,0,0,0,0,0,1,0,0,0,0,0,0,0,0,0,0,0,0,0,0,0,42.72391992003231,0,0,350,350,116,116,9,9,0,0,98,98,309,309,2,0,0,350,350,82.38571428571429,82.38571428571429,0,0,0,0,350,409,417,409,417
11481,52,8201,11481,20,3336,11481,32,4865,66,157.71153846153845,192.31126082661925,1042,66,166.80000000000004,141.62723496633876,706,66,152.03125,220.1445982830963,1042,0,225.1176470588236,616.8236910838889,2427,0,604.2631578947369,937.8068293219062,2502,0,370.35483870967744,760.6753380335616,2427,2,0,0,0,51,31,0,2,1,0,0,0,19,16,0,1,1,0,0,0,32,15,0,1,486.2482219333386,0,0,350,350,18936,18873,701,773,0,22,10850,10696,700,776,3,0,0,0,0,12318.271428571428,10991.325714285716,0,0,0,0,350,7960,19279,7736,19286
8809,28,2163,8809,11,857,8809,17,1306,60,77.24999999999999,12.559856687080464,100,66,77.90909091,8.870789654304124,89,60,76.82352941176471,14.714938388070331,100,0,326.2592592592593,926.0058810493008,3100,0,880.9000000000001,1420.0580934908576,3142,0,550.5624999999999,1163.8737599785754,3100,2,0,0,0,25,14,2,2,1,0,0,0,10,7,0,1,1,0,0,0,15,7,2,1,18.89223826513594,0,0,350,350,8751,9691,701,745,701,657,4900,5388,700,744,1,0,0,0,0,9105.682857142858,8591.851428571428,0,0,0,0,350,4391,10720,3851,9802
1,5,349,1,3,186,0,2,163,60,69.8,15.498387012847497,97,60,62,3.4641016151377544,66,66,81.5,21.920310216782973,97,0,0.25,0.5,1,0,0.5,0.7071067811865476,1,0,0,0,0,0,0,0,0,3,1,2,2,0,0,0,0,1,0,2,1,0,0,0,0,2,1,0,1,16.740669042783207,0,1,121,349,6005,1522,215,411,202,144,3173,370,0,0,106,0,0,0,0,797.6115702479339,517.24,0,0,0,0,0,947,1640,4349,6207
1,3,198,1,2,132,0,1,66,66,66,0,66,66,66,0,66,66,66,0,66,0,0.5,0.7071067811865476,1,1,1,0,1,0,0,0,0,0,0,0,0,3,0,0,2,0,0,0,0,2,0,0,1,0,0,0,0,1,0,0,1,0,0,1,350,349,1975,2921,302,356,0,0,809,1325,302,354,1,0,0,350,332,739.8457142857143,737.5057142857142,0,0,0,0,350,1872,3100,1409,2126
1,3,214,1,2,140,0,1,74,66,71.33333333333333,4.618802153517004,74,66,70,5.656854249492381,74,74,74,0,74,0,0.5,0.7071067811865476,1,1,1,0,1,0,0,0,0,2,0,0,0,2,0,0,0,1,0,0,0,1,0,0,0,1,0,0,0,1,0,0,0,4,0,0,350,350,2004,3095,302,350,0,0,824,1440,300,352,1,0,0,350,334,755.4028571428571,775.7742857142857,0,0,0,0,350,1960,3271,1425,2154
1,3,198,1,2,132,0,1,66,66,66,0,66,66,66,0,66,66,66,0,66,0,0.5,0.7071067811865476,1,1,1,0,1,0,0,0,0,0,0,0,0,3,0,0,2,0,0,0,0,2,0,0,1,0,0,0,0,1,0,0,1,0,0,1,350,349,1955,3149,304,366,0,0,793,1457,302,364,1,0,0,350,329,724.6257142857143,734.8857142857142,0,0,0,0,350,1976,3333,1395,2106
4096,48,21521,4096,32,9080,4054,16,12441,66,448.3541666666666,362.6636968370919,1133,66,283.75,232.0482430374645,668,429,777.5625,356.9649784409296,1133,0,87.14893617021278,238.02538946812447,967,2,132.1290322580645,284.23438003819825,967,7,270.26666666666665,393.2820628408839,1005,0,0,0,0,48,32,0,0,0,0,0,0,32,16,0,0,0,0,0,0,16,16,0,0,447.3648771789459,0,0,350,350,3370,3979,296,334,0,0,1732,2054,316,354,1,0,0,350,338,850.0885714285714,847.0742857142857,0,0,0,0,350,2626,4156,2328,3528
75924,27,24832,75924,16,1000,74973,11,23832,60,919.7037037037036,2388.464615,10189,60,62.5,4.926120853842977,74,60,2166.5454545454545,3456.384682,10189,0,2920.153846153846,12875.523553447629,65654,0,5061.599999999999,16865.043212006814,65654,0,7497.3,22990.375160295043,72916,4,0,0,0,25,4,2,3,2,0,0,0,14,2,2,0,2,0,0,0,11,2,0,3,5062.170968731367,0,0,350,350,9168,9168,962,962,729,729,1482,1482,1458,1458,350,0,0,350,350,80586.70285714285,80586.70285714285,0,0,0,0,350,5935,9897,5935,9897
1,3,214,1,2,140,0,1,74,66,71.33333333333333,4.618802153517004,74,66,70,5.656854249492381,74,74,74,0,74,0,0.5,0.7071067811865476,1,1,1,0,1,0,0,0,0,2,0,0,0,2,0,0,0,1,0,0,0,1,0,0,0,1,0,0,0,1,0,0,0,4,0,1,350,349,3342,3747,300,330,0,0,1708,1922,316,346,1,0,0,350,339,846.3228571428572,823.0857142857143,0,0,0,0,350,2496,3922,2306,3500
6,7,3098,6,4,871,6,3,2227,66,442.57142857142856,758.3675136200692,2087,66,217.75000000000003,298.19051516326493,665,66,742.3333333333334,1164.5223627450584,2087,0,1,2,5,0,2,2.6457513110645907,5,1,3,2.8284271247461903,5,2,0,0,0,6,2,0,0,1,0,0,0,3,1,0,0,1,0,0,0,3,1,0,0,953.4397376516952,0,2,350,348,2021,4186,304,396,1,1,818,2064,312,404,1,0,0,350,318,745.64,777.3914285714286,0,0,0,0,350,2483,4393,1432,2178
8443,28,2158,8443,11,852,8443,17,1306,60,77.07142857142857,12.451174484029448,100,66,77.45454545454545,8.477778439705022,89,60,76.82352941176471,14.714938388070331,100,0,312.7037037037037,886.3750645103657,2993,0,844.3,1360.2380551457404,3035,0,527.6875000000001,1113.922242573511,2993,2,0,0,0,25,14,2,2,1,0,0,0,10,7,0,1,1,0,0,0,15,7,2,1,18.89223826513594,0,0,350,350,8752,9935,702,746,702,650,4900,5546,700,746,1,0,0,0,0,9022.18,10904.997142857144,0,0,0,0,350,4457,10956,3852,9804
12542,52,8201,12542,20,3336,12542,32,4865,66,157.71153846153845,192.31126082661925,1042,66,166.80000000000004,141.62723496633876,706,66,152.03125,220.1445982830963,1042,0,245.9215686,662.9256925,2597,0,660.1052631578948,1001.1210324618232,2653,0,404.5806451612903,816.2200183,2597,2,0,0,0,51,31,0,2,1,0,0,0,19,16,0,1,1,0,0,0,32,15,0,1,486.2482219333386,0,0,350,350,18801,18466,710,774,0,30,10702,10371,700,762,3,0,0,0,0,12034.105714285712,10639.548571428571,0,0,0,0,350,7843,18877,7719,19151
1630,8,1479,1630,7,1405,0,1,74,66,184.875,94.05384096356724,253,66,200.7142857142857,89.32471529148448,253,74,74,0,74,0,232.8571428571429,298.5467180478507,816,0,271.6666666666667,307.08999766626505,816,0,0,0,0,2,0,0,0,7,5,0,0,1,0,0,0,6,5,0,0,1,0,0,0,1,0,0,0,90.91158708694216,0,0,350,350,760,1148,170,198,37,37,504,701,62,90,1,0,0,350,343,284.5828571428572,293.15714285714284,0,0,0,0,350,809,1230,596,828
74767,29,24952,74767,17,1060,71524,12,23892,60,860.4137931034483,1955.4692625929488,7269,60,62.352941176470594,4.8080814322163405,74,60,1991,2711.954846768119,7269,0,2670.25,12136.094989816607,64275,0,4672.9375,15972.891474698625,64275,0,6502.181818181819,21075.93242453668,70039,4,0,0,0,27,4,2,3,2,0,0,0,15,2,2,0,2,0,0,0,12,2,0,3,3602.172712405667,0,0,350,350,9096,9096,945,945,723,723,1498,1498,1446,1446,350,0,0,350,350,77632.71428571429,77632.71428571429,0,0,0,0,350,5907,9819,5907,9819
9568,28,2156,9568,11,850,9568,17,1306,60,76.99999999999999,12.367819652750558,100,66,77.27272727272728,8.149735076564257,89,60,76.82352941176471,14.714938388070331,100,0,354.3703703703704,1001.9764755471346,3300,0,956.8,1533.0394500976013,3343,0,598,1258.8887162890928,3300,2,0,0,0,25,14,2,2,1,0,0,0,10,7,0,1,1,0,0,0,15,7,2,1,18.89223826513594,0,0,350,350,8750,9371,700,728,700,672,4900,5244,700,728,1,0,0,0,0,8904.297142857144,8567.788571428571,0,0,0,0,350,4205,10407,3850,9800
0,2,134,0,1,74,0,1,60,60,67,9.899494936611664,74,74,74,0,74,60,60,0,60,0,0,0,0,0,0,0,0,0,0,0,0,1,0,0,0,1,0,1,0,1,0,0,0,0,0,0,0,0,0,0,0,1,0,1,0,8.082903768654761,0,0,350,350,356,356,0,0,352,352,0,0,354,354,350,0,0,1,1,210.48857142857145,210.48857142857145,1,1,0,0,6,356,708,356,708
0,2,120,0,1,60,0,1,60,60,60,0,60,60,60,0,60,60,60,0,60,0,0,0,0,0,0,0,0,0,0,0,0,1,0,0,0,1,0,1,0,1,0,0,0,0,0,0,0,0,0,0,0,1,0,1,0,0,0,0,350,350,350,350,0,0,350,350,0,0,350,350,350,0,0,0,0,0.06,0.06,0,0,0,0,0,350,700,350,700
170,14,12921,170,7,856,159,7,12065,60,922.9285714285712,1758.4750589550688,5858,60,122.28571428571428,150.75555742737345,464,66,1723.571428571429,2276.264473294119,5858,0,13.07692307692308,37.539893310231854,137,0,28.333333333333336,58.40776204124471,147,0,26.5,54.40496300890205,137,2,0,0,0,11,2,2,2,1,0,0,0,4,1,2,1,1,0,0,0,7,1,0,1,2836.9725647833347,0,0,350,350,4162,4162,489,489,647,647,790,790,761,761,2,0,0,350,350,417.7657142857143,417.7657142857143,0,0,0,0,350,2798,5008,2798,5008
1,3,198,1,2,132,0,1,66,66,66,0,66,66,66,0,66,66,66,0,66,0,0.5,0.7071067811865476,1,1,1,0,1,0,0,0,0,0,0,0,0,3,0,0,2,0,0,0,0,2,0,0,1,0,0,0,0,1,0,0,1,0,0,1,350,349,1996,3068,304,352,0,0,816,1426,300,350,1,0,0,350,333,743.5142857142857,750.9371428571428,0,0,0,0,350,1939,3245,1419,2146
561,14,2329,561,7,1909,560,7,420,60,166.35714285714283,213.7614080240855,759,60,272.7142857142857,269.4610140544233,759,60,60,0,60,0,43.15384615384615,146.7252796634162,531,0,93.5,214.5234252943021,531,0,93.33333333333334,214.62960342568465,531,0,0,0,0,14,7,0,0,0,0,0,0,7,7,0,0,0,0,0,0,7,0,0,0,349.5,0,0,117,149,12916,19019,0,0,17,44,6459,6658,25,59,1,0,0,0,0,2452.74359,2050.093959731544,0,0,0,0,0,10527,19068,6482,12936
0,1,297,0,1,297,0,0,0,297,297,0,297,297,297,0,297,0,0,0,0,0,0,0,0,0,0,0,0,0,0,0,0,0,0,0,0,1,1,0,0,0,0,0,0,1,1,0,0,0,0,0,0,0,0,0,0,171.47302994931886,0,0,350,350,689,800,0,12,46,46,583,614,243,248,1,0,0,350,348,1006.76,998.8085714285714,0,0,0,0,350,886,1037,826,925
0,1,297,0,1,297,0,0,0,297,297,0,297,297,297,0,297,0,0,0,0,0,0,0,0,0,0,0,0,0,0,0,0,0,0,0,0,1,1,0,0,0,0,0,0,1,1,0,0,0,0,0,0,0,0,0,0,171.47302994931886,0,0,350,350,643,796,0,12,39,39,532,604,279,291,1,0,0,350,347,1086.48,1078.0085714285717,0,0,0,0,350,900,1074,811,915
0,1,297,0,1,297,0,0,0,297,297,0,297,297,297,0,297,0,0,0,0,0,0,0,0,0,0,0,0,0,0,0,0,0,0,0,0,1,1,0,0,0,0,0,0,1,1,0,0,0,0,0,0,0,0,0,0,171.47302994931886,0,0,350,350,678,842,0,8,38,38,534,626,234,242,1,0,0,350,348,857.24,864.5,0,0,0,0,350,852,1073,768,905
0,1,253,0,1,253,0,0,0,253,253,0,253,253,253,0,253,0,0,0,0,0,0,0,0,0,0,0,0,0,0,0,0,0,0,0,0,1,1,0,1,0,0,0,0,1,1,0,1,0,0,0,0,0,0,0,0,146.06961810497532,0,0,350,350,755,1143,161,189,37,37,495,692,58,86,1,0,0,350,343,270.60285714285715,279.1714285714286,0,0,0,0,350,795,1223,582,821
11986,59,8663,11986,25,3666,11986,34,4997,66,146.83050847457633,182.79705654296373,1042,66,146.64,132.5628404443216,706,66,146.9705882352941,214.3563282769388,1042,0,206.65517241379305,586.8778393380602,2068,0,499.41666666666674,870.2910016403891,2116,0,363.2121212121212,745.0251571916782,2068,2,0,0,0,58,31,0,2,1,0,0,0,24,16,0,1,1,0,0,0,34,15,0,1,486.2482219333386,0,0,350,350,18833,18718,701,776,2,22,10820,10634,700,776,3,0,0,0,0,12022.531428571428,10710.805714285714,0,0,0,0,350,7902,19126,7682,19185
0,2,134,0,1,74,0,1,60,60,67,9.899494936611664,74,74,74,0,74,60,60,0,60,0,0,0,0,0,0,0,0,0,0,0,0,1,0,0,0,1,0,1,0,1,0,0,0,0,0,0,0,0,0,0,0,1,0,1,0,8.082903768654761,0,0,350,350,353,353,0,0,353,353,0,0,353,353,350,0,0,0,0,315.69714285714286,315.69714285714286,0,0,0,0,0,353,706,353,706
1045,6,374,1044,3,194,1044,3,180,60,62.33333333333333,2.9439202887759484,66,62,64.66666666666667,2.309401076758505,66,60,60,0,60,1,209,284.8192409230809,523,520,522,2.8284271247461903,524,520,522,2.8284271247461903,524,3,0,0,0,3,0,3,0,3,0,0,0,0,0,0,0,0,0,0,0,3,0,3,0,2.8284271247461903,0,0,261,350,2628,3096,440,418,123,423,456,433,563,841,1,0,0,261,350,242.0344827586207,461.8228571428571,0,0,0,0,261,1824,3728,1471,2971
10673,57,8543,10673,23,3546,10673,34,4997,66,149.87719298245614,185.29243972853124,1042,66,154.17391304347828,135.78848932804317,706,66,146.97058823529412,214.35632827693885,1042,0,190.5892857142857,531.9667719214908,2019,0,485.1363636363636,805.2907369364625,2065,0,323.4242424242424,664.9486836545655,2019,2,0,0,0,56,31,0,3,1,0,0,0,22,16,0,1,1,0,0,0,34,15,0,2,486.2482219333386,0,0,350,350,18789,18663,708,762,0,18,10702,10519,700,754,3,0,0,0,0,12022.58,10829.554285714286,0,0,0,0,350,7923,19058,7728,19139
97,118,197951,97,39,193083,96,79,4868,60,1677.5508474576266,3841.1610081529816,19034,60,4950.846153846153,5385.439807766578,19034,60,61.62025316455697,13.734015228404996,182,0,0.8290598290598291,6.066144884820259,65,0,2.5526315789473686,13.413783488718575,83,0,1.2307692307692308,7.413436514804787,65,2,0,0,0,117,2,0,2,1,0,0,0,38,1,0,1,1,0,0,0,79,1,0,1,9466.841359890495,0,0,29,103,345,1058,58,206,0,0,60,211,58,206,1,0,0,29,103,94.68965517,86.20388349514563,0,0,0,0,29,594,1161,181,374
9084,28,2162,9084,11,856,9084,17,1306,60,77.21428571428572,12.55906679376134,100,66,77.81818181818181,8.874887963441362,90,60,76.82352941176471,14.714938388070331,100,0,336.44444444444446,961.1697334031364,3460,0,908.4,1475.6368267444548,3502,0,567.7499999999999,1208.8315846303817,3460,2,0,0,0,25,14,2,2,1,0,0,0,10,7,0,1,1,0,0,0,15,7,2,1,19.078784028338912,0,0,350,350,8751,9394,701,735,701,667,4900,5224,700,734,1,0,0,0,0,9045.342857142858,8652.182857142858,0,0,0,0,350,4222,10428,3851,9802
1,5,349,1,3,186,0,2,163,60,69.8,15.498387012847497,97,60,62,3.4641016151377544,66,66,81.5,21.920310216782973,97,0,0.25,0.5,1,0,0.5,0.7071067811865476,1,0,0,0,0,0,0,0,0,3,1,2,2,0,0,0,0,1,0,2,1,0,0,0,0,2,1,0,1,16.740669042783207,0,1,128,349,6032,1519,227,415,212,152,3180,371,4,4,112,0,0,0,0,791.3828125,486.1428571428572,0,0,0,0,0,950,1649,4372,6246
26,13,12818,26,7,819,16,6,11999,66,986,1609.4716006607057,4410,66,117,131.43946642212654,415,66,1999.8333333333333,1976.251646,4410,0,2.166666666666667,3.857303187304296,11,0,4.333333333333334,6.408327915038889,14,0,3.2,4.658325879540846,11,2,0,0,0,12,2,1,1,1,0,0,0,6,1,1,0,1,0,0,0,6,1,0,1,2120.2259903132967,0,0,350,350,3958,3958,474,474,715,715,704,704,700,700,2,0,0,350,350,17.34285714285714,17.34285714285714,0,0,0,0,350,2702,4793,2702,4793
9220,28,2167,9220,11,861,9220,17,1306,60,77.39285714285714,12.786970468277998,100,66,78.27272727272728,9.675648909410768,96,60,76.82352941176471,14.714938388070331,100,0,341.48148148148147,970.0100463544128,3324,0,922,1487.3846547249004,3368,0,576.25,1219.276042029313,3324,2,0,0,0,25,14,2,2,1,0,0,0,10,7,0,1,1,0,0,0,15,7,2,1,20.42057785666214,0,0,350,350,8750,9639,700,740,700,660,4900,5386,700,740,1,0,0,0,0,8909.685714285713,8418.305714285714,0,0,0,0,350,4351,10669,3850,9800
8398,28,2160,8398,11,854,8398,17,1306,60,77.14285714285715,12.50989026719877,100,66,77.63636363636364,8.697962143775142,92,60,76.82352941176471,14.714938388070331,100,0,311.037037,883.4387568117198,3081,0,839.8,1357.3297969829507,3128,0,524.875,1110.448190296753,3081,2,0,0,0,25,14,2,2,1,0,0,0,10,7,0,1,1,0,0,0,15,7,2,1,19.485036994233976,0,0,350,350,8750,9495,700,728,700,652,4900,5300,700,728,1,0,0,0,0,9080.662857142856,8518.557142857142,0,0,0,0,350,4280,10511,3850,9800
3002,3,222,3002,3,222,0,0,0,74,74,0,74,74,74,0,74,0,0,0,0,998,1501,711.3494218736668,2004,998,1501,711.3494218736668,2004,0,0,0,0,3,0,0,0,0,0,0,0,3,0,0,0,0,0,0,0,0,0,0,0,0,0,0,0,42.72391992003231,0,0,350,350,599,687,2,6,0,0,164,214,911,912,2,0,0,350,349,1813.8257142857144,1809.357142857143,0,0,0,0,350,1116,1452,1077,1365
0,2,120,0,1,60,0,1,60,60,60,0,60,60,60,0,60,60,60,0,60,0,0,0,0,0,0,0,0,0,0,0,0,1,0,0,0,1,0,1,0,1,0,0,0,0,0,0,0,0,0,0,0,1,0,1,0,0,0,0,350,350,350,350,0,0,350,350,0,0,350,350,350,0,0,0,0,0.048571429,0.048571429,0,0,0,0,0,350,700,350,700
0,1,253,0,1,253,0,0,0,253,253,0,253,253,253,0,253,0,0,0,0,0,0,0,0,0,0,0,0,0,0,0,0,0,0,0,0,1,1,0,1,0,0,0,0,1,1,0,1,0,0,0,0,0,0,0,0,146.06961810497532,0,0,350,350,755,1143,161,189,37,37,495,692,58,86,1,0,0,350,343,270.60285714285715,279.1714285714286,0,0,0,0,350,795,1223,582,821
1,2,120,0,1,60,0,1,60,60,60,0,60,60,60,0,60,60,60,0,60,1,1,0,1,0,0,0,0,0,0,0,0,1,0,0,0,1,0,1,0,1,0,0,0,0,0,0,0,0,0,0,0,1,0,1,0,0,0,0,350,350,350,350,0,0,350,350,0,0,350,350,350,0,0,0,0,0.06,0.06,0,0,0,0,1,350,700,350,700
1,5,349,1,3,186,0,2,163,60,69.8,15.498387012847497,97,60,62,3.4641016151377544,66,66,81.5,21.920310216782973,97,0,0.25,0.5,1,0,0.5,0.7071067811865476,1,0,0,0,0,0,0,0,0,3,1,2,2,0,0,0,0,1,0,2,1,0,0,0,0,2,1,0,1,16.740669042783207,0,1,131,349,6041,1511,233,417,218,158,3183,369,4,4,115,0,0,0,0,773.2824427480916,471.5342857142857,0,0,0,0,0,949,1647,4381,6261
3265,10,1798,3265,9,1724,0,1,74,66,179.79999999999998,94.53841077,253,66,191.5555555555556,92.19559521895704,253,74,74,0,74,0,362.77777777777777,458.1666666666667,1371,0,408.125,467.7109722589674,1371,0,0,0,0,2,0,0,0,9,6,0,2,1,0,0,0,8,6,0,2,1,0,0,0,1,0,0,0,90.91158708694216,0,0,350,350,726,1114,81,109,29,29,430,627,32,60,1,0,0,350,343,149.34285714285716,157.91714285714286,0,0,0,0,350,691,1173,478,771
1,3,198,1,2,132,0,1,66,66,66,0,66,66,66,0,66,66,66,0,66,0,0.5,0.7071067811865476,1,1,1,0,1,0,0,0,0,0,0,0,0,3,0,0,2,0,0,0,0,2,0,0,1,0,0,0,0,1,0,0,1,0,0,1,350,349,3337,3892,300,332,0,0,1704,2010,318,346,1,0,0,350,336,879.4428571428572,856.2657142857142,0,0,0,0,350,2569,4067,2304,3496
0,1,253,0,1,253,0,0,0,253,253,0,253,253,253,0,253,0,0,0,0,0,0,0,0,0,0,0,0,0,0,0,0,0,0,0,0,1,1,0,1,0,0,0,0,1,1,0,1,0,0,0,0,0,0,0,0,146.06961810497532,0,0,350,350,728,1116,88,116,29,29,435,632,34,62,1,0,0,350,343,158.67142857142858,167.24571428571429,0,0,0,0,350,699,1176,486,774
11604,55,8399,11604,22,3468,11604,33,4931,66,152.70909090909092,188.07117178495395,1042,66,157.63636363636363,137.9408242532681,706,66,149.42424242424244,217.19447367264988,1042,0,214.88888888888889,592.0615300337558,2244,0,552.5714285714286,889.7904568733344,2292,0,362.62500000000006,737.6353129011042,2244,2,0,0,0,54,31,0,2,1,0,0,0,21,16,0,1,1,0,0,0,33,15,0,1,486.2482219333386,0,0,350,350,18935,18549,703,772,0,22,10850,10467,700,778,3,0,0,0,0,12188.028571428573,10742.414285714283,0,0,0,0,350,7844,18956,7724,19285
1,5,349,1,3,186,0,2,163,60,69.8,15.498387012847497,97,60,62,3.4641016151377544,66,66,81.5,21.920310216782973,97,0,0.25,0.5,1,0,0.5,0.7071067811865476,1,0,0,0,0,0,0,0,0,3,1,2,2,0,0,0,0,1,0,2,1,0,0,0,0,2,1,0,1,16.740669042783207,0,0,88,350,5875,1563,149,381,138,82,3124,370,0,0,73,0,0,0,0,1046.5227272727273,798.0428571428571,0,0,0,0,0,930,1611,4237,6013
0,1,253,0,1,253,0,0,0,253,253,0,253,253,253,0,253,0,0,0,0,0,0,0,0,0,0,0,0,0,0,0,0,0,0,0,0,1,1,0,1,0,0,0,0,1,1,0,1,0,0,0,0,0,0,0,0,146.06961810497532,0,0,350,350,733,1121,120,148,37,37,460,657,44,72,1,0,0,350,343,205.3028571428572,213.87714285714284,0,0,0,0,350,739,1194,526,792
1,3,198,1,2,132,0,1,66,66,66,0,66,66,66,0,66,66,66,0,66,0,0.5,0.7071067811865476,1,1,1,0,1,0,0,0,0,0,0,0,0,3,0,0,2,0,0,0,0,2,0,0,1,0,0,0,0,1,0,0,1,0,0,1,350,349,1963,2860,306,352,0,0,792,1278,300,352,1,0,0,350,333,721.7371428571429,728.5228571428571,0,0,0,0,350,1843,3038,1394,2113
1,3,214,1,2,140,0,1,74,66,71.33333333333333,4.618802153517004,74,66,70,5.656854249492381,74,74,74,0,74,0,0.5,0.7071067811865476,1,1,1,0,1,0,0,0,0,2,0,0,0,2,0,0,0,1,0,0,0,1,0,0,0,1,0,0,0,1,0,0,0,4,0,1,350,349,3312,4208,300,348,0,0,1688,2196,316,366,1,0,0,350,333,871.1142857142858,871.4542857142857,0,0,0,0,350,2716,4393,2288,3470
73,9,863,73,5,495,72,4,368,60,95.88888889,69.89714665929583,249,60,99,83.89278872465738,249,60,92,60.06662967072483,182,0,9.125,24.60219212068016,70,0,18.25,35.83643397437864,72,1,24,39.83716857408418,70,2,0,0,0,8,2,0,2,1,0,0,0,4,1,0,1,1,0,0,0,4,1,0,1,93.85227754295578,0,0,178,350,1966,4346,356,700,0,0,369,740,356,700,1,0,0,178,350,95.08426966292134,104.63142857142856,0,0,0,0,178,2266,4696,1069,2144
386,15,13335,386,8,1270,374,7,12065,60,889.0000000000001,1610.4534410265594,5858,60,158.75,173.02910572667082,439,66,1723.571428571429,2119.6927337975867,5858,0,27.57142857142857,64.59306260167368,215,0,55.14285714285714,88.35237889917202,215,0,62.333333333333336,96.52495359577576,227,2,0,0,0,12,3,2,2,1,0,0,0,5,2,2,1,1,0,0,0,7,1,0,1,2840.3702076783347,0,0,350,350,4015,4015,504,504,642,642,780,780,735,735,2,0,0,350,350,404.5914285714286,404.5914285714286,0,0,0,0,350,2707,4882,2707,4882
3981,11,12269,3981,7,440,68,4,11829,60,1115.3636363636365,2341.689743442853,5894,60,62.85714285714286,5.398412465054624,74,60,2957.25,3342.1730829905664,5894,0,398.1,1229.503553833371,3897,0,663.4999999999999,1584.3089029605308,3897,0,22.666666666666664,28.02379941,54,2,0,0,0,10,2,1,1,1,0,0,0,6,1,1,0,1,0,0,0,4,1,0,1,2914.674138,0,0,350,350,6443,6443,690,690,524,524,1073,1073,1048,1048,350,0,0,350,350,51183.44857142857,51183.44857142857,0,0,0,0,350,4160,6967,4160,6967
553,12,1805,553,6,1445,553,6,360,60,150.41666666666666,213.66433246964027,811,60,240.8333333333333,284.2797331268387,811,60,60,0,60,0,50.27272727272728,159.19427810640113,530,0,110.6,235.1410215168761,531,1,110.6,234.5768530780477,530,0,0,0,0,12,6,0,0,0,0,0,0,6,6,0,0,0,0,0,0,6,0,0,0,375.5,0,0,85,117,12429,18532,0,0,17,44,6212,6411,25,59,1,0,0,0,0,3076.6117647058823,2393.2051282051284,0,0,0,0,0,10280,18581,6235,12449
997,6,374,996,3,194,997,3,180,60,62.33333333333333,2.9439202887759484,66,62,64.66666666666667,2.309401076758505,66,60,60,0,60,0,199.4,272.12735988871094,498,497,498,1.4142135623730951,499,498,498.5,0.7071067811865476,499,3,0,0,0,3,0,3,0,3,0,0,0,0,0,0,0,0,0,0,0,3,0,3,0,2.8284271247461903,0,0,191,350,1464,1505,234,182,222,777,244,182,456,959,1,0,0,191,350,446.3193717277487,768.2942857142857,0,0,0,0,191,1232,2373,932,1803
0,2,120,0,1,60,0,1,60,60,60,0,60,60,60,0,60,60,60,0,60,0,0,0,0,0,0,0,0,0,0,0,0,1,0,0,0,1,0,1,0,1,0,0,0,0,0,0,0,0,0,0,0,1,0,1,0,0,0,0,350,350,350,350,0,0,350,350,0,0,355,355,350,0,0,3,3,0.057142857,0.057142857,1,1,0,0,12,355,705,355,705
372,16,13317,372,10,1318,359,6,11999,66,832.3125000000001,1570.7098488157087,5858,66,131.8,136.63316662590464,391,66,1999.8333333333333,2179.592477199962,5858,0,24.8,62.211850042530365,210,0,41.333333333333336,80.11398130164297,210,0,71.8,102.60214422710668,221,2,0,0,0,15,3,1,1,1,0,0,0,9,2,1,0,1,0,0,0,6,1,0,1,2845.960104545857,0,0,350,350,3844,3844,447,447,585,585,751,751,674,674,2,0,0,350,350,278.9942857142857,278.9942857142857,0,0,0,0,350,2528,4588,2528,4588
102,9,863,102,5,495,101,4,368,60,95.88888889,69.89714665929583,249,60,99,83.89278872465738,249,60,92,60.06662967072483,182,0,12.749999999999998,34.853776184019345,99,0,25.5,49.66890375275058,100,0,33.666666666666664,56.58916268450464,99,2,0,0,0,8,2,0,2,1,0,0,0,4,1,0,1,1,0,0,0,4,1,0,1,93.85227754295578,0,0,83,163,783,1824,166,326,0,0,170,336,166,326,1,0,0,83,163,84.63855421686748,89.93865030674847,0,0,0,0,83,994,1987,464,866
37,2,132,0,1,66,0,1,66,66,66,0,66,66,66,0,66,66,66,0,66,37,37,0,37,0,0,0,0,0,0,0,0,0,0,0,0,2,0,0,0,0,0,0,0,1,0,0,0,0,0,0,0,1,0,0,0,0,0,0,44,350,444,2094,16,76,2,2,166,503,18,76,2,0,0,44,350,575.4772727272727,386.3457142857143,0,0,0,0,44,1029,2134,217,455
0,2,134,0,1,74,0,1,60,60,67,9.899494936611664,74,74,74,0,74,60,60,0,60,0,0,0,0,0,0,0,0,0,0,0,0,1,0,0,0,1,0,1,0,1,0,0,0,0,0,0,0,0,0,0,0,1,0,1,0,8.082903768654761,0,0,350,350,350,350,0,0,350,350,0,0,350,350,350,0,0,0,0,0.062857143,0.062857143,0,0,0,0,0,350,700,350,700
11619,55,8399,11619,21,3402,11619,34,4997,66,152.70909090909092,188.07117178495395,1042,66,162.00000000000003,139.7826884846618,706,66,146.9705882352941,214.3563282769388,1042,0,215.16666666666669,594.7876979732998,2452,0,580.95,909.5015103717096,2502,0,352.0909090909092,732.3625026086963,2452,2,0,0,0,54,31,0,2,1,0,0,0,20,16,0,1,1,0,0,0,34,15,0,1,486.2482219333386,0,0,350,350,17928,17489,688,746,32,68,10157,9772,700,766,3,0,0,0,0,14616.977142857142,13088.76,0,0,0,0,350,7480,17936,7395,18308
8603,28,2161,8603,11,855,8603,17,1306,60,77.17857142857142,12.49608404269579,100,66,77.72727272727272,8.638181626834541,89,60,76.82352941176471,14.714938388070331,100,0,318.62962962962973,904.4191143894154,3075,0,860.3000000000002,1388.0829346020118,3120,0,537.6874999999999,1136.748973681818,3075,2,0,0,0,25,14,2,2,1,0,0,0,10,7,0,1,1,0,0,0,15,7,2,1,18.89223826513594,0,0,350,350,8750,9699,700,730,700,662,4900,5436,700,732,1,0,0,0,0,9117.888571428572,11175.7,0,0,0,0,350,4315,10725,3850,9800
1,5,349,1,3,186,0,2,163,60,69.8,15.498387012847497,97,60,62,3.4641016151377544,66,66,81.5,21.920310216782973,97,0,0.25,0.5,1,0,0.5,0.7071067811865476,1,0,0,0,0,0,0,0,0,3,1,2,2,0,0,0,0,1,0,2,1,0,0,0,0,2,1,0,1,16.740669042783207,0,0,98,350,5920,1555,169,381,158,102,3141,378,0,0,83,0,0,0,0,978.3571428571428,778.4885714285714,0,0,0,0,0,935,1623,4275,6078
2817,38,16233,2817,24,6810,2815,14,9423,66,427.1842105263158,362.6279349462944,1132,66,283.75,233.30596630400063,668,66,673.0714285714286,418.1761616804599,1132,0,76.13513513513512,221.9408282,963,1,122.47826086956526,273.35007018394055,963,0,216.53846153846152,363.9046614,1005,0,0,0,0,38,24,0,2,0,0,0,0,24,12,0,1,0,0,0,0,14,12,0,1,517.4308327367695,0,1,350,349,3340,4280,302,356,0,0,1704,2224,314,370,1,0,0,350,331,840.1514285714286,818.2171428571429,0,0,0,0,350,2752,4467,2302,3497
0,1,297,0,1,297,0,0,0,297,297,0,297,297,297,0,297,0,0,0,0,0,0,0,0,0,0,0,0,0,0,0,0,0,0,0,0,1,1,0,0,0,0,0,0,1,1,0,0,0,0,0,0,0,0,0,0,171.47302994931886,0,0,350,350,674,738,0,8,2,2,495,519,293,299,1,0,0,350,348,1140.077142857143,1122.188571428571,0,0,0,0,350,818,996,788,929
0,1,253,0,1,253,0,0,0,253,253,0,253,253,253,0,253,0,0,0,0,0,0,0,0,0,0,0,0,0,0,0,0,0,0,0,0,1,1,0,1,0,0,0,0,1,1,0,1,0,0,0,0,0,0,0,0,146.06961810497532,0,0,350,350,750,1138,157,185,37,37,490,687,56,84,1,0,0,350,343,261.2742857142857,269.8485714285714,0,0,0,0,350,787,1217,574,815
4981,414,94533,4964,207,82113,4981,207,12420,60,228.34057971014497,237.2781338014369,1178,60,396.6811594202896,236.4802271801872,1178,60,60,0,60,0,12.060532687651332,71.89267700198451,1380,0,24.09708737864079,102.52671414527276,1397,0,24.179611650485423,100.57431069876333,1381,0,0,0,0,414,207,0,0,0,0,0,0,207,207,0,0,0,0,0,0,207,0,0,0,559,0,0,23,26,3879,3898,0,0,15,18,1932,1938,23,29,1,0,0,0,0,2924,2644.153846153846,0,0,0,0,0,1966,3920,1953,3898
0,2,134,0,1,74,0,1,60,60,67,9.899494936611664,74,74,74,0,74,60,60,0,60,0,0,0,0,0,0,0,0,0,0,0,0,1,0,0,0,1,0,1,0,1,0,0,0,0,0,0,0,0,0,0,0,1,0,1,0,8.082903768654761,0,0,350,350,361,361,0,0,351,351,0,0,356,356,350,0,0,3,3,108.98285714285714,108.98285714285714,1,1,0,0,12,361,712,361,712
557,12,2098,557,6,1738,557,6,360,60,174.83333333333334,296.03342358387147,1102,60,289.6666666666667,401.43575658711154,1102,60,60,0,60,0,50.63636363636364,160.07890100027095,533,1,111.4,236.36476048683733,534,1,111.4,235.82048257095903,533,0,0,0,0,12,6,0,0,0,0,0,0,6,6,0,0,0,0,0,0,6,0,0,0,521,0,0,114,146,12874,18977,0,0,17,44,6438,6637,25,59,1,0,0,0,0,2502.1315789473683,2080.3835616438355,0,0,0,0,0,10506,19026,6461,12894
96913,26,24766,96913,16,1000,91179,10,23766,60,952.5384615384615,1744.5397612154156,5894,60,62.5,4.926120853842977,74,60,2376.6,2189.137384653802,5894,0,3876.520000000001,15632.273294160814,78111,0,6460.866666666667,20025.778054678376,78111,0,10131,29294.541893499547,88231,4,0,0,0,24,4,2,2,2,0,0,0,14,2,2,0,2,0,0,0,10,2,0,2,2914.674138,0,0,350,350,6614,6614,718,718,529,529,1095,1095,1058,1058,350,0,0,350,350,56370.98857142857,56370.98857142857,0,0,0,0,350,4250,7143,4250,7143
4845,48,21526,4845,32,9080,4801,16,12446,66,448.45833333333337,362.8593278999062,1134,66,283.75,232.0482430374645,668,429,777.875,357.28025880719093,1134,0,103.08510638297872,269.98323859303576,967,2,156.29032258064515,321.2952114539304,967,6,320.0666666666666,436.4281100457385,1006,0,0,0,0,48,32,0,0,0,0,0,0,32,16,0,0,0,0,0,0,16,16,0,0,447.7814757222545,0,0,350,350,3341,4085,298,334,0,0,1712,2126,316,356,1,0,0,350,335,874.2942857142857,877.64,0,0,0,0,350,2671,4263,2310,3499
1860,7,995,1821,4,789,1860,3,206,66,142.14285714285714,194.43630368446165,583,66,197.25,257.1943169408427,583,66,68.66666666666667,4.618802153517007,74,0,310,739.4165267290149,1819,1,607,1049.6227893867397,1819,2,930,1312.390185882232,1858,2,0,0,0,6,1,0,1,1,0,0,0,3,1,0,1,1,0,0,0,3,0,0,0,257.1943169408427,0,1,127,349,6029,1521,225,415,210,150,3179,371,4,4,111,0,0,0,0,797.6062992125984,486.4142857142857,0,0,0,0,0,950,1649,4369,6241
51,3,1396,51,2,713,0,1,683,66,465.33333333333337,346.3009288658252,683,66,356.5,410.8290398693841,647,683,683,0,683,0,25.5,36.06244584051392,51,51,51,0,51,0,0,0,0,0,0,0,0,3,2,0,0,0,0,0,0,2,1,0,0,0,0,0,0,1,1,0,0,302.9756590883169,0,0,350,350,1887,2608,60,99,2,23,424,886,60,98,1,0,0,350,350,286.4085714285714,436.0228571428572,0,0,0,0,350,1353,2678,985,1919
71,9,863,71,5,495,70,4,368,60,95.88888889,69.89714665929583,249,60,99,83.89278872465738,249,60,92,60.06662967072483,182,0,8.875000000000002,23.895232638690565,68,0,17.75,34.16991854443516,69,0,23.333333333333336,38.695391629150535,68,2,0,0,0,8,2,0,2,1,0,0,0,4,1,0,1,1,0,0,0,4,1,0,1,93.85227754295578,0,0,204,350,2377,4823,408,700,0,0,424,743,408,700,1,0,0,204,350,96.66666666666669,104.93142857142855,0,0,0,0,204,2438,5173,1268,2581
74433,30,25000,74433,17,1060,71712,13,23940,60,833.3333333333335,1738.320876956947,7354,60,62.352941176470594,4.8080814322163405,74,60,1841.5384615384617,2315.0137370141247,7354,0,2566.655172413793,12154.773610384704,65543,0,4652.062499999999,16292.116659983132,65543,0,5976,20299.00086658992,70429,4,0,0,0,28,4,2,3,2,0,0,0,15,2,2,0,2,0,0,0,13,2,0,3,3644.6726419071806,0,0,350,350,9071,9071,941,941,721,721,1487,1487,1442,1442,350,0,0,350,350,77004.52857142857,77004.52857142857,0,0,0,0,350,5893,9792,5893,9792
6007,11,12269,6007,7,440,39,4,11829,60,1115.3636363636365,2690.433209456324,8814,60,62.85714285714286,5.398412465054624,74,60,2957.25,4125.5126045135285,8814,0,600.6999999999999,1882.046761138285,5957,0,1001.1666666666666,2427.892700814158,5957,0,13,21.65640782770772,38,2,0,0,0,10,2,1,1,1,0,0,0,6,1,1,0,1,0,0,0,4,1,0,1,4374.671645,0,0,350,350,6492,6492,676,676,524,524,1068,1068,1048,1048,350,0,0,350,350,53215.6,53215.6,0,0,0,0,350,4191,7016,4191,7016
80,9,862,80,5,494,79,4,368,60,95.77777777777776,69.62359114872231,248,60,98.8,83.44579079,248,60,92,60.06662967072483,182,0,10,26.67261838343906,76,0,20,38.66954012311671,78,1,26.333333333333336,43.01550108197432,76,2,0,0,0,8,2,0,2,1,0,0,0,4,1,0,1,1,0,0,0,4,1,0,1,93.45765529550448,0,0,19,44,154,354,38,88,0,0,39,89,38,88,1,0,0,19,44,93.21052631578948,83.43181818181819,0,0,0,0,19,221,398,96,173
6565,14,12443,6565,8,500,913,6,11943,60,888.7857142857142,1859.0539437934729,5894,60,62.5,5.0990195135927845,74,60,1990.5,2537.094696695415,5894,0,505,1564.4809043257767,5644,0,937.8571428571428,2103.262024298718,5644,0,182.6,407.74722561901024,912,2,0,0,0,13,2,1,1,1,0,0,0,7,1,1,0,1,0,0,0,6,1,0,1,2914.674138,0,0,350,350,2791,7641,236,568,346,265,449,3013,576,815,350,0,0,222,222,4725.648571428572,4869.808571428572,0,0,0,0,225,4264,8070,1748,3141
0,2,120,0,1,60,0,1,60,60,60,0,60,60,60,0,60,60,60,0,60,0,0,0,0,0,0,0,0,0,0,0,0,1,0,0,0,1,0,1,0,1,0,0,0,0,0,0,0,0,0,0,0,1,0,1,0,0,0,0,350,350,350,350,0,0,350,350,0,0,350,350,350,0,0,0,0,0.04,0.04,0,0,0,0,0,350,700,350,700
0,3,214,0,2,140,0,1,74,66,71.33333333333333,4.618802153517004,74,66,70,5.656854249492381,74,74,74,0,74,0,0,0,0,0,0,0,0,0,0,0,0,2,0,0,0,2,0,0,0,1,0,0,0,1,0,0,0,1,0,0,0,1,0,0,0,4,0,1,350,349,3326,4029,300,338,0,0,1700,2092,316,352,1,0,0,350,337,874.4628571428572,879.9428571428572,0,0,0,0,350,2633,4207,2300,3484
79246,31,25066,79246,17,1060,74295,14,24006,60,808.5806451612905,1577.6201438494536,4434,60,62.352941176470594,4.8080814322163405,74,60,1714.714285714286,2032.515433892444,4434,0,2641.5333333333338,11440.469467499208,62196,0,4952.875,15518.946260941815,62196,0,5715.000000000001,20150.359103499868,72773,4,0,0,0,29,4,2,4,2,0,0,0,15,2,2,0,2,0,0,0,14,2,0,4,2184.676635111018,0,0,350,350,9182,9182,963,963,729,729,1488,1488,1458,1458,350,0,0,350,350,81030.53142857143,81030.53142857143,0,0,0,0,350,5928,9911,5928,9911
0,1,253,0,1,253,0,0,0,253,253,0,253,253,253,0,253,0,0,0,0,0,0,0,0,0,0,0,0,0,0,0,0,0,0,0,0,1,1,0,1,0,0,0,0,1,1,0,1,0,0,0,0,0,0,0,0,146.06961810497532,0,0,350,350,739,1127,104,132,29,29,450,647,40,68,1,0,0,350,343,186.65714285714284,195.22285714285715,0,0,0,0,350,723,1190,510,788
997,6,374,997,3,194,996,3,180,60,62.33333333333333,2.9439202887759484,66,62,64.66666666666667,2.309401076758505,66,60,60,0,60,0,199.4,272.5844823169507,499,498,498.5,0.7071067811865476,499,497,498,1.4142135623730951,499,3,0,0,0,3,0,3,0,3,0,0,0,0,0,0,0,0,0,0,0,3,0,3,0,2.8284271247461903,0,0,237,350,1602,1050,234,0,360,1050,244,0,594,1050,1,0,0,237,350,553.2742616033755,1013.1742857142856,0,0,0,0,237,1050,2100,1070,2079
0,5,349,0,3,186,0,2,163,60,69.8,15.498387012847497,97,60,62,3.4641016151377544,66,66,81.5,21.920310216782973,97,0,0,0,0,0,0,0,0,0,0,0,0,0,0,0,0,3,1,2,2,0,0,0,0,1,0,2,1,0,0,0,0,2,1,0,1,16.740669042783207,0,0,103,350,5951,1560,179,379,166,110,3155,388,0,0,88,0,0,0,0,936.8737864077668,778.8057142857143,0,0,0,0,0,939,1636,4295,6117
4945,214,42451,4913,107,36031,4944,107,6420,60,198.36915887850463,240.90498230580167,1077,72,336.7383177570094,279.22146942811577,1077,60,60,0,60,0,23.215962441314552,94.47117124725814,884,0,46.34905660377357,133.50427440653655,901,0,46.64150943396229,131.41408119660366,884,0,0,0,0,214,107,0,0,0,0,0,0,107,107,0,0,0,0,0,0,107,0,0,0,506.53158835357937,0,0,54,57,9004,9023,0,0,15,18,4496,4502,23,29,1,0,0,0,0,3518.703703703704,3359.754385964912,0,0,0,0,0,4530,9045,4517,9023
12370,55,8399,12370,22,3468,12370,33,4931,66,152.70909090909092,188.07117178495395,1042,66,157.63636363636363,137.9408242532681,706,66,149.42424242424244,217.19447367264988,1042,0,229.0740740740741,628.9806323877848,2287,0,589.047619,944.0553202111874,2334,0,386.5625,783.3402399032062,2287,2,0,0,0,54,31,0,2,1,0,0,0,21,16,0,1,1,0,0,0,33,15,0,1,486.2482219333386,0,0,350,350,18870,18855,702,794,0,12,10850,10649,700,790,3,0,0,0,0,12111.18,10620.977142857142,0,0,0,0,350,8000,19260,7695,19220
2029,6,444,2029,3,222,2029,3,222,74,74,0,74,74,74,0,74,74,74,0,74,0,405.8,555.2086994995666,1015,1013,1014.5,2.1213203435596424,1016,1014,1014.5,0.7071067811865476,1015,0,0,0,0,0,0,0,0,0,0,0,0,0,0,0,0,0,0,0,0,0,0,0,0,0,0,1,133,342,6051,1380,234,424,219,156,3186,308,6,6,116,7,7,0,0,877.7571428571429,317.9485714285714,0,0,0,0,0,896,1569,4412,6324
8219,28,2163,8219,11,857,8219,17,1306,60,77.25,12.562805183320885,100,66,77.90909091,8.882055454167638,90,60,76.82352941176471,14.714938388070331,100,0,304.40740740740745,850.1883619012029,3079,0,821.9,1301.1181900367255,3125,0,513.6875,1066.9017273551174,3079,2,0,0,0,25,14,2,2,1,0,0,0,10,7,0,1,1,0,0,0,15,7,2,1,19.078784028338912,0,0,350,350,8751,9571,701,741,701,661,4900,5322,700,740,1,0,0,0,0,9109.611428571428,8643.514285714286,0,0,0,0,350,4327,10602,3851,9802
50,15,12894,50,7,763,40,8,12131,60,859.6,1316.307269816371,4410,60,109,115.62727475239856,371,66,1516.375,1548.3844057136273,4410,0,3.571428571428571,6.222963500236421,20,0,8.333333333333334,11.535452599125302,30,0,5.714285714285714,7.867957924694432,20,2,0,0,0,12,2,2,2,1,0,0,0,4,1,2,1,1,0,0,0,8,1,0,1,2127.129109856757,0,0,350,350,4097,4097,481,481,621,621,700,700,700,700,2,0,0,350,350,42.54857142857143,42.54857142857143,0,0,0,0,350,2613,4849,2613,4849
0,2,120,0,1,60,0,1,60,60,60,0,60,60,60,0,60,60,60,0,60,0,0,0,0,0,0,0,0,0,0,0,0,1,0,0,0,1,0,1,0,1,0,0,0,0,0,0,0,0,0,0,0,1,0,1,0,0,0,0,349,349,385,2166,8,128,345,316,10,958,358,445,350,1,1,7,7,899.9428571428572,105.11428571428571,1,1,0,0,16,1280,2559,380,877
12946,52,8201,12946,20,3336,12946,32,4865,66,157.71153846153845,192.31126082661925,1042,66,166.80000000000004,141.62723496633876,706,66,152.03125,220.1445982830963,1042,0,253.8431373,682.7370906153852,2435,0,681.3684210526316,1031.0402627404096,2490,0,417.6129032258065,840.4143294597553,2435,2,0,0,0,51,31,0,2,1,0,0,0,19,16,0,1,1,0,0,0,32,15,0,1,486.2482219333386,0,0,350,350,19338,18858,707,768,0,20,11007,10585,705,777,3,0,0,0,0,12690.531428571428,11382.442857142858,0,0,0,0,350,7978,19264,7952,19690
4132,48,21525,4132,32,9080,4093,16,12445,66,448.4375,362.8200366426332,1133,66,283.75,232.0482430374645,668,429,777.8125,357.2166884,1133,0,87.91489361702128,238.40336933963084,966,1,133.29032258064515,284.5243040056376,966,8,272.86666666666656,392.8710923930332,1005,0,0,0,0,48,32,0,0,0,0,0,0,32,16,0,0,0,0,0,0,16,16,0,0,447.3648771789459,0,1,350,349,3320,3794,300,330,0,0,1696,1954,314,344,1,0,0,350,339,829.0428571428571,835.0942857142857,0,0,0,0,350,2527,3968,2294,3477
11652,57,8543,11652,23,3546,11652,34,4997,66,149.87719298245614,185.29243972853124,1042,66,154.17391304347828,135.78848932804317,706,66,146.97058823529412,214.35632827693885,1042,0,208.07142857142856,585.8111969240247,2453,0,529.6363636363636,883.8799501,2501,0,353.0909091,732.8743652,2453,2,0,0,0,56,31,0,3,1,0,0,0,22,16,0,1,1,0,0,0,34,15,0,2,486.2482219333386,0,0,350,350,17926,17491,688,747,32,68,10157,9772,700,766,3,0,0,0,0,14607.314285714288,13085.68,0,0,0,0,350,7482,17938,7394,18306
3388,9,625,3388,5,353,3388,4,272,66,69.44444444444444,3.4681086744474685,74,66,70.6,2.880972058177587,74,66,68,4.000000000000001,74,0,423.5,584.8933968803937,1176,0,847,565.6512470889933,1176,1100,1129.3333333333333,40.85747585611887,1176,2,0,0,0,8,3,0,0,1,0,0,0,4,3,0,0,1,0,0,0,4,0,0,0,4.618802153517006,0,1,136,341,6068,1368,235,422,222,158,3190,301,13,13,117,8,8,1,1,913.0208333333334,313.98,0,0,0,0,1,894,1568,4427,6352
42,13,12803,42,7,804,30,6,11999,66,984.8461538,1997.4098997682745,7306,66,114.85714285714286,125.7715237662174,400,66,1999.8333333333333,2694.4938238316054,7306,0,3.5,6.302957458786528,20,0,6.999999999999999,12.393546707863734,31,0,6,8.94427191,20,2,0,0,0,12,2,1,1,1,0,0,0,6,1,1,0,1,0,0,0,6,1,0,1,3567.809178380107,0,0,350,350,4017,4017,500,500,627,627,704,704,700,700,2,0,0,350,350,31.99714285714285,31.99714285714285,0,0,0,0,350,2616,4785,2616,4785
1010,13,12784,1010,8,851,7,5,11933,60,983.3846153846156,3206.1200990829384,11650,60,106.375,112.70687328514748,385,66,2386.6,5178.400312837933,11650,0,84.16666666666666,287.7880638542358,998,0,144.28571428571428,376.4583705563004,998,0,1.75,1.707825127659933,4,3,0,0,0,9,2,2,2,2,0,0,0,4,1,2,1,1,0,0,0,5,1,0,1,5741.840609363284,0,0,350,350,4124,4124,519,519,699,699,771,771,747,747,2,0,0,350,350,339.3428571428572,339.3428571428572,0,0,0,0,350,2806,5011,2806,5011
59,15,12937,59,8,872,49,7,12065,60,862.4666666666666,1621.3196946873102,5858,60,109,125.75259156659271,420,66,1723.571428571429,2119.6927337975867,5858,0,4.214285714285714,8.294377812512721,29,0,8.428571428571429,14.62711116223504,40,0,8.166666666666666,11.338724208069737,29,2,0,0,0,11,2,3,2,1,0,0,0,4,1,3,1,1,0,0,0,7,1,0,1,2842.986457934684,0,0,350,350,4003,4003,507,507,655,655,701,701,700,700,2,0,0,350,350,43.77428571428572,43.77428571428572,0,0,0,0,350,2591,4814,2591,4814
10450,15,13878,10450,9,566,1175,6,13312,60,925.1999999999998,1714.9779757019787,5894,60,62.888888888888886,4.910306620885412,74,60,2218.6666666666665,2211.123666072675,5894,0,746.4285714285714,2470.726791679097,9265,0,1306.25,3241.6172220491603,9265,0,235,510.4331493937282,1148,2,0,0,0,14,3,1,2,1,0,0,0,8,1,1,0,1,0,0,0,6,2,0,2,2914.674138,0,0,350,350,6480,6480,675,675,526,526,1066,1066,1052,1052,350,0,0,350,350,54481.70857142857,54481.70857142857,0,0,0,0,350,4163,7006,4163,7006
80,9,866,80,5,498,79,4,368,60,96.22222222222224,70.72089114571764,252,60,99.6,85.23379611398286,252,60,92,60.06662967072483,182,0,10,27.07661088731116,77,0,20,38.66954012311671,78,1,26.333333333333336,43.87862045841156,77,2,0,0,0,8,2,0,2,1,0,0,0,4,1,0,1,1,0,0,0,4,1,0,1,95.04209594,0,0,41,350,454,4244,82,700,0,0,85,730,82,700,1,0,0,41,350,103.65853658536584,97.39142857142858,0,0,0,0,41,2241,4594,252,495
0,4,700,0,2,164,0,2,536,82,175,107.3871500692704,268,82,82,0,82,268,268,0,268,0,0,0,0,0,0,0,0,0,0,0,0,0,0,0,0,0,0,0,0,0,0,0,0,0,0,0,0,0,0,0,0,0,0,0,0,107.3871500692704,350,350,0,0,0,0,0,0,0,0,0,0,0,0,12,0,0,0,0,1407.6942857142858,361.0457142857143,350,349,0,0,350,720,1436,738,1458
1,3,214,1,2,140,0,1,74,66,71.33333333333333,4.618802153517004,74,66,70,5.656854249492381,74,74,74,0,74,0,0.5,0.7071067811865476,1,1,1,0,1,0,0,0,0,2,0,0,0,2,0,0,0,1,0,0,0,1,0,0,0,1,0,0,0,1,0,0,0,4,0,3,350,347,2306,6063,306,498,0,0,1007,3081,316,518,1,0,0,350,282,808.4142857142857,811.6057142857143,0,0,0,0,350,3422,6328,1628,2464
11536,55,8399,11535,21,3402,11536,34,4997,66,152.70909090909092,188.07117178495395,1042,66,162.00000000000003,139.7826884846618,706,66,146.9705882352941,214.3563282769388,1042,0,213.6296296296296,591.3072916,2461,1,576.75,904.0144313589597,2507,0,349.5757575757575,728.2060161066643,2461,2,0,0,0,54,31,0,2,1,0,0,0,20,16,0,1,1,0,0,0,34,15,0,1,486.2482219333386,0,0,350,350,17923,17554,688,762,32,72,10157,9773,700,776,3,0,0,0,0,14492.117142857143,13030.862857142858,0,0,0,0,350,7523,18010,7390,18303
87,9,863,87,5,495,86,4,368,60,95.88888889,69.89714665929583,249,60,99,83.89278872465738,249,60,92,60.06662967072483,182,0,10.875,29.95442967480531,85,0,21.75,42.83592728851176,86,0,28.666666666666664,48.78865988,85,2,0,0,0,8,2,0,2,1,0,0,0,4,1,0,1,1,0,0,0,4,1,0,1,93.85227754295578,0,0,51,77,410,620,102,154,0,0,103,156,102,154,1,0,0,51,77,77.01960784313725,81.59740259740259,0,0,0,0,51,387,697,256,461
158,13,12768,158,7,769,146,6,11999,66,982.1538461538462,1716.8153097209697,5858,66,109.85714285714286,112.5469214,365,66,1999.8333333333333,2179.592477199962,5858,0,13.166666666666666,38.91677211068708,136,0,26.333333333333336,59.73831824437868,148,0,29.2,59.85983628444034,136,2,0,0,0,12,2,1,1,1,0,0,0,6,1,1,0,1,0,0,0,6,1,0,1,2849.654642817851,0,0,350,350,4337,4337,492,492,614,614,938,938,713,713,2,0,0,350,350,483.1028571428572,483.1028571428572,0,0,0,0,350,2873,5106,2873,5106
1,3,214,1,2,140,0,1,74,66,71.33333333333333,4.618802153517004,74,66,70,5.656854249492381,74,74,74,0,74,0,0.5,0.7071067811865476,1,1,1,0,1,0,0,0,0,2,0,0,0,2,0,0,0,1,0,0,0,1,0,0,0,1,0,0,0,1,0,0,0,4,0,1,350,349,1974,2934,300,352,0,0,809,1343,304,352,1,0,0,350,333,740.4628571428572,741.7085714285714,0,0,0,0,350,1873,3112,1409,2126
9419,28,2154,9419,11,848,9419,17,1306,60,76.92857142857143,12.30154633889749,100,66,77.09090909,7.879778493,87,60,76.82352941176471,14.714938388070331,100,0,348.8518518518518,989.8658302130456,3233,0,941.9,1516.189042,3279,0,588.6875,1244.1044821477012,3233,2,0,0,0,25,14,2,2,1,0,0,0,10,7,0,1,1,0,0,0,15,7,2,1,18.55397531527948,0,0,350,350,8750,9457,700,738,700,662,4900,5244,700,734,1,0,0,0,0,9162.128571428571,8730.497142857143,0,0,0,0,350,4268,10486,3850,9800
12,9,5359,12,5,938,11,4,4421,66,595.4444444444445,950.6202069,2767,66,187.6,267.45616463263656,666,66,1105.25,1300.25725,2767,0,1.5,3.4641016151377544,10,0,3,5.354126134736337,11,0,3.666666666666667,5.507570547286102,10,2,0,0,0,8,2,0,0,1,0,0,0,4,1,0,0,1,0,0,0,4,1,0,0,1282.0882379930017,0,2,350,348,2016,4347,302,400,1,1,810,2154,316,414,1,0,0,350,316,734,771.16,0,0,0,0,350,2562,4559,1427,2175
79,9,863,79,5,495,78,4,368,60,95.88888889,69.89714665929583,249,60,99,83.89278872465738,249,60,92,60.06662967072483,182,0,9.875,26.319126668098782,75,0,19.75,38.16957776379858,77,1,26,42.43819034784589,75,2,0,0,0,8,2,0,2,1,0,0,0,4,1,0,1,1,0,0,0,4,1,0,1,93.85227754295578,0,0,66,120,620,1396,132,240,0,0,135,248,132,240,1,0,0,66,120,82.13636363636364,89.975,0,0,0,0,66,746,1516,367,686
4,7,1531,4,4,795,4,3,736,66,218.7142857142857,255.3773118908009,596,66,198.75,260.1939981372873,589,66,245.3333333333333,303.7125834293557,596,0,0.6666666666666667,1.2110601416389968,3,0,1.3333333333333337,1.5275252316519463,3,1,2,1.4142135623730951,3,2,0,0,0,6,2,0,0,1,0,0,0,3,1,0,0,1,0,0,0,3,1,0,0,303.9883496,0,2,350,348,2024,4334,302,402,1,1,820,2148,314,412,1,0,0,350,316,745.6485714285715,771.1028571428571,0,0,0,0,350,2555,4545,1434,2182
9778,28,2157,9778,11,851,9778,17,1306,60,77.03571428571428,12.381234734265137,100,66,77.36363636363635,8.200886870000431,88,60,76.82352941176471,14.714938388070331,100,0,362.14814814814815,1031.8030038463926,3549,0,977.8,1579.4244239947384,3590,0,611.125,1297.3233919625952,3549,2,0,0,0,25,14,2,2,1,0,0,0,10,7,0,1,1,0,0,0,15,7,2,1,18.717193521821944,0,0,350,350,8750,9456,700,732,700,664,4900,5280,700,732,1,0,0,0,0,9141.66,8748.497142857143,0,0,0,0,350,4245,10486,3850,9800
1025,6,374,1025,3,194,1024,3,180,60,62.33333333333333,2.9439202887759484,66,62,64.66666666666667,2.309401076758505,66,60,60,0,60,0,205,279.800822,514,510,512.5,3.5355339059327378,515,510,512,2.8284271247461903,514,3,0,0,0,3,0,3,0,3,0,0,0,0,0,0,0,0,0,0,0,3,0,3,0,2.8284271247461903,0,0,197,350,2254,1200,302,60,138,960,318,60,440,1020,1,0,0,197,350,316.84263959390864,932.3057142857144,0,0,0,0,197,1110,2190,1192,2543
4204,10,2070,4204,9,1996,0,1,74,66,207,116.21244913232546,297,66,221.77777777777777,112.85696453672873,297,74,74,0,74,0,467.1111111111111,557.7502677,1604,0,525.5,566.0913606224958,1604,0,0,0,0,3,0,0,0,8,6,0,0,2,0,0,0,7,6,0,0,1,0,0,0,1,0,0,0,112.89633888365616,0,0,350,350,701,701,0,0,42,42,555,555,255,255,1,0,0,350,350,1003.2971428571428,1003.2971428571428,0,0,0,0,350,810,949,810,949
3002,3,222,3002,3,222,0,0,0,74,74,0,74,74,74,0,74,0,0,0,0,998,1501,711.3494218736668,2004,998,1501,711.3494218736668,2004,0,0,0,0,3,0,0,0,0,0,0,0,3,0,0,0,0,0,0,0,0,0,0,0,0,0,0,0,42.72391992003231,0,0,350,350,599,687,2,6,0,0,164,214,911,912,2,0,0,350,349,1813.8257142857144,1809.357142857143,0,0,0,0,350,1116,1452,1077,1365
8799,28,2152,8799,11,846,8799,17,1306,60,76.85714285714288,12.246584665890976,100,66,76.90909091,7.647934955980541,85,60,76.82352941176471,14.714938388070331,100,0,325.8888888888888,921.5113561357664,3024,0,879.9,1412.6218688822726,3069,0,549.9375000000001,1157.8016795490782,3024,2,0,0,0,25,14,2,2,1,0,0,0,10,7,0,1,1,0,0,0,15,7,2,1,18.26426383223077,0,0,350,350,8751,9759,701,744,701,656,4900,5456,700,744,1,0,0,0,0,8944.491429,8404.937142857143,0,0,0,0,350,4415,10787,3851,9802
370,12,13115,370,7,1182,358,5,11933,66,1092.9166666666667,2313.732972,7306,66,168.85714285714286,172.9541640352809,422,66,2386.6,3330.247709,7306,0,33.63636363636363,70.72520445678856,209,0,61.66666666666666,92.64268274756871,209,0,89.5,109.14669028422254,222,2,0,0,0,11,3,1,1,1,0,0,0,6,2,1,0,1,0,0,0,5,1,0,1,3564.6192877594467,0,0,350,350,3900,3900,447,447,585,585,730,730,737,737,2,0,0,350,350,419.0571428571429,419.0571428571429,0,0,0,0,350,2616,4695,2616,4695
1,4,704,0,2,224,0,2,480,112,176,73.90083446,240,112,112,0,112,240,240,0,240,0,0.3333333333333333,0.5773502691896258,1,0,0,0,0,0,0,0,0,0,0,0,0,0,0,0,0,0,0,0,0,0,0,0,0,0,0,0,0,0,0,0,0,73.90083446,344,348,6,2,178,66,12,0,6,4,104,36,24,8,10,0,0,0,0,382.08,744.7428571428571,341,348,0,0,342,884,1666,961,1802
3231,6,427,3231,4,295,3201,2,132,66,71.16666666666667,12.655697004379755,97,66,73.75,15.499999999999998,97,66,66,0,66,0,646.2,1411.485812893633,3171,0,1077,1839.4991166075613,3201,3201,3201,0,3201,0,0,0,0,6,1,0,2,0,0,0,0,4,1,0,1,0,0,0,0,2,0,0,1,15.5,0,0,24,24,85,85,4,4,0,0,14,14,4,4,1,0,0,24,24,296.0833333333333,296.0833333333333,0,0,0,0,24,46,87,46,87
3002,3,222,3002,3,222,0,0,0,74,74,0,74,74,74,0,74,0,0,0,0,998,1501,711.3494218736668,2004,998,1501,711.3494218736668,2004,0,0,0,0,3,0,0,0,0,0,0,0,3,0,0,0,0,0,0,0,0,0,0,0,0,0,0,0,42.72391992003231,0,0,350,350,599,687,2,6,0,0,164,214,911,912,2,0,0,350,349,1813.8257142857144,1809.357142857143,0,0,0,0,350,1116,1452,1077,1365
0,2,134,0,1,74,0,1,60,60,67,9.899494936611664,74,74,74,0,74,60,60,0,60,0,0,0,0,0,0,0,0,0,0,0,0,1,0,0,0,1,0,1,0,1,0,0,0,0,0,0,0,0,0,0,0,1,0,1,0,8.082903768654761,0,0,350,350,364,364,0,0,354,354,0,0,359,359,350,0,0,3,3,589.7457142857143,589.7457142857143,1,1,0,0,11,364,718,364,718
214,11,989,214,6,556,213,5,433,60,89.90909090909092,64.40256911871535,250,60,92.66666666666669,77.11463328491335,250,60,86.6,53.95183036746761,183,0,21.4,66.97130397084678,212,0,42.8,94.58699699218704,212,0,53.24999999999999,105.83438319689245,212,2,0,0,0,10,3,0,2,1,0,0,0,5,1,0,1,1,0,0,0,5,2,0,1,94.40471386535738,0,0,84,350,1130,4945,168,700,0,0,180,749,168,700,1,0,0,84,350,108.53571428571428,109.66857142857144,0,0,0,0,84,2481,5295,575,1214
13769,55,8399,13769,22,3468,13769,33,4931,66,152.70909090909092,188.07117178495395,1042,66,157.63636363636363,137.9408242532681,706,66,149.42424242424244,217.19447367264988,1042,0,254.98148148148147,714.0203076,2653,0,655.6666666666666,1068.060032644857,2702,0,430.28125,890.9914461185649,2653,2,0,0,0,54,31,0,2,1,0,0,0,21,16,0,1,1,0,0,0,33,15,0,1,486.2482219333386,0,0,350,350,18927,18885,701,773,0,14,10850,10688,700,772,3,0,0,0,0,12394.245714285717,11091.98,0,0,0,0,350,7964,19283,7735,19277
0,1,297,0,1,297,0,0,0,297,297,0,297,297,297,0,297,0,0,0,0,0,0,0,0,0,0,0,0,0,0,0,0,0,0,0,0,1,1,0,0,0,0,0,0,1,1,0,0,0,0,0,0,0,0,0,0,171.47302994931886,0,0,350,350,666,849,0,20,9,7,468,528,238,254,1,0,0,350,346,927.3314285714284,928.48,0,0,0,0,350,807,1070,706,881
12743,55,8399,12743,22,3468,12743,33,4931,66,152.70909090909092,188.07117178495395,1042,66,157.63636363636363,137.9408242532681,706,66,149.42424242424244,217.19447367264988,1042,0,235.9814814814815,651.3772778821501,2605,0,606.8095238095237,980.388271,2665,0,398.21875,811.6657796,2605,2,0,0,0,54,31,0,2,1,0,0,0,21,16,0,1,1,0,0,0,33,15,0,1,486.2482219333386,0,0,350,350,18862,18865,703,795,0,10,10850,10661,700,786,3,0,0,0,0,12389.07142857143,10876.502857142856,0,0,0,0,350,7987,19268,7692,19212
1,2,120,0,1,60,0,1,60,60,60,0,60,60,60,0,60,60,60,0,60,1,1,0,1,0,0,0,0,0,0,0,0,1,0,0,0,1,0,1,0,1,0,0,0,0,0,0,0,0,0,0,0,1,0,1,0,0,0,0,350,350,350,350,0,0,350,350,0,0,355,355,350,0,0,3,3,0.045714286,0.045714286,1,1,0,0,12,355,705,355,705
1,3,214,1,2,140,0,1,74,66,71.33333333333333,4.618802153517004,74,66,70,5.656854249492381,74,74,74,0,74,0,0.5,0.7071067811865476,1,1,1,0,1,0,0,0,0,2,0,0,0,2,0,0,0,1,0,0,0,1,0,0,0,1,0,0,0,1,0,0,0,4,0,3,37,117,417,38462,36,346,1,1,197,2473,44,348,1,0,0,37,37,1490.2972972972973,1025.0333333333333,0,0,0,0,37,23876,38650,276,440
156,12,12730,156,6,731,145,6,11999,66,1060.8333333333333,2066.407195344058,7306,66,121.83333333333331,132.8825296,393,66,1999.8333333333333,2694.4938238316054,7306,0,14.181818181818182,39.64799662484394,133,0,31.2,63.22736749224975,144,0,29,58.36951259004995,133,2,0,0,0,11,2,1,1,1,0,0,0,5,1,1,0,1,0,0,0,6,1,0,1,3568.8306558311224,0,0,350,350,3949,3949,452,452,612,612,728,728,730,730,2,0,0,350,350,330.9714285714286,330.9714285714286,0,0,0,0,350,2655,4732,2655,4732
69,7,2778,69,4,732,68,3,2046,66,396.8571428571428,686.9088800734851,1906,66,183,228.6977627058617,526,66,682,1060.0226412676288,1906,0,11.5,27.19374928177429,67,0,23,38.97435053981015,68,1,34,46.66904755831214,67,2,0,0,0,6,2,0,0,1,0,0,0,3,1,0,0,1,0,0,0,3,1,0,0,870.7659463560419,0,1,350,349,2010,4178,308,402,1,1,812,2058,308,400,1,0,0,350,319,745.2971428571428,777.0485714285714,0,0,0,0,350,2476,4381,1425,2165
1,3,198,1,2,132,0,1,66,66,66,0,66,66,66,0,66,66,66,0,66,0,0.5,0.7071067811865476,1,1,1,0,1,0,0,0,0,0,0,0,0,3,0,0,2,0,0,0,0,2,0,0,1,0,0,0,0,1,0,0,1,0,0,1,350,349,3357,3811,300,328,0,0,1720,1984,314,336,1,0,0,350,341,885.7428571428571,884.0114285714286,0,0,0,0,350,2523,3981,2319,3514
1,3,214,1,2,140,0,1,74,66,71.33333333333333,4.618802153517004,74,66,70,5.656854249492381,74,74,74,0,74,0,0.5,0.7071067811865476,1,1,1,0,1,0,0,0,0,2,0,0,0,2,0,0,0,1,0,0,0,1,0,0,0,1,0,0,0,1,0,0,0,4,0,1,350,349,3309,4106,296,336,0,0,1690,2144,320,354,1,0,0,350,337,881.4171428571428,885.4742857142858,0,0,0,0,350,2667,4285,2290,3469
6,13,12777,6,7,778,3,6,11999,60,982.8461538461538,1910.0799218075424,5858,60,111.14285714285715,118.6246581609807,380,66,1999.8333333333333,2536.6035887908592,5858,0,0.5,1,3,0,1,1.2649110640673518,3,0,0.6,1.3416407864998738,3,2,0,0,0,11,2,2,1,1,0,0,0,5,1,2,0,1,0,0,0,6,1,0,1,2848.5900605972306,0,0,350,350,4128,4128,542,542,600,600,727,727,714,714,2,0,0,350,350,97.95142857142856,97.95142857142856,0,0,0,0,350,2653,4869,2653,4869
5,7,3098,5,4,871,4,3,2227,66,442.57142857142856,758.3675136200692,2087,66,217.75000000000003,298.19051516326493,665,66,742.3333333333334,1164.5223627450584,2087,0,0.8333333333333334,1.1690451944500122,3,0,1.6666666666666667,2.0816659994661326,4,1,2,1.4142135623730951,3,2,0,0,0,6,2,0,0,1,0,0,0,3,1,0,0,1,0,0,0,3,1,0,0,953.4397376516952,0,2,350,348,2020,4400,302,408,1,1,812,2172,316,420,1,0,0,350,314,734.0085714285714,757.8657142857143,0,0,0,0,350,2587,4615,1429,2179
0,1,74,0,1,74,0,0,0,74,74,0,74,74,74,0,74,0,0,0,0,0,0,0,0,0,0,0,0,0,0,0,0,1,0,0,0,0,0,0,0,1,0,0,0,0,0,0,0,0,0,0,0,0,0,0,0,42.72391992003231,0,0,350,350,38,38,0,0,0,0,30,30,348,348,2,0,0,350,350,36.61714285714286,36.61714285714286,0,0,0,0,350,378,382,378,382
82916,28,24886,82916,16,1000,75051,12,23886,60,888.7857142857142,2208.950821127245,10189,60,62.5,4.926120853842977,74,60,1990.5000000000005,3107.9940183632625,10189,0,3070.9629629629626,13426.548976622858,69704,0,5527.733333333333,17895.334585411067,69704,0,6822.818181818182,22381.96673135845,74304,4,0,0,0,26,4,2,3,2,0,0,0,14,2,2,0,2,0,0,0,12,2,0,3,5062.170968731367,0,0,350,350,8871,8871,909,909,700,700,1425,1425,1400,1400,350,0,0,350,350,81686.74571428572,81686.74571428572,0,0,0,0,350,5717,9571,5717,9571
567,14,3134,567,7,2714,566,7,420,60,223.85714285714283,350.8589146964603,1142,60,387.7142857142857,451.7442913440133,1142,60,60,0,60,0,43.61538461538461,148.08811479517777,536,0,94.5,216.97442245573555,537,0,94.33333333333331,216.56284692131905,536,0,0,0,0,14,7,0,0,0,0,0,0,7,7,0,0,0,0,0,0,7,0,0,0,541,0,0,87,119,12459,18562,0,0,17,44,6227,6426,25,59,1,0,0,0,0,3018.9540229885056,2362.537815,0,0,0,0,0,10295,18611,6250,12479
3169,11,12269,3169,7,440,1824,4,11829,60,1115.3636363636365,2425.904131359163,7269,60,62.85714285714286,5.398412465054624,74,60,2957.25,3536.729315342072,7269,0,316.9,674.6619647398738,1818,0,528.1666666666667,830.0837106380698,1823,0,608,1047.8950329112167,1818,2,0,0,0,10,2,1,1,1,0,0,0,6,1,1,0,1,0,0,0,4,1,0,1,3602.172712405667,0,0,350,350,4206,4206,442,442,350,350,723,723,700,700,350,0,0,350,350,8294.654285714285,8294.654285714285,0,0,0,0,350,2697,4556,2697,4556
8700,28,2158,8700,11,852,8700,17,1306,60,77.07142857142858,12.451174484029451,100,66,77.45454545454547,8.477778439705016,91,60,76.82352941176471,14.714938388070331,100,0,322.22222222222223,912.8669687112698,2996,0,870,1400.766536182561,3038,0,543.75,1147.151864401571,2996,2,0,0,0,25,14,2,2,1,0,0,0,10,7,0,1,1,0,0,0,15,7,2,1,19.27649691550136,0,0,350,350,8750,9576,700,734,700,666,4900,5354,700,734,1,0,0,0,0,8877.851428571428,8489.145714285714,0,0,0,0,350,4306,10609,3850,9800
7973,28,2161,7973,11,855,7973,17,1306,60,77.17857142857144,12.50793399000861,100,66,77.72727272727272,8.684364214965989,89,60,76.82352941176471,14.714938388070331,100,0,295.2962962962963,838.5267673730755,2910,0,797.3000000000001,1289.399950881546,2955,0,498.3125,1053.966648349621,2910,2,0,0,0,25,14,2,2,1,0,0,0,10,7,0,1,1,0,0,0,15,7,2,1,18.89223826513594,0,0,350,350,8750,9495,700,728,700,652,4900,5300,700,728,1,0,0,0,0,9076.622857142856,8513.208571428571,0,0,0,0,350,4280,10511,3850,9800
1,5,349,1,3,186,0,2,163,60,69.8,15.498387012847497,97,60,62,3.4641016151377544,66,66,81.5,21.920310216782973,97,0,0.25,0.5,1,0,0.5,0.7071067811865476,1,0,0,0,0,0,0,0,0,3,1,2,2,0,0,0,0,1,0,2,1,0,0,0,0,2,1,0,1,16.740669042783207,0,1,120,349,6002,1523,213,409,200,142,3172,371,0,0,105,0,0,0,0,804.25,531.4571428571429,0,0,0,0,0,946,1639,4346,6202
9055,28,2161,9055,11,855,9055,17,1306,60,77.17857142857143,12.637550077355655,100,66,77.72727272727272,9.177046465,95,60,76.82352941176471,14.714938388070331,100,0,335.37037037037044,955.1115178,3344,0,905.5,1465.855552,3387,0,565.9374999999999,1200.846671797306,3344,2,0,0,0,25,14,2,2,1,0,0,0,10,7,0,1,1,0,0,0,15,7,2,1,20.17217555611359,0,0,350,350,8751,9687,701,739,701,663,4900,5428,700,738,1,0,0,0,0,9104.922857142858,8647.537142857143,0,0,0,0,350,4357,10719,3851,9802
567,12,1869,567,6,1509,566,6,360,60,155.75,231.69067348906853,875,60,251.5,309.99016113418827,875,60,60,0,60,0,51.54545454545455,163.0805713,543,1,113.4,240.8345905388177,544,1,113.2,240.3876036737336,543,0,0,0,0,12,6,0,0,0,0,0,0,6,6,0,0,0,0,0,0,6,0,0,0,407.5,0,0,74,106,12237,18340,0,0,17,44,6116,6315,25,59,1,0,0,0,0,3390.459459,2541.3867924528304,0,0,0,0,0,10184,18389,6139,12257
0,2,120,0,1,60,0,1,60,60,60,0,60,60,60,0,60,60,60,0,60,0,0,0,0,0,0,0,0,0,0,0,0,1,0,0,0,1,0,1,0,1,0,0,0,0,0,0,0,0,0,0,0,1,0,1,0,0,0,0,350,350,350,350,0,0,350,350,0,0,350,350,350,0,0,0,0,0.048571429,0.048571429,0,0,0,0,0,350,700,350,700
0,2,134,0,1,74,0,1,60,60,67,9.899494936611664,74,74,74,0,74,60,60,0,60,0,0,0,0,0,0,0,0,0,0,0,0,1,0,0,0,1,0,1,0,1,0,0,0,0,0,0,0,0,0,0,0,1,0,1,0,8.082903768654761,0,0,350,350,350,350,0,0,350,350,0,0,350,350,350,0,0,0,0,0.057142857,0.057142857,0,0,0,0,0,350,700,350,700
11904,52,8201,11904,20,3336,11904,32,4865,66,157.71153846153845,192.31126082661925,1042,66,166.80000000000004,141.62723496633876,706,66,152.03125,220.1445982830963,1042,0,233.4117647058824,619.0609397,2212,0,626.5263157894738,934.0601555943844,2263,0,384.0000000000001,760.9911519,2212,2,0,0,0,51,31,0,2,1,0,0,0,19,16,0,1,1,0,0,0,32,15,0,1,486.2482219333386,0,0,350,350,18794,18663,708,761,0,18,10702,10519,700,754,3,0,0,0,0,12029.66,10841.705714285714,0,0,0,0,350,7923,19058,7730,19144
1,4,352,0,2,160,0,2,192,80,88,9.237604307034012,96,80,80,0,80,96,96,0,96,0,0.3333333333333333,0.5773502691896258,1,0,0,0,0,0,0,0,0,0,0,0,0,0,0,0,0,0,0,0,0,0,0,0,0,0,0,0,0,0,0,0,0,9.237604307034012,348,345,2,5,43,174,0,6,2,6,32,108,4,20,9,0,0,0,0,36.44571428571429,24.65428571428572,347,340,0,0,349,864,1658,957,1747
1,3,198,1,2,132,0,1,66,66,66,0,66,66,66,0,66,66,66,0,66,0,0.5,0.7071067811865476,1,1,1,0,1,0,0,0,0,0,0,0,0,3,0,0,2,0,0,0,0,2,0,0,1,0,0,0,0,1,0,0,1,0,0,1,350,349,1991,2949,304,352,0,0,819,1353,300,352,1,0,0,350,333,736.3314285714285,744.5628571428572,0,0,0,0,350,1883,3127,1419,2141
1,3,214,1,2,140,0,1,74,66,71.33333333333333,4.618802153517004,74,66,70,5.656854249492381,74,74,74,0,74,0,0.5,0.7071067811865476,1,1,1,0,1,0,0,0,0,2,0,0,0,2,0,0,0,1,0,0,0,1,0,0,0,1,0,0,0,1,0,0,0,4,0,1,350,349,3336,3841,300,334,0,0,1704,1996,316,344,1,0,0,350,339,874.9428571428572,873.4542857142857,0,0,0,0,350,2535,4015,2305,3494
554,12,1895,554,6,1535,553,6,360,60,157.91666666666666,239.03345461303616,901,60,255.8333333333333,320.45431291631365,901,60,60,0,60,0,50.36363636363636,159.1742898,530,0,110.8,235.0440384268446,531,1,110.6,234.5768530780477,530,0,0,0,0,12,6,0,0,0,0,0,0,6,6,0,0,0,0,0,0,6,0,0,0,420.5,0,0,97,129,12615,18718,0,0,17,44,6306,6505,25,59,1,0,0,0,0,2801.4123711340208,2249.844961,0,0,0,0,0,10374,18767,6329,12635
5313,14,1729,5313,8,1171,5210,6,558,66,123.5,139.6081053410692,583,66,146.375,178.96602830066462,583,66,93,62.29927768441621,220,0,408.6923076923077,1337.9571732443071,4858,0,759,1871.7051049778115,5002,0,1042,2191.7033330266213,4961,2,0,0,0,13,4,0,2,1,0,0,0,7,3,0,1,1,0,0,0,6,1,0,1,243.8884649452149,0,0,3,3,44,44,6,6,0,0,13,13,6,6,1,0,0,3,3,5318,5318,0,0,0,0,3,27,47,27,47
13249,52,8201,13248,20,3336,13249,32,4865,66,157.71153846153845,192.31126082661925,1042,66,166.80000000000004,141.62723496633876,706,66,152.03125,220.1445982830963,1042,0,259.7843137254901,704.8714298,2617,0,697.2631578947368,1065.352150548523,2659,0,427.3870967741936,868.4120633823306,2617,2,0,0,0,51,31,0,2,1,0,0,0,19,16,0,1,1,0,0,0,32,15,0,1,486.2482219333386,0,0,350,350,18927,18933,701,775,0,22,10850,10711,700,778,3,0,0,0,0,12413.694285714286,11000.102857142858,0,0,0,0,350,8020,19340,7732,19277
3004,3,222,3004,3,222,0,0,0,74,74,0,74,74,74,0,74,0,0,0,0,1000,1502,709.9352083112938,2004,1000,1502,709.9352083112938,2004,0,0,0,0,3,0,0,0,0,0,0,0,3,0,0,0,0,0,0,0,0,0,0,0,0,0,0,0,42.72391992003231,0,0,349,349,201,1426,42,99,0,0,146,769,938,1006,2,1,1,349,330,2737.534285714285,2740.7742857142857,0,0,0,0,349,1707,2382,1094,1123
9103,28,2167,9103,11,861,9103,17,1306,60,77.39285714285714,12.75797291954615,100,66,78.27272727272727,9.571738704,95,60,76.82352941176471,14.714938388070331,100,0,337.1481481481481,960.231771,3466,0,910.3,1472.9258901172786,3511,0,568.9375,1207.2910982167198,3466,2,0,0,0,25,14,2,2,1,0,0,0,10,7,0,1,1,0,0,0,15,7,2,1,20.17217555611359,0,0,350,350,8751,9566,701,737,701,657,4900,5302,700,736,1,0,0,0,0,9167.82,8644.9,0,0,0,0,350,4338,10591,3851,9802
11,12,12716,11,6,717,6,6,11999,66,1059.6666666666667,1539.0115088076582,4410,66,119.5,127.16878547819825,379,66,1999.8333333333333,1753.071637631123,4410,0,1,2,5,0,2.2,3.033150178,6,0,1.2,2.167948339,5,2,0,0,0,11,2,1,1,1,0,0,0,5,1,1,0,1,0,0,0,6,1,0,1,2124.962176133966,0,0,350,350,4032,4183,500,506,606,604,730,824,725,729,2,0,0,350,348,206.16571428571427,212.4171428571429,0,0,0,0,350,2739,4951,2665,4798
8753,28,2156,8753,11,850,8753,17,1306,60,77.00000000000001,12.346839451634755,100,66,77.27272727272728,8.063385257953499,86,60,76.82352941176471,14.714938388070331,100,0,324.1851851851852,930.9122505551304,3316,0,875.3,1431.898122539915,3359,0,547.0625,1171.3513830187762,3316,2,0,0,0,25,14,2,2,1,0,0,0,10,7,0,1,1,0,0,0,15,7,2,1,18.40289832245635,0,0,350,350,8750,9625,700,742,700,658,4900,5366,700,742,1,0,0,0,0,9028.454285714286,8542.474285714286,0,0,0,0,350,4347,10654,3850,9800
0,5,349,0,3,186,0,2,163,60,69.8,15.498387012847497,97,60,62,3.4641016151377544,66,66,81.5,21.920310216782973,97,0,0,0,0,0,0,0,0,0,0,0,0,0,0,0,0,3,1,2,2,0,0,0,0,1,0,2,1,0,0,0,0,2,1,0,1,16.740669042783207,0,0,85,350,5866,1566,143,375,132,77,3121,372,0,0,70,0,0,0,0,1083.4352941176471,840.6542857142857,0,0,0,0,0,928,1608,4228,5998
12572,54,8349,12572,22,3484,12572,32,4865,66,154.6111111111111,189.50645099455969,1042,66,158.36363636363637,138.09539334220264,706,66,152.03125,220.1445982830963,1042,0,237.2075471698113,646.8085366001811,2324,0,598.6666666666667,961.6265040717904,2398,0,405.54838709677415,809.2397188600206,2324,2,0,0,0,53,31,0,2,1,0,0,0,21,16,0,1,1,0,0,0,32,15,0,1,486.2482219333386,0,6,350,344,9522,18861,702,1283,625,0,5315,9721,704,1254,3,0,0,1,0,9197.9,1472.2914285714285,0,0,0,0,350,9864,19512,4149,10499
12146,59,8663,12145,25,3666,12145,34,4997,66,146.83050847457628,182.79705654296376,1042,66,146.64,132.5628404443216,706,66,146.9705882352941,214.3563282769388,1042,0,209.4137931034484,601.8448839757766,2581,0,506.0416666666667,897.0075119246636,2659,0,368.030303,764.9804525626979,2581,2,0,0,0,58,31,0,2,1,0,0,0,24,16,0,1,1,0,0,0,34,15,0,1,486.2482219333386,0,0,350,350,18867,18539,704,762,0,34,10850,10503,700,766,3,0,0,0,0,12219.76,11033.934285714286,0,0,0,0,350,7823,18954,7698,19217
9617,28,2164,9616,11,858,9617,17,1306,60,77.28571428571428,12.71294803021894,100,66,78.00000000000001,9.433981132056603,95,60,76.82352941176471,14.714938388070331,100,0,356.1851851851852,1012.1857551106924,3325,0,961.6,1550.1134868848224,3370,0,601.0625,1272.339654272134,3325,2,0,0,0,25,14,2,2,1,0,0,0,10,7,0,1,1,0,0,0,15,7,2,1,20.17217555611359,0,0,350,350,8750,9685,700,736,700,656,4900,5426,700,736,1,0,0,0,0,8936.968571428572,8432.482857142857,0,0,0,0,350,4379,10709,3850,9800
0,3,214,0,2,140,0,1,74,66,71.33333333333333,4.618802153517004,74,66,70,5.656854249492381,74,74,74,0,74,0,0,0,0,0,0,0,0,0,0,0,0,2,0,0,0,2,0,0,0,1,0,0,0,1,0,0,0,1,0,0,0,1,0,0,0,4,0,3,350,347,3250,7973,308,564,0,0,1640,4230,318,568,1,0,0,350,265,862.5571428571428,882.7028571428572,0,0,0,0,350,4505,8263,2250,3409
4587,14,12443,4587,8,500,929,6,11943,60,888.7857142857142,1673.3812007002896,4434,60,62.5,5.0990195135927845,74,60,1990.5,2175.217115600188,4434,0,352.84615384615387,1024.7645946064756,3655,0,655.2857142857142,1367.2524412467649,3655,0,185.8,414.9026391817724,928,2,0,0,0,13,2,1,1,1,0,0,0,7,1,1,0,1,0,0,0,6,1,0,1,2184.676635111018,0,0,350,350,3334,8071,290,605,346,271,549,3074,626,854,350,0,0,272,271,5496.225714285714,5581.262857142857,0,0,0,0,275,4520,8498,2068,3684
12532,55,8399,12532,22,3468,12531,33,4931,66,152.70909090909092,188.07117178495395,1042,66,157.63636363636363,137.9408242532681,706,66,149.42424242424244,217.19447367264988,1042,0,232.0740740740741,646.7114153831385,2588,0,596.7619047619046,973.9046619028942,2665,0,391.59375,806.6335403061132,2588,2,0,0,0,54,31,0,2,1,0,0,0,21,16,0,1,1,0,0,0,33,15,0,1,486.2482219333386,0,0,350,350,18948,18589,704,769,0,20,10850,10463,700,778,3,0,0,0,0,12456.5,10844.488571428572,0,0,0,0,350,7869,18994,7742,19298
0,3,198,0,2,132,0,1,66,66,66,0,66,66,66,0,66,66,66,0,66,0,0,0,0,0,0,0,0,0,0,0,0,0,0,0,0,3,0,0,2,0,0,0,0,2,0,0,1,0,0,0,0,1,0,0,1,0,0,1,350,349,1981,3104,300,360,0,0,808,1424,304,362,1,0,0,350,330,735.3714285714286,739.6428571428571,0,0,0,0,350,1963,3287,1408,2133
4199,98,12420,4182,49,9480,4199,49,2940,60,126.7346939,144.21208258432225,804,83,193.46938775510205,181.4798085693484,804,60,60,0,60,0,43.288659793814425,300.68227828428263,2814,0,87.12499999999999,426.0922697,2814,0,87.47916666666667,425.2636723799711,2815,0,0,0,0,98,49,0,0,0,0,0,0,49,49,0,0,0,0,0,0,49,0,0,0,368.3262819837868,0,0,30,33,5133,5152,0,0,15,18,2559,2565,23,29,1,0,0,0,0,3192.8,2947.878787878788,0,0,0,0,0,2593,5174,2580,5152
4852,48,21528,4852,32,9080,4804,16,12448,66,448.5,362.93941819068885,1134,66,283.75,232.0482430374645,668,429,778,357.4121803557717,1134,0,103.23404255319149,269.62310350996626,966,1,156.51612903225805,320.7934819545374,966,5,320.26666666666665,436.5976354014017,1005,0,0,0,0,48,32,0,0,0,0,0,0,32,16,0,0,0,0,0,0,16,16,0,0,447.7814757222545,0,0,350,350,3365,4065,296,336,0,0,1728,2110,318,356,1,0,0,350,335,880.9514285714286,870.5657142857143,0,0,0,0,350,2657,4243,2326,3524
0,1,297,0,1,297,0,0,0,297,297,0,297,297,297,0,297,0,0,0,0,0,0,0,0,0,0,0,0,0,0,0,0,0,0,0,0,1,1,0,0,0,0,0,0,1,1,0,0,0,0,0,0,0,0,0,0,171.47302994931886,0,0,350,350,653,799,0,16,22,20,508,568,275,291,1,0,0,350,346,1004.9371428571428,1013.1857142857144,0,0,0,0,350,861,1060,783,908
19,13,12848,19,7,849,11,6,11999,60,988.3076923076922,1714.6729709877325,5858,60,121.28571428571428,145.4472576637482,451,66,1999.8333333333333,2179.592477199962,5858,0,1.5833333333333337,3.752776749732568,11,0,3.1666666666666665,4.9966655548141965,11,0,2.2,4.919349550499537,11,2,0,0,0,11,2,2,1,1,0,0,0,5,1,2,0,1,0,0,0,6,1,0,1,2838.732977345116,0,0,350,350,4050,4050,516,516,765,765,705,705,700,700,2,0,0,350,350,22.30857142857143,22.30857142857143,0,0,0,0,350,2764,4973,2764,4973
1,3,198,1,2,132,0,1,66,66,66,0,66,66,66,0,66,66,66,0,66,0,0.5,0.7071067811865476,1,1,1,0,1,0,0,0,0,0,0,0,0,3,0,0,2,0,0,0,0,2,0,0,1,0,0,0,0,1,0,0,1,0,0,4,350,346,2601,6818,304,534,0,0,1202,3516,320,538,1,0,0,350,273,835.3285714285714,856.54,0,0,0,0,350,3829,7095,1822,2761
1,3,214,1,2,140,0,1,74,66,71.33333333333333,4.618802153517004,74,66,70,5.656854249492381,74,74,74,0,74,0,0.5,0.7071067811865476,1,1,1,0,1,0,0,0,0,2,0,0,0,2,0,0,0,1,0,0,0,1,0,0,0,1,0,0,0,1,0,0,0,4,0,1,350,349,3310,3654,298,316,0,0,1691,1887,316,334,1,0,0,350,343,839.2371428571429,842.96,0,0,0,0,350,2452,3823,2289,3468
123,4,504,0,2,158,0,2,346,79,126,54.270925303824825,173,79,79,0,79,173,173,0,173,0,41,71.01408311032397,123,0,0,0,0,0,0,0,0,0,0,0,0,0,0,0,0,0,0,0,0,0,0,0,0,0,0,0,0,0,0,0,0,54.270925303824825,348,349,2,1,12,47,4,0,6,2,4,36,0,4,5,0,0,0,0,74.74,260.16857142857145,346,349,0,0,346,759,1483,704,1406
0,2,174,0,1,114,0,1,60,60,87,38.18376618407357,114,114,114,0,114,60,60,0,60,0,0,0,0,0,0,0,0,0,0,0,0,0,0,0,0,1,1,1,0,0,0,0,0,1,1,0,0,0,0,0,0,0,0,1,0,31.176914536239792,0,0,122,154,13011,19114,0,0,18,45,6508,6707,25,59,1,0,0,0,0,2412.1803278688526,2031.0324675324675,0,0,0,0,0,10576,19164,6531,13032
9556,28,2162,9556,11,856,9555,17,1306,60,77.21428571428572,12.535452370679174,100,66,77.81818181818181,8.784283486069672,90,60,76.82352941176471,14.714938388070331,100,0,353.92592592592587,1005.122109915236,3316,0,955.6,1540.3115990676115,3359,0,597.1875,1263.4154882038342,3316,2,0,0,0,25,14,2,2,1,0,0,0,10,7,0,1,1,0,0,0,15,7,2,1,19.078784028338912,0,0,350,350,8751,9687,701,739,701,663,4900,5428,700,738,1,0,0,0,0,9076.854285714286,8596.957142857143,0,0,0,0,350,4357,10719,3851,9802
3002,3,222,3002,3,222,0,0,0,74,74,0,74,74,74,0,74,0,0,0,0,998,1501,711.3494218736668,2004,998,1501,711.3494218736668,2004,0,0,0,0,3,0,0,0,0,0,0,0,3,0,0,0,0,0,0,0,0,0,0,0,0,0,0,0,42.72391992003231,0,0,350,350,683,758,0,8,50,50,546,578,199,201,1,0,0,350,348,781.3142857142857,764.5885714285714,0,0,0,0,350,780,960,745,887
0,2,134,0,1,74,0,1,60,60,67,9.899494936611664,74,74,74,0,74,60,60,0,60,0,0,0,0,0,0,0,0,0,0,0,0,1,0,0,0,1,0,1,0,1,0,0,0,0,0,0,0,0,0,0,0,1,0,1,0,8.082903768654761,0,0,350,350,351,351,0,0,351,351,0,0,351,351,350,0,0,0,0,157.90857142857143,157.90857142857143,0,0,0,0,1,351,702,351,702
96750,24,24658,96750,15,940,92789,9,23718,60,1027.4166666666667,2517.916407713307,8814,60,62.66666666666666,5.052109413285654,74,60,2635.333333333333,3684.218200649902,8814,0,4206.521739130436,16882.92358048528,80980,0,6910.714285714285,21499.786190094543,80980,0,11598.625,32139.36293233624,91133,4,0,0,0,22,4,2,2,2,0,0,0,13,2,2,0,2,0,0,0,9,2,0,2,4374.671645,0,0,350,350,6494,6494,669,669,528,528,1070,1070,1056,1056,350,0,0,350,350,54191.26571428571,54191.26571428571,0,0,0,0,350,4182,7022,4182,7022
0,4,353,0,2,233,0,2,120,60,88.25,42.05056480001191,149,84,116.5,45.96194077712559,149,60,60,0,60,0,0,0,0,0,0,0,0,0,0,0,0,0,0,0,0,4,2,0,0,0,0,0,0,2,2,0,0,0,0,0,0,2,0,0,0,42.05056480001191,0,0,21,24,3082,3101,0,0,15,18,1533,1539,23,29,1,0,0,0,0,2727.5238095238096,2448.9166666666665,0,0,0,0,0,1567,3123,1554,3101
173,14,12880,173,7,815,161,7,12065,60,920,2015.678278663766,7306,60,116.42857142857144,135.26745992398065,423,66,1723.571428571429,2697.792422033421,7306,0,13.30769230769231,37.52640096293234,137,0,28.833333333333336,59.162206404652174,149,0,26.833333333333336,54.28965524542099,137,2,0,0,0,11,2,2,2,1,0,0,0,4,1,2,1,1,0,0,0,7,1,0,1,3565.541789125462,0,0,350,350,3730,3730,449,449,582,582,656,656,674,674,2,0,0,350,350,129.49714285714285,129.49714285714285,0,0,0,0,350,2424,4478,2424,4478
169,14,12858,169,7,793,158,7,12065,60,918.4285714285714,1667.1224270620282,5858,60,113.28571428571428,126.95762322616982,401,66,1723.571428571429,2119.6927337975867,5858,0,13,36.959437225152655,135,0,28.166666666666668,57.96349425859924,146,0,26.33333333333333,53.53378995239051,135,2,0,0,0,11,2,2,2,1,0,0,0,4,1,2,1,1,0,0,0,7,1,0,1,2845.6320182576897,0,0,350,350,4026,4026,463,463,608,608,747,747,741,741,2,0,0,350,350,358.3485714285714,358.3485714285714,0,0,0,0,350,2681,4822,2681,4822
0,1,74,0,1,74,0,0,0,74,74,0,74,74,74,0,74,0,0,0,0,0,0,0,0,0,0,0,0,0,0,0,0,1,0,0,0,0,0,0,0,1,0,0,0,0,0,0,0,0,0,0,0,0,0,0,0,42.72391992003231,0,0,350,350,34,34,1,1,0,0,26,26,353,353,2,0,0,350,350,39.47142857142857,39.47142857142857,0,0,0,0,350,379,383,379,383
1,3,180,1,2,120,0,1,60,60,60,0,60,60,60,0,60,60,60,0,60,0,0.5,0.7071067811865476,1,1,1,0,1,0,0,0,0,2,0,0,0,1,0,1,0,1,0,0,0,0,0,1,0,1,0,0,0,1,0,0,0,0,0,0,350,350,350,350,0,0,350,350,0,0,352,352,350,0,0,0,0,0.054285714,0.054285714,0,0,0,0,3,352,702,352,702
0,1,253,0,1,253,0,0,0,253,253,0,253,253,253,0,253,0,0,0,0,0,0,0,0,0,0,0,0,0,0,0,0,0,0,0,0,1,1,0,1,0,0,0,0,1,1,0,1,0,0,0,0,0,0,0,0,146.06961810497532,0,0,350,350,732,1120,112,140,37,37,455,652,42,70,1,0,0,350,343,195.9742857142857,204.54857142857145,0,0,0,0,350,731,1192,518,790
0,1,253,0,1,253,0,0,0,253,253,0,253,253,253,0,253,0,0,0,0,0,0,0,0,0,0,0,0,0,0,0,0,0,0,0,0,1,1,0,1,0,0,0,0,1,1,0,1,0,0,0,0,0,0,0,0,146.06961810497532,0,0,350,350,731,1119,94,122,29,29,440,637,36,64,1,0,0,350,343,168,176.5742857142857,0,0,0,0,350,707,1180,494,778
4994,293,65232,4994,147,56472,4960,146,8760,60,222.63481228668928,233.6843961481649,980,60,384.1632653061224,237.69005490967308,980,60,60,0,60,0,17.102739726027394,22.05560902299738,204,1,34.20547945,28.07795006964305,238,3,34.206896551724135,26.78875607614658,224,0,0,0,0,293,147,0,0,0,0,0,0,147,147,0,0,0,0,0,0,146,0,0,0,460,0,0,9,12,1479,1498,0,0,15,18,732,738,21,27,1,0,0,0,0,2883.555555555556,2287.333333333333,0,0,0,0,0,764,1519,751,1497
9111,28,2156,9111,11,850,9111,17,1306,60,77.00000000000001,12.349838805365785,100,66,77.27272727272728,8.075777474533446,87,60,76.82352941176471,14.714938388070331,100,0,337.44444444444446,957.8492467435464,3180,0,911.1,1468.4337423103418,3223,0,569.4375000000001,1203.9082450502613,3180,2,0,0,0,25,14,2,2,1,0,0,0,10,7,0,1,1,0,0,0,15,7,2,1,18.55397531527948,0,0,350,350,8750,9748,700,752,700,652,4900,5396,700,748,1,0,0,0,0,9083.251428571428,8520.737142857142,0,0,0,0,350,4430,10774,3850,9800
0,5,349,0,3,186,0,2,163,60,69.8,15.498387012847497,97,60,62,3.4641016151377544,66,66,81.5,21.920310216782973,97,0,0,0,0,0,0,0,0,0,0,0,0,0,0,0,0,3,1,2,2,0,0,0,0,1,0,2,1,0,0,0,0,2,1,0,1,16.740669042783207,0,0,86,350,5869,1562,145,377,134,79,3122,370,0,0,71,0,0,0,0,1070.8372093023256,826.4828571428571,0,0,0,0,0,927,1606,4231,6003
1016,4,296,1016,2,148,1016,2,148,74,74,0,74,74,74,0,74,74,74,0,74,0,338.66666666666663,586.5878734966598,1016,1016,1016,0,1016,1016,1016,0,1016,0,0,0,0,0,0,0,0,0,0,0,0,0,0,0,0,0,0,0,0,0,0,0,0,0,0,1,133,343,6051,1389,234,424,219,156,3186,312,6,6,116,6,6,0,0,869.4748201438849,326.1457142857143,0,0,0,0,0,899,1572,4409,6318
0,2,120,0,1,60,0,1,60,60,60,0,60,60,60,0,60,60,60,0,60,0,0,0,0,0,0,0,0,0,0,0,0,1,0,0,0,1,0,1,0,1,0,0,0,0,0,0,0,0,0,0,0,1,0,1,0,0,0,0,350,350,350,350,0,0,350,350,0,0,350,350,350,0,0,0,0,0.031428571,0.031428571,0,0,0,0,0,350,700,350,700
24,2,132,0,1,66,0,1,66,66,66,0,66,66,66,0,66,66,66,0,66,24,24,0,24,0,0,0,0,0,0,0,0,0,0,0,0,2,0,0,0,0,0,0,0,1,0,0,0,0,0,0,0,1,0,0,0,0,0,0,36,36,255,255,5,5,5,5,48,48,12,12,1,0,0,36,36,177.63888888888889,177.63888888888889,0,0,0,0,36,137,266,137,266
1,5,349,1,3,186,0,2,163,60,69.8,15.498387012847497,97,60,62,3.4641016151377544,66,66,81.5,21.920310216782973,97,0,0.25,0.5,1,0,0.5,0.7071067811865476,1,0,0,0,0,0,0,0,0,3,1,2,2,0,0,0,0,1,0,2,1,0,0,0,0,2,1,0,1,16.740669042783207,0,0,89,350,5878,1563,151,383,140,84,3125,371,0,0,74,0,0,0,0,1034.7752808988764,797.7342857142858,0,0,0,0,0,930,1613,4240,6018
0,2,120,0,1,60,0,1,60,60,60,0,60,60,60,0,60,60,60,0,60,0,0,0,0,0,0,0,0,0,0,0,0,1,0,0,0,1,0,1,0,1,0,0,0,0,0,0,0,0,0,0,0,1,0,1,0,0,0,0,350,350,350,376,0,4,350,349,0,4,350,353,350,0,0,0,0,0.037142857,0.06,0,0,0,0,1,368,727,350,700
9661,28,2149,9661,11,843,9661,17,1306,60,76.75,12.185677689022498,100,66,76.63636363636363,7.379332317665705,85,60,76.82352941176471,14.714938388070331,100,0,357.8148148148148,1016.089867203496,3300,0,966.1,1555.6221656373446,3343,0,603.8125,1277.1603511305857,3300,2,0,0,0,25,14,2,2,1,0,0,0,10,7,0,1,1,0,0,0,15,7,2,1,18.26426383223077,0,0,350,350,8751,9690,701,736,701,656,4900,5428,700,736,1,0,0,0,0,8923.031428571428,8412.394285714287,0,0,0,0,350,4378,10714,3851,9802
552,12,2071,551,6,1711,551,6,360,60,172.58333333333334,288.3487340430723,1075,60,285.16666666666663,390.5111607453322,1075,60,60,0,60,0,50.18181818181819,158.25158336131628,527,0,110.2,233.7032306152399,528,0,110.2,233.7032306152399,528,0,0,0,0,12,6,0,0,0,0,0,0,6,6,0,0,0,0,0,0,6,0,0,0,507.5,0,0,102,134,12685,18788,0,0,17,44,6341,6540,25,59,1,0,0,0,0,2691.607843137255,2186.843283582089,0,0,0,0,0,10409,18837,6364,12705
1,5,349,1,3,186,0,2,163,60,69.8,15.498387012847497,97,60,62,3.4641016151377544,66,66,81.5,21.920310216782973,97,0,0.25,0.5,1,0,0.5,0.7071067811865476,1,0,0,0,0,0,0,0,0,3,1,2,2,0,0,0,0,1,0,2,1,0,0,0,0,2,1,0,1,16.740669042783207,0,0,111,350,5975,1549,195,395,182,124,3163,382,0,0,96,0,0,0,0,869.4054054054054,679.4742857142858,0,0,0,0,0,942,1641,4319,6157
4237,9,623,4237,5,351,4237,4,272,66,69.22222222222223,3.419714088113866,74,66,70.2,2.9495762407505257,74,66,68,4.000000000000001,74,0,529.625,1002.6362305015144,2864,1,1059.25,1263.9797928237092,2864,424,1412.3333333333337,1284.2929312790495,2864,2,0,0,0,8,3,0,0,1,0,0,0,4,3,0,0,1,0,0,0,4,0,0,0,4.618802153517006,0,1,138,341,6082,1365,236,423,222,158,3194,297,17,17,117,8,8,1,1,957.2808219178082,309.2057142857143,0,0,0,0,1,894,1567,4436,6368
8876,28,2152,8876,11,846,8876,17,1306,60,76.85714285714288,12.264716891281283,100,66,76.90909091,7.725989198213331,87,60,76.82352941176471,14.714938388070331,100,0,328.7407407407407,922.8705882,3092,0,887.5999999999999,1412.3185193149595,3137,0,554.7499999999999,1158.6864689523793,3092,2,0,0,0,25,14,2,2,1,0,0,0,10,7,0,1,1,0,0,0,15,7,2,1,18.55397531527948,0,0,350,350,8751,9738,701,741,701,661,4900,5456,700,740,1,0,0,0,0,9075.6,8632.78,0,0,0,0,350,4400,10769,3851,9802
655,98,25576,653,49,22636,655,49,2940,60,260.97959183673464,299.1811842721933,1325,83,461.9591836734692,313.71151551383383,1325,60,60,0,60,0,6.752577319587628,9.767112043138969,40,0,13.604166666666668,10.27647506279814,40,0,13.645833333333329,10.161440640309074,41,0,0,0,0,98,49,1,0,0,0,0,0,49,49,0,0,0,0,0,0,49,0,1,0,628.7601556502553,0,0,69,72,12208,12227,0,0,16,19,6099,6105,23,29,1,0,0,0,0,3557.072463768116,3429.6388888888887,0,0,0,0,0,6133,12249,6120,12227
1,5,349,1,3,186,0,2,163,60,69.8,15.498387012847497,97,60,62,3.4641016151377544,66,66,81.5,21.920310216782973,97,0,0.25,0.5,1,0,0.5,0.7071067811865476,1,0,0,0,0,0,0,0,0,3,1,2,2,0,0,0,0,1,0,2,1,0,0,0,0,2,1,0,1,16.740669042783207,0,1,122,349,6008,1521,217,413,204,146,3174,369,0,0,107,0,0,0,0,791.0819672131148,503.01714285714286,0,0,0,0,0,948,1641,4352,6212
102153,25,24718,102153,16,1000,91861,9,23718,60,988.72,2166.1277763173007,5894,60,62.50000000000001,4.926120853842978,74,60,2635.333333333333,3051.2724804579484,5894,0,4256.375,17626.156287232807,86355,0,6810.2,22175.95981,86355,0,11482.625,31883.137553695327,90383,4,0,0,0,23,4,2,2,2,0,0,0,14,2,2,0,2,0,0,0,9,2,0,2,2914.674138,0,0,350,350,6394,6394,628,628,524,524,1057,1057,1048,1048,350,0,0,350,350,51119.74571428572,51119.74571428572,0,0,0,0,350,4106,6918,4106,6918
1,3,198,1,2,132,0,1,66,66,66,0,66,66,66,0,66,66,66,0,66,0,0.5,0.7071067811865476,1,1,1,0,1,0,0,0,0,0,0,0,0,3,0,0,2,0,0,0,0,2,0,0,1,0,0,0,0,1,0,0,1,0,0,2,350,348,2017,4401,304,410,1,1,810,2172,314,418,1,0,0,350,314,720.1685714285715,757.8685714285714,0,0,0,0,350,2587,4615,1427,2175
0,3,198,0,2,132,0,1,66,66,66,0,66,66,66,0,66,66,66,0,66,0,0,0,0,0,0,0,0,0,0,0,0,0,0,0,0,3,0,0,2,0,0,0,0,2,0,0,1,0,0,0,0,1,0,0,1,0,0,1,350,349,3290,4065,300,336,0,0,1674,2116,318,354,1,0,0,350,337,867.5914285714285,870.7885714285715,0,0,0,0,350,2641,4244,2276,3449
1,3,198,1,2,132,0,1,66,66,66,0,66,66,66,0,66,66,66,0,66,0,0.5,0.7071067811865476,1,1,1,0,1,0,0,0,0,0,0,0,0,3,0,0,2,0,0,0,0,2,0,0,1,0,0,0,0,1,0,0,1,0,0,0,350,350,1973,2930,302,342,0,0,792,1340,304,344,1,0,0,350,337,724.4028571428571,741.1714285714286,0,0,0,0,350,1873,3102,1409,2125
1,3,214,1,2,140,0,1,74,66,71.33333333333333,4.618802153517004,74,66,70,5.656854249492381,74,74,74,0,74,0,0.5,0.7071067811865476,1,1,1,0,1,0,0,0,0,2,0,0,0,2,0,0,0,1,0,0,0,1,0,0,0,1,0,0,0,1,0,0,0,4,0,1,350,349,1975,3170,300,364,0,0,809,1473,304,364,1,0,0,350,329,738.3714285714286,748.6342857142857,0,0,0,0,350,1990,3354,1409,2127
66,9,864,66,5,496,65,4,368,60,96,70.17121917139534,250,60,99.2,84.33978894922609,250,60,92,60.06662967072483,182,0,8.25,22.530931120192463,64,0,16.5,32.33676958,65,0,21.666666666666664,36.66515148384544,64,2,0,0,0,8,2,0,2,1,0,0,0,4,1,0,1,1,0,0,0,4,1,0,1,94.24790006502354,0,0,104,350,1462,4646,208,700,0,0,221,740,208,700,1,0,0,104,350,103.35576923076924,102.94285714285714,0,0,0,0,104,2382,4996,728,1566
6,7,3098,6,4,871,6,3,2227,66,442.57142857142856,758.3675136200692,2087,66,217.75000000000003,298.19051516326493,665,66,742.3333333333334,1164.5223627450584,2087,0,1,2,5,0,2,2.6457513110645907,5,1,3,2.8284271247461903,5,2,0,0,0,6,2,0,0,1,0,0,0,3,1,0,0,1,0,0,0,3,1,0,0,953.4397376516952,0,2,350,348,2021,4186,304,396,1,1,818,2064,312,404,1,0,0,350,318,745.64,777.3914285714286,0,0,0,0,350,2483,4393,1432,2178
11,16,13020,11,9,955,3,7,12065,66,813.75,1487.916328,4421,66,106.11111111111111,117.36315908798258,419,66,1723.5714285714284,1949.231973294684,4421,0,0.7333333333333334,1.579632265825846,6,0,1.375,1.995530720671285,6,0,0.5,0.8366600265340756,2,2,0,0,0,15,2,1,1,1,0,0,0,8,1,1,0,1,0,0,0,7,1,0,1,2125.191599,0,0,350,350,4471,4471,349,349,354,354,696,696,698,698,2,0,0,350,350,5.66,5.66,0,0,0,0,350,2778,4829,2778,4829
106,12,12757,106,6,758,94,6,11999,66,1063.0833333333333,1871.226115209604,5858,66,126.33333333333334,143.90228165900172,420,66,1999.8333333333333,2361.474659,5858,0,9.636363636363638,24.679030480441195,83,0,21.2,40.89865523461621,94,0,18.8,36.20359098211115,83,2,0,0,0,11,2,1,1,1,0,0,0,5,1,1,0,1,0,0,0,6,1,0,1,2841.9037633248595,0,0,350,350,4050,4050,495,495,647,647,702,702,700,700,2,0,0,350,350,61.06285714285714,61.06285714285714,0,0,0,0,350,2631,4840,2631,4840
1,5,349,1,3,186,0,2,163,60,69.8,15.498387012847497,97,60,62,3.4641016151377544,66,66,81.5,21.920310216782973,97,0,0.25,0.5,1,0,0.5,0.7071067811865476,1,0,0,0,0,0,0,0,0,3,1,2,2,0,0,0,0,1,0,2,1,0,0,0,0,2,1,0,1,16.740669042783207,0,1,115,349,5987,1534,203,403,190,132,3167,375,0,0,100,0,0,0,0,839.1826086956522,574.44,0,0,0,0,0,944,1640,4331,6177
124,9,864,124,5,496,124,4,368,60,96,70.17121917139534,250,60,99.2,84.33978894922609,250,60,92,60.06662967072483,182,0,15.5,42.63130975502126,121,0,31,61.335144900782616,123,1,41.33333333333333,68.99516891,121,2,0,0,0,8,2,0,2,1,0,0,0,4,1,0,1,1,0,0,0,4,1,0,1,94.24790006502354,0,0,49,350,592,4199,98,700,0,0,103,729,98,700,1,0,0,49,350,102.40816326530611,96.5,0,0,0,0,49,2225,4549,316,641
11940,55,8399,11939,22,3468,11940,33,4931,66,152.70909090909092,188.07117178495395,1042,66,157.63636363636363,137.9408242532681,706,66,149.42424242424244,217.19447367264988,1042,0,221.1111111111112,618.8763606,2644,0,568.5238095238095,930.8592062738392,2701,0,373.125,772.2469415346865,2644,2,0,0,0,54,31,0,2,1,0,0,0,21,16,0,1,1,0,0,0,33,15,0,1,486.2482219333386,0,0,350,350,18814,19055,703,793,2,6,10820,10780,700,784,3,0,0,0,0,12342.117142857143,10924.985714285714,0,0,0,0,350,8082,19453,7669,19166
11887,52,8201,11887,20,3336,11887,32,4865,66,157.71153846153845,192.31126082661925,1042,66,166.80000000000004,141.62723496633876,706,66,152.03125,220.1445982830963,1042,0,233.07843137254903,618.7693865451733,2242,0,625.6315789473683,938.7324912127414,2306,0,383.45161290322585,760.7270136174421,2242,2,0,0,0,51,31,0,2,1,0,0,0,19,16,0,1,1,0,0,0,32,15,0,1,486.2482219333386,0,6,350,344,12934,19501,703,1089,406,4,7249,10397,704,1072,3,0,0,1,0,10501.15142857143,5463.4228571428575,0,0,0,0,350,9440,20063,5482,13692
67,9,863,67,5,495,66,4,368,60,95.88888889,69.89714665929583,249,60,99,83.89278872465738,249,60,92,60.06662967072483,182,0,8.375,22.481341469888186,64,0,16.75,32.170120712653016,65,0,22,36.38681079732051,64,2,0,0,0,8,2,0,2,1,0,0,0,4,1,0,1,1,0,0,0,4,1,0,1,93.85227754295578,0,0,90,350,1147,4492,180,700,0,0,190,740,180,700,1,0,0,90,350,92.63333333333334,103.5,0,0,0,0,90,2318,4842,592,1237
1,3,198,1,2,132,0,1,66,66,66,0,66,66,66,0,66,66,66,0,66,0,0.5,0.7071067811865476,1,1,1,0,1,0,0,0,0,0,0,0,0,3,0,0,2,0,0,0,0,2,0,0,1,0,0,0,0,1,0,0,1,0,0,2,350,348,2017,4401,304,410,1,1,810,2172,314,418,1,0,0,350,314,720.1685714285715,757.8685714285714,0,0,0,0,350,2587,4615,1427,2175
1029,6,374,1029,3,194,1029,3,180,60,62.33333333333333,2.9439202887759484,66,62,64.66666666666667,2.309401076758505,66,60,60,0,60,0,205.8,281.3480051466511,515,513,514.5,2.1213203435596424,516,514,514.5,0.7071067811865476,515,3,0,0,0,3,0,3,0,3,0,0,0,0,0,0,0,0,0,0,0,3,0,3,0,2.8284271247461903,0,0,331,350,2838,1050,440,0,333,1050,456,0,773,1050,1,0,0,331,350,408.73716012084594,1012.6857142857144,0,0,0,0,331,1050,2100,1681,3391
4976,325,50967,4976,163,41247,4976,162,9720,60,156.82153846153844,177.7830697930296,953,60,253.0490797546013,211.0031537907473,953,60,60,0,60,0,15.35802469135802,49.354359945415965,515,0,30.716049382716047,69.86201743399526,524,0,30.90683229813665,67.11862644250068,515,0,0,0,0,325,163,0,0,0,0,0,0,163,163,0,0,0,0,0,0,162,0,0,0,446.5,0,0,14,17,1830,1849,0,0,15,18,907,913,23,29,1,0,0,0,0,2284.8571428571427,1969.6470588235293,0,0,0,0,0,941,1871,928,1849
13150,55,8399,13150,22,3468,13150,33,4931,66,152.70909090909092,188.07117178495395,1042,66,157.63636363636363,137.9408242532681,706,66,149.42424242424244,217.19447367264988,1042,0,243.51851851851853,669.041859,2560,0,626.1904761904763,1007.5856598348162,2604,0,410.9375,833.2763139094862,2560,2,0,0,0,54,31,0,2,1,0,0,0,21,16,0,1,1,0,0,0,33,15,0,1,486.2482219333386,0,0,350,350,18866,18853,702,794,0,12,10850,10649,700,790,3,0,0,0,0,12128.31142857143,10619.914285714283,0,0,0,0,350,7999,19258,7694,19216
1630,8,1479,1630,7,1405,0,1,74,66,184.875,94.05384096356724,253,66,200.7142857142857,89.32471529148448,253,74,74,0,74,0,232.8571428571429,298.5467180478507,816,0,271.6666666666667,307.08999766626505,816,0,0,0,0,2,0,0,0,7,5,0,0,1,0,0,0,6,5,0,0,1,0,0,0,1,0,0,0,90.91158708694216,0,0,350,350,760,1148,170,198,37,37,504,701,62,90,1,0,0,350,343,284.5828571428572,293.15714285714284,0,0,0,0,350,809,1230,596,828
0,2,200,0,1,140,0,1,60,60,100,56.56854249492381,140,140,140,0,140,60,60,0,60,0,0,0,0,0,0,0,0,0,0,0,0,0,0,0,0,2,1,0,0,0,0,0,0,1,1,0,0,0,0,0,0,1,0,0,0,46.18802153517007,0,0,13,16,1505,1524,0,0,15,18,744,750,23,29,1,0,0,0,0,2077.846153846154,1781.75,0,0,0,0,0,778,1546,765,1524
12,9,5359,12,5,938,11,4,4421,66,595.4444444444445,950.6202069,2767,66,187.6,267.45616463263656,666,66,1105.25,1300.25725,2767,0,1.5,3.4641016151377544,10,0,3,5.354126134736337,11,0,3.666666666666667,5.507570547286102,10,2,0,0,0,8,2,0,0,1,0,0,0,4,1,0,0,1,0,0,0,4,1,0,0,1282.0882379930017,0,2,350,348,2016,4347,302,400,1,1,810,2154,316,414,1,0,0,350,316,734,771.16,0,0,0,0,350,2562,4559,1427,2175
5,14,12850,5,9,917,2,5,11933,66,917.8571428571428,2385.8480465232697,8765,66,101.88888888888889,104.70010081710096,381,66,2386.6,3779.337217026287,8765,0,0.3846153846153846,0.6504436355879909,2,0,0.6250000000000001,1.0606601717798212,3,0,0.5,0.5773502691896257,1,2,0,0,0,13,2,1,1,1,0,0,0,8,1,1,0,1,0,0,0,5,1,0,1,4299.564977994867,0,0,350,350,4406,4406,347,347,352,352,692,692,696,696,2,0,0,350,350,3.917142857142857,3.917142857142857,0,0,0,0,350,2692,4764,2692,4764
4900,24,20003,4900,16,4928,4897,8,15075,66,833.4583333333335,788.2414097,1933,66,307.99999999999994,260.59316951908005,651,1836,1884.375,51.716086195965865,1933,0,213.0434782608696,390.5344215140988,1042,3,326.6666666666667,447.1069968885151,1042,256,699.5714285714287,410.78658576883817,1046,0,0,0,0,24,16,0,0,0,0,0,0,16,8,0,0,0,0,0,0,8,8,0,0,913.6908667596496,0,1,350,349,2004,3235,300,356,0,0,824,1522,302,358,1,0,0,350,331,755.3571428571429,769.26,0,0,0,0,350,2026,3416,1425,2155
0,5,349,0,3,186,0,2,163,60,69.8,15.498387012847497,97,60,62,3.4641016151377544,66,66,81.5,21.920310216782973,97,0,0,0,0,0,0,0,0,0,0,0,0,0,0,0,0,3,1,2,2,0,0,0,0,1,0,2,1,0,0,0,0,2,1,0,1,16.740669042783207,0,0,102,350,5948,1562,177,379,164,108,3154,388,0,0,87,0,0,0,0,946.0588235294116,778.9257142857143,0,0,0,0,0,939,1636,4292,6112
1001,6,374,1001,3,194,1001,3,180,60,62.33333333333333,2.9439202887759484,66,62,64.66666666666667,2.309401076758505,66,60,60,0,60,0,200.2,274.1353680209834,501,500,500.5,0.7071067811865476,501,500,500.5,0.7071067811865476,501,3,0,0,0,3,0,3,0,3,0,0,0,0,0,0,0,0,0,0,0,3,0,3,0,2.8284271247461903,0,1,134,342,6054,1378,234,422,222,159,3186,307,9,9,117,7,7,1,1,878.6312056737588,320.7142857142857,0,0,0,0,1,896,1570,4415,6330
26,13,12818,26,7,819,16,6,11999,66,986,1609.4716006607057,4410,66,117,131.43946642212654,415,66,1999.8333333333333,1976.251646,4410,0,2.166666666666667,3.857303187304296,11,0,4.333333333333334,6.408327915038889,14,0,3.2,4.658325879540846,11,2,0,0,0,12,2,1,1,1,0,0,0,6,1,1,0,1,0,0,0,6,1,0,1,2120.2259903132967,0,0,350,350,3958,3958,474,474,715,715,704,704,700,700,2,0,0,350,350,17.34285714285714,17.34285714285714,0,0,0,0,350,2702,4793,2702,4793
0,2,134,0,1,74,0,1,60,60,67,9.899494936611664,74,74,74,0,74,60,60,0,60,0,0,0,0,0,0,0,0,0,0,0,0,1,0,0,0,1,0,1,0,1,0,0,0,0,0,0,0,0,0,0,0,1,0,1,0,8.082903768654761,0,0,350,350,352,352,0,0,352,352,0,0,352,352,350,0,0,0,0,157.86,157.86,0,0,0,0,1,352,704,352,704
1,3,214,1,2,140,0,1,74,66,71.33333333333333,4.618802153517004,74,66,70,5.656854249492381,74,74,74,0,74,0,0.5,0.7071067811865476,1,1,1,0,1,0,0,0,0,2,0,0,0,2,0,0,0,1,0,0,0,1,0,0,0,1,0,0,0,1,0,0,0,4,0,4,350,346,3122,7509,306,540,0,0,1544,3954,324,556,1,0,0,350,270,867.2285714285714,880.0571428571428,0,0,0,0,350,4266,7795,2166,3284
0,2,134,0,1,74,0,1,60,60,67,9.899494936611664,74,74,74,0,74,60,60,0,60,0,0,0,0,0,0,0,0,0,0,0,0,1,0,0,0,1,0,1,0,1,0,0,0,0,0,0,0,0,0,0,0,1,0,1,0,8.082903768654761,0,0,350,350,353,353,0,0,353,353,0,0,353,353,350,0,0,0,0,263.07714285714286,263.07714285714286,0,0,0,0,0,353,706,353,706
3265,10,1798,3265,9,1724,0,1,74,66,179.79999999999998,94.53841077,253,66,191.5555555555556,92.19559521895704,253,74,74,0,74,0,362.77777777777777,458.1666666666667,1371,0,408.125,467.7109722589674,1371,0,0,0,0,2,0,0,0,9,6,0,2,1,0,0,0,8,6,0,2,1,0,0,0,1,0,0,0,90.91158708694216,0,0,350,350,729,1117,87,115,29,29,435,632,34,62,1,0,0,350,343,158.67142857142858,167.24571428571429,0,0,0,0,350,699,1177,486,775
1,3,214,1,2,140,0,1,74,66,71.33333333333333,4.618802153517004,74,66,70,5.656854249492381,74,74,74,0,74,0,0.5,0.7071067811865476,1,1,1,0,1,0,0,0,0,2,0,0,0,2,0,0,0,1,0,0,0,1,0,0,0,1,0,0,0,1,0,0,0,4,0,1,350,349,3273,3340,302,306,0,0,1663,1695,314,320,1,0,0,350,347,816.9971428571429,817.5485714285714,0,0,0,0,350,2300,3502,2263,3430
4574,55,15323,4535,30,13823,4574,25,1500,60,278.6,461.5147604075888,1514,60,460.7666666666666,566.6473502454854,1514,60,60,0,60,0,84.70370370370371,529.0629891,3863,0,156.37931034482753,720.1125613299783,3864,0,190.5833333333333,790.1524848251521,3864,0,0,0,0,55,30,0,0,0,0,0,0,30,30,0,0,0,0,0,0,25,0,0,0,727,0,0,107,139,12792,18895,0,0,17,44,6397,6596,25,59,1,0,0,0,0,2629.5607476635514,2157.2374100719426,0,0,0,0,0,10465,18944,6420,12812
0,5,349,0,3,186,0,2,163,60,69.8,15.498387012847497,97,60,62,3.4641016151377544,66,66,81.5,21.920310216782973,97,0,0,0,0,0,0,0,0,0,0,0,0,0,0,0,0,3,1,2,2,0,0,0,0,1,0,2,1,0,0,0,0,2,1,0,1,16.740669042783207,0,0,109,350,5969,1551,191,391,178,120,3161,384,0,0,94,0,0,0,0,885.3486239,707.9142857142857,0,0,0,0,0,940,1639,4313,6147
1,3,214,1,2,140,0,1,74,66,71.33333333333333,4.618802153517004,74,66,70,5.656854249492381,74,74,74,0,74,0,0.5,0.7071067811865476,1,1,1,0,1,0,0,0,0,2,0,0,0,2,0,0,0,1,0,0,0,1,0,0,0,1,0,0,0,1,0,0,0,4,0,1,350,349,1991,3267,302,362,0,0,808,1526,302,366,1,0,0,350,329,733.9885714285714,731.8914285714286,0,0,0,0,350,2041,3452,1411,2142
115731,44,10500,115731,22,2047,115709,22,8453,60,238.63636363636368,426.7633781998121,1514,60,93.04545454545456,91.78778696263372,448,60,384.2272727272727,565.7645422930084,1514,0,2691.418604651163,4409.642298594114,10007,0,5511,4975.6965643013245,10031,0,5509.952380952381,4979.124777,10029,2,0,0,0,43,7,0,2,1,0,0,0,21,4,0,1,1,0,0,0,22,3,0,1,687.1242003209221,0,0,1,1,43,43,2,2,0,0,7,7,2,2,1,0,0,1,1,115731,115731,0,0,0,0,1,22,44,22,44
166,14,12880,166,8,881,149,6,11999,66,920,1460.0641187185004,4410,66,110.125,121.60408534020792,411,66,1999.8333333333333,1753.071637631123,4410,0,12.769230769230772,37.31209332,136,0,23.714285714285715,55.00519456,148,0,29.8,59.63388298610111,136,2,0,0,0,13,2,1,1,1,0,0,0,7,1,1,0,1,0,0,0,6,1,0,1,2120.7452110048484,0,0,350,350,4064,4064,489,489,642,642,757,757,738,738,2,0,0,350,350,356.6228571428572,356.6228571428572,0,0,0,0,350,2717,4908,2717,4908
8794,28,2161,8794,11,855,8794,17,1306,60,77.17857142857143,12.499047582763671,100,66,77.72727272727273,8.649750390513113,89,60,76.82352941176471,14.714938388070331,100,0,325.70370370370364,923.2257751540692,3136,0,879.4,1415.8418932446752,3180,0,549.625,1160.2332452284468,3136,2,0,0,0,25,14,2,2,1,0,0,0,10,7,0,1,1,0,0,0,15,7,2,1,18.89223826513594,0,0,350,350,8751,9426,701,733,701,661,4900,5232,700,732,1,0,0,0,0,9088.82,8580.071429,0,0,0,0,350,4260,10453,3851,9802
94990,27,24832,94990,16,1000,90078,11,23832,60,919.7037037037036,1977.535798,7269,60,62.5,4.926120853842977,74,60,2166.5454545454545,2698.49867,7269,0,3653.4615384615386,15609.405208990554,79475,0,6332.666666666665,20418.606992736048,79475,0,9007.8,28244.437606957825,89391,4,0,0,0,25,4,2,3,2,0,0,0,14,2,2,0,2,0,0,0,11,2,0,3,3602.172712405667,0,0,350,350,6640,6640,703,703,533,533,1103,1103,1066,1066,350,0,0,350,350,57441.97142857143,57441.97142857143,0,0,0,0,350,4280,7173,4280,7173
1,5,349,1,3,186,0,2,163,60,69.8,15.498387012847497,97,60,62,3.4641016151377544,66,66,81.5,21.920310216782973,97,0,0.25,0.5,1,0,0.5,0.7071067811865476,1,0,0,0,0,0,0,0,0,3,1,2,2,0,0,0,0,1,0,2,1,0,0,0,0,2,1,0,1,16.740669042783207,0,0,87,350,5872,1564,147,379,136,80,3123,371,0,0,72,0,0,0,0,1058.5402298850574,812.2628571428571,0,0,0,0,0,929,1610,4234,6008
47,4,265,47,2,145,47,2,120,60,66.25,12.499999999999998,85,60,72.5,17.67766952966369,85,60,60,0,60,0,15.666666666666668,27.13546265191241,47,47,47,0,47,47,47,0,47,0,0,0,0,4,1,0,2,0,0,0,0,2,1,0,1,0,0,0,0,2,0,0,1,12.5,0,1,1,349,4,2785,2,554,0,36,1,359,0,10,1,0,0,0,0,47,137.4142857142857,0,0,0,1,0,1594,2804,2,4
1,3,214,1,2,140,0,1,74,66,71.33333333333333,4.618802153517004,74,66,70,5.656854249492381,74,74,74,0,74,0,0.5,0.7071067811865476,1,1,1,0,1,0,0,0,0,2,0,0,0,2,0,0,0,1,0,0,0,1,0,0,0,1,0,0,0,1,0,0,0,4,0,1,350,349,1975,2920,302,354,0,0,809,1325,302,356,1,0,0,350,332,739.8457142857143,737.5057142857142,0,0,0,0,350,1872,3100,1409,2126
1,3,198,1,2,132,0,1,66,66,66,0,66,66,66,0,66,66,66,0,66,0,0.5,0.7071067811865476,1,1,1,0,1,0,0,0,0,0,0,0,0,3,0,0,2,0,0,0,0,2,0,0,1,0,0,0,0,1,0,0,1,0,0,1,350,349,3345,3944,304,334,0,0,1708,2046,314,344,1,0,0,350,339,891.3542857142858,876.6371428571429,0,0,0,0,350,2588,4118,2309,3502
4497,6,6224,4497,6,6224,0,0,0,114,1037.3333333333333,577.0114961304209,1514,114,1037.3333333333333,577.0114961304209,1514,0,0,0,0,292,899.4,925.1669038611356,2400,292,899.4,925.1669038611356,2400,0,0,0,0,0,0,0,0,6,6,0,0,0,0,0,0,6,6,0,0,0,0,0,0,0,0,0,0,739.9540526275939,0,0,70,73,12214,12233,0,0,16,19,6105,6111,23,29,1,0,0,0,0,3570.5,3444.2602739726026,0,0,0,0,0,6139,12255,6126,12233
12837,55,8399,12837,22,3468,12837,33,4931,66,152.70909090909092,188.07117178495395,1042,66,157.63636363636363,137.9408242532681,706,66,149.42424242424244,217.19447367264988,1042,0,237.72222222222217,659.7438730199937,2441,0,611.2857142857142,991.0915771,2501,0,401.1562499999999,822.5406004049381,2441,2,0,0,0,54,31,0,2,1,0,0,0,21,16,0,1,1,0,0,0,33,15,0,1,486.2482219333386,0,0,350,350,19205,19303,712,773,14,14,10803,10718,709,773,3,0,0,1,0,12592.462857142857,11503.674285714284,0,0,0,0,350,8206,19701,7961,19573
0,3,214,0,2,140,0,1,74,66,71.33333333333333,4.618802153517004,74,66,70,5.656854249492381,74,74,74,0,74,0,0,0,0,0,0,0,0,0,0,0,0,2,0,0,0,2,0,0,0,1,0,0,0,1,0,0,0,1,0,0,0,1,0,0,0,4,0,1,350,349,3352,3384,298,302,0,0,1719,1727,316,322,1,0,0,350,347,841.6171428571429,834.1171428571429,0,0,0,0,350,2330,3547,2315,3510
1,3,198,1,2,132,0,1,66,66,66,0,66,66,66,0,66,66,66,0,66,0,0.5,0.7071067811865476,1,1,1,0,1,0,0,0,0,0,0,0,0,3,0,0,2,0,0,0,0,2,0,0,1,0,0,0,0,1,0,0,1,0,0,1,350,349,3322,4258,300,356,0,0,1696,2214,316,372,1,0,0,350,331,867.7685714285715,868.5857142857143,0,0,0,0,350,2740,4446,2296,3480
0,2,120,0,1,60,0,1,60,60,60,0,60,60,60,0,60,60,60,0,60,0,0,0,0,0,0,0,0,0,0,0,0,1,0,0,0,1,0,1,0,1,0,0,0,0,0,0,0,0,0,0,0,1,0,1,0,0,0,0,350,350,349,349,0,0,349,349,0,0,350,350,350,0,0,0,0,0.051428571,0.051428571,0,0,0,0,0,350,699,350,699
13311,54,8333,13311,20,3336,13311,34,4997,66,154.3148148148148,189.45620533158657,1042,66,166.80000000000004,141.62723496633876,706,66,146.9705882352941,214.3563282769388,1042,0,251.15094339622644,683.5200575591263,2556,1,700.5789474,1050.0133499569038,2630,0,403.3636363636364,834.248345,2556,2,0,0,0,53,31,0,2,1,0,0,0,19,16,0,1,1,0,0,0,34,15,0,1,486.2482219333386,0,0,350,350,19164,18566,706,751,0,22,10937,10490,705,764,3,0,0,0,0,12638.682857142858,11205.57142857143,0,0,0,0,350,7816,18966,7856,19516
169,14,12875,169,8,876,159,6,11999,60,919.6428571428572,2169.979993071289,7306,60,109.5,127.1658085223495,424,66,1999.8333333333333,3125.695213335214,7306,0,13,36.961691880468166,135,0,24.142857142857142,54.39187614410989,147,0,31.8,58.00172411230549,135,2,0,0,0,10,2,3,2,1,0,0,0,4,1,3,1,1,0,0,0,6,1,0,1,3565.397780519494,0,0,350,350,3995,3995,502,502,646,646,763,763,730,730,2,0,0,350,350,376.9057142857143,376.9057142857143,0,0,0,0,350,2694,4861,2694,4861
0,2,120,0,1,60,0,1,60,60,60,0,60,60,60,0,60,60,60,0,60,0,0,0,0,0,0,0,0,0,0,0,0,1,0,0,0,1,0,1,0,1,0,0,0,0,0,0,0,0,0,0,0,1,0,1,0,0,0,0,350,350,350,350,0,0,350,350,0,0,355,355,350,0,0,3,3,0.06,0.06,1,1,0,0,13,355,705,355,705
1002,6,374,1002,3,194,1001,3,180,60,62.33333333333333,2.9439202887759484,66,62,64.66666666666667,2.309401076758505,66,60,60,0,60,0,200.4,273.9530981755819,501,501,501,0,501,500,500.5,0.7071067811865476,501,3,0,0,0,3,0,3,0,3,0,0,0,0,0,0,0,0,0,0,0,3,0,3,0,2.8284271247461903,0,0,281,350,2688,2205,440,278,183,633,456,284,623,911,1,0,0,281,350,297.84341637010675,644.24,0,0,0,0,281,1491,2977,1531,3091
7131,13,12383,7131,8,500,1788,5,11883,60,952.5384615384614,1729.9117807653572,4434,60,62.5,5.0990195135927845,74,60,2376.6,2204.192096891739,4434,0,594.25,1574.1794471464116,5321,0,1018.7142857142856,2012.288060416609,5321,0,447,891.3353278461854,1784,2,0,0,0,12,2,1,1,1,0,0,0,7,1,1,0,1,0,0,0,5,1,0,1,2184.676635111018,0,0,350,350,4202,4202,440,440,350,350,727,727,700,700,350,0,0,350,350,8021.688571428572,8021.688571428572,0,0,0,0,350,2698,4552,2698,4552
11198,14,12437,11198,8,500,46,6,11937,60,888.3571428571429,1684.9797810767234,5894,60,62.5,5.0990195135927845,74,60,1989.5,2198.9744655179607,5894,0,861.3846153846154,3091.0640977518174,11149,0,1599.7142857142858,4210.865537087188,11149,0,9.2,17.90809872655386,41,2,0,0,0,13,2,1,1,1,0,0,0,7,1,1,0,1,0,0,0,6,1,0,1,2914.674138,0,0,350,350,4231,4231,447,447,350,350,732,732,700,700,350,0,0,350,350,7464.0085714285715,7464.0085714285715,0,0,0,0,350,2690,4581,2690,4581
204,14,12947,204,8,948,201,6,11999,66,924.7857142857144,1849.213644876006,5858,66,118.5,145.28690826872776,478,66,1999.8333333333333,2536.6035887908592,5858,0,15.692307692307692,55.37957598156053,200,0,29.14285714285714,75.78352629129142,201,0,40.2,89.33196516365237,200,2,0,0,0,13,2,1,1,1,0,0,0,7,1,1,0,1,0,0,0,6,1,0,1,2833.996236177223,0,0,350,350,4542,4542,358,358,357,357,733,733,718,718,2,0,0,350,350,236.64857142857144,236.64857142857144,0,0,0,0,350,2978,4917,2978,4917
4,7,1531,4,4,795,4,3,736,66,218.7142857142857,255.3773118908009,596,66,198.75,260.1939981372873,589,66,245.3333333333333,303.7125834293557,596,0,0.6666666666666667,1.2110601416389968,3,0,1.3333333333333337,1.5275252316519463,3,1,2,1.4142135623730951,3,2,0,0,0,6,2,0,0,1,0,0,0,3,1,0,0,1,0,0,0,3,1,0,0,303.9883496,0,2,350,348,2024,4334,302,402,1,1,820,2148,314,412,1,0,0,350,316,745.6485714285715,771.1028571428571,0,0,0,0,350,2555,4545,1434,2182
63,9,866,63,5,498,62,4,368,60,96.22222222222224,70.72089114571764,252,60,99.6,85.23379611398286,252,60,92,60.06662967072483,182,0,7.874999999999998,21.06749357931042,60,0,15.75,30.17034968309117,61,0,20.666666666666664,34.07834111768548,60,2,0,0,0,8,2,0,2,1,0,0,0,4,1,0,1,1,0,0,0,4,1,0,1,95.04209594,0,0,84,350,939,4832,168,700,0,0,177,746,168,700,1,0,0,84,350,99.9047619,107.61142857142858,0,0,0,0,84,2437,5182,527,1023
571,14,2316,570,7,1896,571,7,420,60,165.42857142857144,211.38543516004643,751,60,270.8571428571429,266.23199693214224,751,60,60,0,60,0,43.92307692307692,149.1819144190863,540,0,95,218.66778454998808,541,1,95.16666666666669,218.5995577915625,541,0,0,0,0,14,7,0,0,0,0,0,0,7,7,0,0,0,0,0,0,7,0,0,0,345.5,0,0,100,132,12659,18762,0,0,17,44,6328,6527,25,59,1,0,0,0,0,2734.39,2211.6060606060605,0,0,0,0,0,10396,18811,6351,12679
0,5,349,0,3,186,0,2,163,60,69.8,15.498387012847497,97,60,62,3.4641016151377544,66,66,81.5,21.920310216782973,97,0,0,0,0,0,0,0,0,0,0,0,0,0,0,0,0,3,1,2,2,0,0,0,0,1,0,2,1,0,0,0,0,2,1,0,1,16.740669042783207,0,0,112,350,5978,1545,197,397,184,126,3164,380,0,0,97,0,0,0,0,861.6428571428571,665.2057142857143,0,0,0,0,0,941,1639,4322,6162
74,9,863,74,5,495,74,4,368,60,95.88888889,69.89714665929583,249,60,99,83.89278872465738,249,60,92,60.06662967072483,182,0,9.250000000000002,24.95567499158687,71,0,18.5,35.66978179542641,72,1,24.666666666666664,40.12895878705717,71,2,0,0,0,8,2,0,2,1,0,0,0,4,1,0,1,1,0,0,0,4,1,0,1,93.85227754295578,0,0,98,220,905,2460,196,440,0,0,201,455,196,440,1,0,0,98,220,85.05102040816327,91.28181818181818,0,0,0,0,98,1336,2680,540,1003
4844,13,12383,4844,8,500,539,5,11883,60,952.5384615384614,1729.9117807653572,4434,60,62.5,5.0990195135927845,74,60,2376.6,2204.192096891739,4434,0,403.6666666666667,1233.9111013604693,4294,0,691.9999999999999,1600.1324945141262,4294,0,134.75,253.07624015962728,514,2,0,0,0,12,2,1,1,1,0,0,0,7,1,1,0,1,0,0,0,5,1,0,1,2184.676635111018,0,0,350,350,4235,4235,442,442,350,350,721,721,700,700,350,0,0,350,350,7202.374285714286,7202.374285714286,0,0,0,0,350,2707,4585,2707,4585
9169,28,2167,9169,11,861,9169,17,1306,60,77.39285714285714,12.699779192347854,100,66,78.27272727272727,9.360458419232565,91,60,76.82352941176471,14.714938388070331,100,0,339.59259259259244,967.8806848,3416,0,916.9,1486.7284329470976,3464,0,573.0625,1216.9941916459584,3416,2,0,0,0,25,14,2,2,1,0,0,0,10,7,0,1,1,0,0,0,15,7,2,1,19.27649691550136,0,0,350,350,8751,9756,701,732,701,660,4900,5466,700,734,1,0,0,0,0,9083.448571428573,11131.111428571428,0,0,0,0,350,4356,10781,3851,9802
91,2,271,0,1,94,0,1,177,94,135.5,58.68986283848344,177,94,94,0,94,177,177,0,177,91,91,0,91,0,0,0,0,0,0,0,0,0,0,0,0,0,0,0,0,0,0,0,0,0,0,0,0,0,0,0,0,0,0,0,0,47.92007234273894,350,350,0,0,0,0,0,0,0,0,0,0,0,0,2,0,0,0,0,92.12857142857143,92.12857142857143,350,350,0,0,350,356,712,356,712
0,1,253,0,1,253,0,0,0,253,253,0,253,253,253,0,253,0,0,0,0,0,0,0,0,0,0,0,0,0,0,0,0,0,0,0,0,1,1,0,1,0,0,0,0,1,1,0,1,0,0,0,0,0,0,0,0,146.06961810497532,0,0,350,350,755,1143,161,189,37,37,495,692,58,86,1,0,0,350,343,270.60285714285715,279.1714285714286,0,0,0,0,350,795,1223,582,821
102164,26,24766,102164,15,940,92790,11,23826,60,952.5384615384615,1925.0129813748115,5894,60,62.66666666666666,5.052109413285654,74,60,2166.0000000000005,2540.985281342653,5894,0,4086.56,17625.62128947516,88146,0,7297.428571428572,23415.76523,88146,0,9279,29094.371444968147,92081,4,0,0,0,24,4,2,2,2,0,0,0,13,2,2,0,2,0,0,0,11,2,0,2,2914.674138,0,0,350,350,6470,6470,638,638,528,528,1077,1077,1056,1056,350,0,0,350,350,53530.02,53530.02,0,0,0,0,350,4187,6998,4187,6998
0,1,297,0,1,297,0,0,0,297,297,0,297,297,297,0,297,0,0,0,0,0,0,0,0,0,0,0,0,0,0,0,0,0,0,0,0,1,1,0,0,0,0,0,0,1,1,0,0,0,0,0,0,0,0,0,0,171.47302994931886,0,0,350,350,740,895,0,8,74,74,565,652,153,159,1,0,0,350,348,622.2685714285715,621.5085714285714,0,0,0,0,350,791,1079,718,921
76269,27,24832,76269,16,1000,72280,11,23832,60,919.7037037037036,1935.6339016300583,7269,60,62.5,4.926120853842977,74,60,2166.5454545454545,2618.315311937673,7269,0,2933.423076923076,12798.693927657076,65329,0,5084.599999999999,16756.947364344993,65329,0,7228,22480.44227520644,71202,4,0,0,0,25,4,2,3,2,0,0,0,14,2,2,0,2,0,0,0,11,2,0,3,3602.172712405667,0,0,350,350,8729,8729,865,865,700,700,1423,1423,1400,1400,350,0,0,350,350,79202.19428571429,79202.19428571429,0,0,0,0,350,5653,9429,5653,9429
1,3,198,1,2,132,0,1,66,66,66,0,66,66,66,0,66,66,66,0,66,0,0.5,0.7071067811865476,1,1,1,0,1,0,0,0,0,0,0,0,0,3,0,0,2,0,0,0,0,2,0,0,1,0,0,0,0,1,0,0,1,0,0,0,350,350,3344,4065,300,336,0,0,1712,2110,316,356,1,0,0,350,335,873.64,870.56,0,0,0,0,350,2657,4243,2310,3502
36420,17,3274,36383,9,964,36383,8,2310,60,192.58823529411765,442.8378736659063,1866,60,107.11111111111111,139.09748779583012,478,60,288.75,637.3121571995043,1866,0,2276.2500000000005,4127.065163850296,10001,0,4547.875,4998.043201022348,10038,1,5197.571428571428,5025.375868,10038,2,0,0,0,16,2,0,2,1,0,0,0,8,1,0,1,1,0,0,0,8,1,0,1,856.3130268774381,0,0,52,350,1043,6302,104,700,0,11,122,825,109,730,1,0,0,52,350,56656.86538461538,46714.88,0,0,0,0,52,3625,6663,592,1095
1,3,214,1,2,140,0,1,74,66,71.33333333333333,4.618802153517004,74,66,70,5.656854249492381,74,74,74,0,74,0,0.5,0.7071067811865476,1,1,1,0,1,0,0,0,0,2,0,0,0,2,0,0,0,1,0,0,0,1,0,0,0,1,0,0,0,1,0,0,0,4,0,1,350,349,3310,4248,296,356,0,0,1688,2206,320,372,1,0,0,350,331,867.7971428571428,868.3228571428572,0,0,0,0,350,2732,4436,2288,3470
3003,3,222,3003,3,222,0,0,0,74,74,0,74,74,74,0,74,0,0,0,0,999,1501.5,710.6423150924803,2004,999,1501.5,710.6423150924803,2004,0,0,0,0,3,0,0,0,0,0,0,0,3,0,0,0,0,0,0,0,0,0,0,0,0,0,0,0,42.72391992003231,0,0,350,350,691,691,4,4,0,0,514,514,383,383,1,0,0,350,350,1373.4771428571428,1373.4771428571428,0,0,0,0,350,901,1022,901,1022
5,7,3098,5,4,871,5,3,2227,66,442.57142857142856,758.3675136200692,2087,66,217.75000000000003,298.19051516326493,665,66,742.3333333333334,1164.5223627450584,2087,0,0.8333333333333334,1.6020819787597222,4,0,1.6666666666666667,2.0816659994661326,4,1,2.5,2.1213203435596424,4,2,0,0,0,6,2,0,0,1,0,0,0,3,1,0,0,1,0,0,0,3,1,0,0,953.4397376516952,0,2,350,348,2026,4389,302,410,1,1,814,2160,316,420,1,0,0,350,314,720.2142857142857,743.9685714285714,0,0,0,0,350,2578,4604,1432,2185
12079,13,12395,12079,8,500,1206,5,11895,60,953.4615384615386,3213.612106217981,11649,60,62.5,5.0990195135927845,74,60,2379,5182.088189137657,11649,0,1006.5833333333334,3121.1378886068087,10858,0,1725.571428571429,4052.549603115832,10858,0,301.5,593.0342879350794,1191,2,0,0,0,12,2,1,2,1,0,0,0,7,1,1,0,1,0,0,0,5,1,0,2,5792.170427,0,0,350,350,4263,4263,453,453,350,350,713,713,700,700,350,0,0,350,350,9861.751428571428,9861.751428571428,0,0,0,0,350,2707,4613,2707,4613
0,1,253,0,1,253,0,0,0,253,253,0,253,253,253,0,253,0,0,0,0,0,0,0,0,0,0,0,0,0,0,0,0,0,0,0,0,1,1,0,1,0,0,0,0,1,1,0,1,0,0,0,0,0,0,0,0,146.06961810497532,0,0,350,350,755,1143,161,189,37,37,495,692,58,86,1,0,0,350,343,270.60285714285715,279.1714285714286,0,0,0,0,350,795,1223,582,821
4858,26,20137,4858,16,4928,4854,10,15209,66,774.4999999999999,719.8783369431254,1934,66,307.99999999999994,260.59316951908005,651,485,1520.9,566.0685961573522,1934,0,194.32,378.70742004877593,1038,3,323.8666666666667,448.2326989198272,1038,0,539.3333333333334,476.3869225744972,1044,0,0,0,0,26,16,0,0,0,0,0,0,16,8,0,0,0,0,0,0,10,8,0,0,805.2150851377123,0,1,350,349,1980,3256,304,368,0,0,809,1521,300,366,1,0,0,350,328,737.8314285714285,751.2171428571429,0,0,0,0,350,2038,3441,1409,2130
16,2,180,0,1,90,0,1,90,90,90,0,90,90,90,0,90,90,90,0,90,16,16,0,16,0,0,0,0,0,0,0,0,0,0,0,0,0,0,0,0,0,0,0,0,0,0,0,0,0,0,0,0,0,0,0,0,0,7,15,0,0,0,0,0,0,0,0,0,0,0,0,1,0,0,0,0,1301.142857142857,1682.4,0,0,0,0,0,27,54,11,22
115988,35,5717,115988,18,4272,115964,17,1445,66,163.3428571428572,490.7054311581107,2962,66,237.3333333333333,681.3001411660952,2962,66,85,76.30203142774116,381,0,3411.4117647058824,4724.621454,10025,0,6822.823529411765,4648.908302430988,10048,0,7247.75,4451.011757641926,10048,2,0,0,0,34,3,0,2,1,0,0,0,17,2,0,1,1,0,0,0,17,1,0,1,1403.3781564496437,0,0,3,147,70,3398,4,236,1,75,15,1058,6,294,2,0,0,3,147,44045,18856.81632653061,0,0,0,0,3,1787,3549,38,73
13583,56,8465,13583,23,3534,13583,33,4931,66,151.16071428571428,186.71346806228024,1042,66,153.65217391304344,136.11713161019287,706,66,149.42424242424244,217.19447367264988,1042,0,246.9636363636364,688.7421697783404,2609,0,617.4090909,1027.368977121421,2665,0,424.46875,865.2613621319208,2609,2,0,0,0,55,31,0,2,1,0,0,0,22,16,0,1,1,0,0,0,33,15,0,1,486.2482219333386,0,0,350,350,18889,18692,704,774,0,26,10850,10572,700,776,3,0,0,0,0,12408.871428571429,11059.665714285717,0,0,0,0,350,7914,19104,7718,19239
82787,27,24826,82787,16,1000,72698,11,23826,60,919.4814814814814,2386.5488015827755,11649,60,62.5,4.926120853842977,74,60,2166,3453.1588726845453,11649,0,3184.1153846153848,13698.249824928507,69630,0,5519.133333333333,17923.945583120552,69630,0,7269.8,22336.593900294352,70821,4,0,0,0,25,4,2,2,2,0,0,0,14,2,2,0,2,0,0,0,11,2,0,2,5792.170427,0,0,350,350,9475,9475,986,986,753,753,1556,1556,1506,1506,350,0,0,350,350,80971.96571428572,80971.96571428572,0,0,0,0,350,6125,10228,6125,10228
170,15,12951,170,9,952,150,6,11999,66,863.4,1620.7636559879506,5858,66,105.77777777777776,116.3634154038306,416,66,1999.8333333333333,2179.592477199962,5858,0,12.142857142857142,36.48784232265095,138,0,21.25,52.573078390261415,151,0,30,60.597029630172464,138,2,0,0,0,14,2,1,1,1,0,0,0,8,1,1,0,1,0,0,0,6,1,0,1,2842.4592052188423,0,0,350,350,3780,3780,423,423,549,549,822,822,675,675,2,0,0,350,350,476.3142857142857,476.3142857142857,0,0,0,0,350,2560,4511,2560,4511
0,2,200,0,1,140,0,1,60,60,100,56.56854249492381,140,140,140,0,140,60,60,0,60,0,0,0,0,0,0,0,0,0,0,0,0,0,0,0,0,2,1,0,0,0,0,0,0,1,1,0,0,0,0,0,0,1,0,0,0,46.18802153517007,0,0,108,140,12794,18897,0,0,17,44,6398,6597,25,59,1,0,0,0,0,2605.212962962963,2141.828571428572,0,0,0,0,0,10466,18946,6421,12814
1,5,349,1,3,186,0,2,163,60,69.8,15.498387012847497,97,60,62,3.4641016151377544,66,66,81.5,21.920310216782973,97,0,0.25,0.5,1,0,0.5,0.7071067811865476,1,0,0,0,0,0,0,0,0,3,1,2,2,0,0,0,0,1,0,2,1,0,0,0,0,2,1,0,1,16.740669042783207,0,1,129,349,6035,1517,229,415,214,154,3181,371,4,4,113,0,0,0,0,785.2558139534884,485.87142857142857,0,0,0,0,0,950,1649,4375,6251
9548,28,2171,9548,11,865,9548,17,1306,60,77.53571428571429,12.914195872235137,100,66,78.63636363636363,10.082387884551228,96,60,76.82352941176471,14.714938388070331,100,0,353.6296296296296,1008.5348149342556,3539,0,954.8,1546.3395343699765,3582,0,596.75,1268.1896020180368,3539,2,0,0,0,25,14,2,2,1,0,0,0,10,7,0,1,1,0,0,0,15,7,2,1,20.42057785666214,0,0,350,350,8750,9700,700,748,700,652,4900,5400,700,748,1,0,0,0,0,9052.237142857142,8519.951428571429,0,0,0,0,350,4402,10726,3850,9800
0,1,74,0,1,74,0,0,0,74,74,0,74,74,74,0,74,0,0,0,0,0,0,0,0,0,0,0,0,0,0,0,0,1,0,0,0,0,0,0,0,1,0,0,0,0,0,0,0,0,0,0,0,0,0,0,0,42.72391992003231,0,0,350,350,36,36,3,3,0,0,28,28,350,350,2,0,0,350,350,36.61714285714286,36.61714285714286,0,0,0,0,350,378,382,378,382
1,3,214,1,2,140,0,1,74,66,71.33333333333333,4.618802153517004,74,66,70,5.656854249492381,74,74,74,0,74,0,0.5,0.7071067811865476,1,1,1,0,1,0,0,0,0,2,0,0,0,2,0,0,0,1,0,0,0,1,0,0,0,1,0,0,0,1,0,0,0,4,0,0,350,350,1987,2709,300,332,0,0,804,1206,304,334,1,0,0,350,340,724.68,740.5657142857143,0,0,0,0,350,1772,2876,1419,2139
83,8,5293,83,5,938,82,3,4355,66,661.625,1450.9197021692337,4215,66,187.6,267.45616463263656,666,66,1451.6666666666667,2393.120208709402,4215,0,11.857142857142856,30.492778223860213,81,0,20.75,40.16943282314717,81,1,41,56.56854249492381,81,2,0,0,0,7,2,0,0,1,0,0,0,4,1,0,0,1,0,0,0,3,1,0,0,1994.6554213698164,0,1,350,349,2018,4186,306,400,1,1,816,2062,310,402,1,0,0,350,319,745.6257142857143,777.38,0,0,0,0,350,2481,4390,1430,2174
0,1,297,0,1,297,0,0,0,297,297,0,297,297,297,0,297,0,0,0,0,0,0,0,0,0,0,0,0,0,0,0,0,0,0,0,0,1,1,0,0,0,0,0,0,1,1,0,0,0,0,0,0,0,0,0,0,171.47302994931886,0,0,350,350,665,665,0,0,22,22,523,523,279,279,1,0,0,350,350,1093.8257142857142,1093.8257142857142,0,0,0,0,350,802,922,802,922
555,14,2284,554,7,1864,555,7,420,60,163.14285714285714,293.4463277206707,1170,60,266.28571428571433,402.1818470483695,1170,60,60,0,60,0,42.69230769230769,146.50732894943323,530,0,92.33333333333331,215.0401512896293,531,1,92.5,214.9546463791839,531,0,0,0,0,14,7,0,0,0,0,0,0,7,7,0,0,0,0,0,0,7,0,0,0,555,0,0,120,152,12996,19099,0,0,17,44,6500,6699,25,59,1,0,0,0,0,2442.2916666666665,2049.7894736842104,0,0,0,0,0,10568,19148,6523,13016
1,3,198,1,2,132,0,1,66,66,66,0,66,66,66,0,66,66,66,0,66,0,0.5,0.7071067811865476,1,1,1,0,1,0,0,0,0,0,0,0,0,3,0,0,2,0,0,0,0,2,0,0,1,0,0,0,0,1,0,0,1,0,0,1,350,349,3314,3896,298,336,0,0,1692,2016,316,352,1,0,0,350,337,829.4485714285714,827.1228571428571,0,0,0,0,350,2565,4074,2290,3472
27,17,13066,27,8,858,26,9,12208,60,768.5882352941177,1357.0426512652214,4410,60,107.25,120.80651590752169,406,66,1356.4444444444443,1686.481404515857,4410,0,1.6875,4.346933785248325,17,0,3.857142857142857,6.568322247,18,0,3.25,6.041522986797286,17,2,0,0,0,13,3,3,3,1,0,0,0,4,1,3,1,1,0,0,0,9,2,0,2,2122.502532389537,0,0,350,350,4024,4075,470,476,584,581,728,756,737,741,2,0,0,350,348,284.2885714285714,283.7914285714286,0,0,0,0,350,2690,4826,2666,4774
1,3,198,1,2,132,0,1,66,66,66,0,66,66,66,0,66,66,66,0,66,0,0.5,0.7071067811865476,1,1,1,0,1,0,0,0,0,0,0,0,0,3,0,0,2,0,0,0,0,2,0,0,1,0,0,0,0,1,0,0,1,0,0,1,350,349,1977,3149,304,366,0,0,809,1457,300,364,1,0,0,350,329,738.6828571428572,735.16,0,0,0,0,350,1976,3333,1409,2127
4808,24,20009,4808,16,4928,4803,8,15081,66,833.7083333333336,788.6053997084191,1935,66,307.99999999999994,260.59316951908005,651,1836,1885.125,52.52057419988584,1935,1,209.0434782608696,387.0917765572667,1038,4,320.53333333333336,444.0483993354564,1038,237,686.1428571428571,417.4595503644349,1042,0,0,0,0,24,16,0,0,0,0,0,0,16,8,0,0,0,0,0,0,8,8,0,0,914.2833258897376,0,1,350,349,1989,3272,302,366,0,0,808,1534,302,362,1,0,0,350,329,734.28,749.2685714285715,0,0,0,0,350,2036,3455,1409,2140
0,2,134,0,1,74,0,1,60,60,67,9.899494936611664,74,74,74,0,74,60,60,0,60,0,0,0,0,0,0,0,0,0,0,0,0,1,0,0,0,1,0,1,0,1,0,0,0,0,0,0,0,0,0,0,0,1,0,1,0,8.082903768654761,0,0,350,350,360,360,0,0,350,350,0,0,356,356,350,0,0,3,3,105.28857142857144,105.28857142857144,1,1,0,0,12,361,711,361,711
11254,52,8201,11254,20,3336,11254,32,4865,66,157.71153846153845,192.31126082661925,1042,66,166.80000000000004,141.62723496633876,706,66,152.03125,220.1445982830963,1042,0,220.66666666666663,588.2238916149756,2092,0,592.3157894736842,893.6919711,2133,0,363.03225806451616,723.4406441384102,2092,2,0,0,0,51,31,0,2,1,0,0,0,19,16,0,1,1,0,0,0,32,15,0,1,486.2482219333386,0,0,350,350,18878,18719,702,782,0,12,10850,10585,700,778,3,0,0,0,0,12100.297142857144,10697.711428571429,0,0,0,0,350,7918,19118,7701,19228
2044,5,351,2044,3,211,2044,2,140,66,70.2,4.024922359,74,66,70.33333333333333,4.041451884327381,74,66,70,5.656854249492381,74,0,511,1022,2044,0,1022,1445.3262607453032,2044,2044,2044,0,2044,2,0,0,0,4,1,0,0,1,0,0,0,2,1,0,0,1,0,0,0,2,0,0,0,4.618802153517006,0,1,132,347,6045,1465,233,424,218,155,3184,346,6,6,116,2,2,0,0,793.7835820895523,388.3,0,0,0,0,0,925,1612,4389,6276
2696,11,12269,2696,7,440,85,4,11829,60,1115.3636363636365,2690.433209456324,8814,60,62.85714285714286,5.398412465054624,74,60,2957.25,4125.5126045135285,8814,0,269.6,821.9340606155704,2608,0,449.33333333333337,1057.9137330929525,2608,0,28.333333333333336,38.37099599089569,72,2,0,0,0,10,2,1,1,1,0,0,0,6,1,1,0,1,0,0,0,4,1,0,1,4374.671645,0,0,350,350,3853,5598,350,473,346,318,643,1548,673,760,350,0,0,319,318,5958.434285714286,5945.38,0,0,0,0,322,3298,5978,2382,4203
0,2,120,0,1,60,0,1,60,60,60,0,60,60,60,0,60,60,60,0,60,0,0,0,0,0,0,0,0,0,0,0,0,1,0,0,0,1,0,1,0,1,0,0,0,0,0,0,0,0,0,0,0,1,0,1,0,0,0,0,350,350,350,350,0,0,350,350,0,0,355,355,350,0,0,3,3,0.065714286,0.065714286,1,1,0,0,12,355,705,355,705
1,3,198,1,2,132,0,1,66,66,66,0,66,66,66,0,66,66,66,0,66,0,0.5,0.7071067811865476,1,1,1,0,1,0,0,0,0,0,0,0,0,3,0,0,2,0,0,0,0,2,0,0,1,0,0,0,0,1,0,0,1,0,0,3,225,315,2166,40667,192,542,1,1,1087,3587,218,562,1,0,0,225,225,950.3422222222222,896.1446540880503,0,0,0,0,225,25328,40962,1488,2276
2,3,198,2,2,132,0,1,66,66,66,0,66,66,66,0,66,66,66,0,66,0,1,1.4142135623730951,2,2,2,0,2,0,0,0,0,0,0,0,0,3,0,0,2,0,0,0,0,2,0,0,1,0,0,0,0,1,0,0,1,0,0,3,162,250,1551,39977,142,484,1,1,767,3235,160,496,1,0,0,162,162,973.2469135802468,903.6916996047432,0,0,0,0,162,24861,40239,1062,1632
169,15,12949,169,8,884,158,7,12065,60,863.2666666666667,1621.0887199950648,5858,60,110.5,129.99230746471116,432,66,1723.571428571429,2119.6927337975867,5858,0,12.071428571428571,35.67904855085832,135,0,24.142857142857142,53.97353849010511,146,0,26.33333333333333,53.53378995239051,135,2,0,0,0,11,2,3,2,1,0,0,0,4,1,3,1,1,0,0,0,7,1,0,1,2841.330674173634,0,0,350,350,4038,4038,489,489,610,610,779,779,757,757,2,0,0,350,350,395.1628571428572,395.1628571428572,0,0,0,0,350,2695,4859,2695,4859
0,1,253,0,1,253,0,0,0,253,253,0,253,253,253,0,253,0,0,0,0,0,0,0,0,0,0,0,0,0,0,0,0,0,0,0,0,1,1,0,1,0,0,0,0,1,1,0,1,0,0,0,0,0,0,0,0,146.06961810497532,0,0,350,350,737,1125,125,153,37,37,465,662,46,74,1,0,0,350,343,214.63142857142856,223.2057142857143,0,0,0,0,350,747,1199,534,797
15,13,12753,15,8,820,12,5,11933,60,980.9999999999998,2168.3790412809904,5869,60,102.5,102.4987804805501,356,66,2386.6,3173.9649966563907,5869,0,1.25,1.7645499039801522,4,0,2.142857142857143,3.760699023168052,10,0,3,2,4,2,0,0,0,11,2,2,1,1,0,0,0,6,1,2,0,1,0,0,0,5,1,0,1,2857.507815679017,0,0,350,350,4008,4008,482,482,608,608,735,735,740,740,2,0,0,350,350,294.2457142857143,294.2457142857143,0,0,0,0,350,2669,4796,2669,4796
0,5,349,0,3,186,0,2,163,60,69.8,15.498387012847497,97,60,62,3.4641016151377544,66,66,81.5,21.920310216782973,97,0,0,0,0,0,0,0,0,0,0,0,0,0,0,0,0,3,1,2,2,0,0,0,0,1,0,2,1,0,0,0,0,2,1,0,1,16.740669042783207,0,0,100,350,5926,1550,173,381,162,106,3143,378,0,0,85,0,0,0,0,958.79,777.8314285714285,0,0,0,0,0,935,1622,4281,6088
0,1,74,0,1,74,0,0,0,74,74,0,74,74,74,0,74,0,0,0,0,0,0,0,0,0,0,0,0,0,0,0,0,1,0,0,0,0,0,0,0,1,0,0,0,0,0,0,0,0,0,0,0,0,0,0,0,42.72391992003231,0,0,350,350,38,38,0,0,0,0,30,30,348,348,2,0,0,350,350,36.61714285714286,36.61714285714286,0,0,0,0,350,378,382,378,382
263,14,12897,263,8,898,248,6,11999,60,921.2142857142856,1459.8498436257294,4410,60,112.25,132.5030996942012,440,66,1999.8333333333333,1753.071637631123,4410,0,20.23076923076923,65.29823102013542,237,0,37.57142857142857,94.19988878772124,251,0,49.6,104.8680122821063,237,2,0,0,0,11,2,3,1,1,0,0,0,5,1,3,0,1,0,0,0,6,1,0,1,2118.136917198697,0,0,350,350,4105,4105,520,520,813,813,774,774,749,749,2,0,0,350,350,466.6628571428572,466.6628571428572,0,0,0,0,350,2881,5135,2881,5135
4062,10,740,4062,5,370,4062,5,370,74,74,0,74,74,74,0,74,74,74,0,74,0,451.3333333333333,535.2156107588792,1016,1015,1015.5,0.5773502691896257,1016,1015,1015.5,0.5773502691896257,1016,0,0,0,0,0,0,0,0,0,0,0,0,0,0,0,0,0,0,0,0,0,0,0,0,0,0,1,133,345,6051,1399,234,428,219,156,3186,314,6,6,116,4,4,0,0,845.1021897810219,311.98857142857145,0,0,0,0,0,898,1568,4402,6304
13925,55,8399,13925,22,3468,13925,33,4931,66,152.70909090909092,188.07117178495395,1042,66,157.63636363636363,137.9408242532681,706,66,149.42424242424244,217.19447367264988,1042,0,257.8703703703704,724.2129897876858,2610,0,663.0952380952378,1088.8104015282877,2664,0,435.15625,903.9667817681812,2610,2,0,0,0,54,31,0,2,1,0,0,0,21,16,0,1,1,0,0,0,33,15,0,1,486.2482219333386,0,0,350,350,18897,18871,702,774,0,10,10850,10699,700,774,3,0,0,0,0,12092.62,10753.128571428571,0,0,0,0,350,7959,19266,7715,19247
0,2,120,0,1,60,0,1,60,60,60,0,60,60,60,0,60,60,60,0,60,0,0,0,0,0,0,0,0,0,0,0,0,1,0,0,0,1,0,1,0,1,0,0,0,0,0,0,0,0,0,0,0,1,0,1,0,0,0,0,350,350,350,350,0,0,350,350,0,0,353,353,350,0,0,3,3,0.071428571,0.071428571,0,0,0,0,8,353,703,353,703
128,9,862,128,5,494,128,4,368,60,95.77777777777776,69.62359114872231,248,60,98.8,83.44579079,248,60,92,60.06662967072483,182,0,16,43.64139581373892,124,0,32,62.66843969123001,126,2,42.66666666666667,70.43673284113434,124,2,0,0,0,8,2,0,2,1,0,0,0,4,1,0,1,1,0,0,0,4,1,0,1,93.45765529550448,0,0,2,2,16,16,4,4,0,0,4,4,4,4,1,0,0,2,2,132,132,0,0,0,0,2,10,18,10,18
161,2,281,0,1,91,0,1,190,91,140.5,70.00357134,190,91,91,0,91,190,190,0,190,161,161,0,161,0,0,0,0,0,0,0,0,0,0,0,0,0,0,0,0,0,0,0,0,0,0,0,0,0,0,0,0,0,0,0,0,57.15767664977295,350,350,0,0,0,0,0,0,0,0,0,0,0,0,2,0,0,0,0,107.07142857142856,107.07142857142856,350,350,0,0,350,352,704,352,704
1554,12,12323,1554,7,440,825,5,11883,60,1026.9166666666663,1784.9911361294226,4434,60,62.85714285714286,5.398412465054624,74,60,2376.6,2204.192096891739,4434,0,141.27272727272728,308.1425290053585,810,0,259,396.09039372345296,821,0,206.25,402.5505144285207,810,2,0,0,0,11,2,1,1,1,0,0,0,6,1,1,0,1,0,0,0,5,1,0,1,2184.676635111018,0,0,350,350,4170,5169,383,447,350,330,700,1300,700,740,350,0,0,350,330,5925.125714285714,5501.7,0,0,0,0,350,3087,5539,2574,4520
82030,26,24772,82030,15,940,72299,11,23832,60,952.7692307692308,2530.5946069284555,11649,60,62.66666666666666,5.052109413285654,74,60,2166.5454545454545,3633.281584563365,11649,0,3281.199999999999,13515.583804754177,67402,0,5859.285714285714,17915.711443519973,67402,0,7229.9000000000015,22503.84159525756,71272,4,0,0,0,24,4,2,2,2,0,0,0,13,2,2,0,2,0,0,0,11,2,0,2,5792.170427,0,0,350,350,6818,6818,650,650,551,551,1123,1123,1102,1102,350,0,0,350,350,48874.24,48874.24,0,0,0,0,350,4363,7369,4363,7369
0,4,264,0,2,132,0,2,132,66,66,0,66,66,66,0,66,66,66,0,66,0,0,0,0,0,0,0,0,0,0,0,0,0,0,0,0,4,0,0,2,0,0,0,0,2,0,0,1,0,0,0,0,2,0,0,1,0,0,1,350,349,1995,3079,302,354,0,0,816,1432,302,348,1,0,0,350,333,743.5142857142857,764.8571428571429,0,0,0,0,350,1945,3255,1419,2146
997,6,374,996,3,194,996,3,180,60,62.33333333333333,2.9439202887759484,66,62,64.66666666666667,2.309401076758505,66,60,60,0,60,1,199.4,271.67130875379536,498,497,498,1.4142135623730951,499,497,498,1.4142135623730951,499,3,0,0,0,3,0,3,0,3,0,0,0,0,0,0,0,0,0,0,0,3,0,3,0,2.8284271247461903,0,0,139,350,1308,3845,234,546,66,231,244,571,300,777,1,0,0,139,350,239.5179856115108,296.2885714285714,0,0,0,0,139,2091,4349,776,1491
166,2,202,0,1,93,0,1,109,93,101,11.31370849898476,109,93,93,0,93,109,109,0,109,166,166,0,166,0,0,0,0,0,0,0,0,0,0,0,0,0,0,0,0,0,0,0,0,0,0,0,0,0,0,0,0,0,0,0,0,9.237604307034012,350,350,0,0,0,0,0,0,0,0,0,0,0,0,2,0,0,0,0,8179.551428571429,8179.551428571429,350,350,0,0,350,405,810,405,810
8888,28,2157,8888,11,851,8888,17,1306,60,77.03571428571428,12.393194497032225,100,66,77.36363636363636,8.249517892,89,60,76.82352941176471,14.714938388070331,100,0,329.1851851851852,943.5979031605584,3497,0,888.8,1451.2749031263666,3546,0,555.5,1187.1126877147483,3497,2,0,0,0,25,14,2,2,1,0,0,0,10,7,0,1,1,0,0,0,15,7,2,1,18.89223826513594,0,0,350,350,8751,9479,701,733,701,661,4900,5294,700,732,1,0,0,0,0,8907.868571428571,8429.205714285714,0,0,0,0,350,4279,10506,3851,9802
4858,292,62615,4841,146,53855,4857,146,8760,60,214.4349315068492,229.15528254409656,1075,60,368.86986301369865,239.4935824839897,1075,60,60,0,60,0,16.694158075601376,78.33244318549887,1170,0,33.38620689655174,109.80906321422052,1170,0,33.49655172413792,108.73726771813143,1171,0,0,0,0,292,146,0,0,0,0,0,0,146,146,0,0,0,0,0,0,146,0,0,0,507.5,0,0,20,23,3078,3097,0,0,15,18,1531,1537,23,29,1,0,0,0,0,2863.9,2555.391304347826,0,0,0,0,0,1565,3119,1552,3097
0,5,349,0,3,186,0,2,163,60,69.8,15.498387012847497,97,60,62,3.4641016151377544,66,66,81.5,21.920310216782973,97,0,0,0,0,0,0,0,0,0,0,0,0,0,0,0,0,3,1,2,2,0,0,0,0,1,0,2,1,0,0,0,0,2,1,0,1,16.740669042783207,0,0,90,350,5881,1561,153,385,142,86,3126,370,0,0,75,0,0,0,0,1023.2777777777778,783.6285714285714,0,0,0,0,0,930,1613,4243,6023
1071,27,17546,1071,16,3679,1070,11,13867,66,649.8518519,1380.3513684149048,7306,66,229.9375,198.62073364413223,625,66,1260.6363636363635,2049.950744419352,7306,0,41.192307692307686,164.21108835417155,841,0,71.39999999999999,214.1894355,841,0,107,261.40517719943244,845,2,0,0,0,26,14,0,0,1,0,0,0,15,7,0,0,1,0,0,0,11,7,0,0,3536.6641886576303,0,3,350,347,3273,7996,306,562,0,0,1654,4244,320,570,1,0,0,350,265,865.6171428571429,885.76,0,0,0,0,350,4519,8287,2264,3433
8751,28,2156,8751,11,850,8751,17,1306,60,77.00000000000001,12.349838805365785,100,66,77.27272727272728,8.075777474533446,87,60,76.82352941176471,14.714938388070331,100,0,324.1111111111112,895.8302265897233,3152,0,875.1000000000001,1364.1507288826667,3194,0,546.9375,1122.974589724392,3152,2,0,0,0,25,14,2,2,1,0,0,0,10,7,0,1,1,0,0,0,15,7,2,1,18.55397531527948,0,0,350,350,8750,9814,700,752,700,648,4900,5470,700,752,1,0,0,0,0,9054.997142857144,8460.342857142858,0,0,0,0,350,4460,10838,3850,9800
871,14,2305,870,7,1885,870,7,420,60,164.64285714285714,275.9739695480932,1109,60,269.28571428571433,373.45223446723605,1109,60,60,0,60,0,67,227.3422530019442,823,0,144.99999999999997,332.9120004,824,0,144.99999999999997,332.8915739396237,824,0,0,0,0,14,7,0,0,0,0,0,0,7,7,0,0,0,0,0,0,7,0,0,0,524.5,0,0,109,141,12808,18911,0,0,17,44,6405,6604,25,59,1,0,0,0,0,2589.302752293578,2132.8156028368794,0,0,0,0,0,10473,18960,6428,12828
1,3,198,1,2,132,0,1,66,66,66,0,66,66,66,0,66,66,66,0,66,0,0.5,0.7071067811865476,1,1,1,0,1,0,0,0,0,0,0,0,0,3,0,0,2,0,0,0,0,2,0,0,1,0,0,0,0,1,0,0,1,0,0,1,350,349,3337,3840,302,334,0,0,1704,1996,314,344,1,0,0,350,339,875.0171428571429,873.8428571428572,0,0,0,0,350,2535,4014,2305,3494
4051,7,995,4013,4,789,4051,3,206,66,142.14285714285714,194.43630368446165,583,66,197.25,257.1943169408427,583,66,68.66666666666667,4.618802153517007,74,0,675.1666666666667,1633.796121511698,4010,1,1337.6666666666667,2314.3086080584267,4010,3,2025.5,2860.2469298995848,4048,2,0,0,0,6,1,0,1,1,0,0,0,3,1,0,1,1,0,0,0,3,0,0,0,257.1943169408427,0,1,137,341,6074,1366,236,423,222,158,3191,298,15,15,117,8,8,1,1,934.6620689655172,311.3228571428571,0,0,0,0,1,894,1567,4431,6359
3154,14,12437,3154,8,500,24,6,11937,60,888.3571428571429,1471.1178171268716,4434,60,62.5,5.0990195135927845,74,60,1989.5,1755.154893449578,4434,0,242.6153846153846,861.5733223258422,3110,0,450.57142857142856,1172.7378020601843,3110,0,4.8,10.183319694480774,23,2,0,0,0,13,2,1,1,1,0,0,0,7,1,1,0,1,0,0,0,6,1,0,1,2184.676635111018,0,0,350,350,6569,6569,672,672,526,526,1073,1073,1052,1052,350,0,0,350,350,51982.90857142857,51982.90857142857,0,0,0,0,350,4221,7095,4221,7095
0,1,253,0,1,253,0,0,0,253,253,0,253,253,253,0,253,0,0,0,0,0,0,0,0,0,0,0,0,0,0,0,0,0,0,0,0,1,1,0,1,0,0,0,0,1,1,0,1,0,0,0,0,0,0,0,0,146.06961810497532,0,0,350,350,739,1127,132,160,37,37,470,667,48,76,1,0,0,350,343,223.96,232.5342857142857,0,0,0,0,350,755,1202,542,800
1,3,214,1,2,140,0,1,74,66,71.33333333333333,4.618802153517004,74,66,70,5.656854249492381,74,74,74,0,74,0,0.5,0.7071067811865476,1,1,1,0,1,0,0,0,0,2,0,0,0,2,0,0,0,1,0,0,0,1,0,0,0,1,0,0,0,1,0,0,0,4,0,1,350,349,1985,2514,302,328,0,0,808,1100,302,330,1,0,0,350,340,737.06,744.6057142857143,0,0,0,0,350,1672,2681,1414,2136
12944,57,8547,12944,24,3616,12944,33,4931,66,149.94736842105263,185.43813187119767,1042,66,150.66666666666666,134.5067209139175,706,66,149.42424242424244,217.19447367264988,1042,0,231.1428571428572,653.9437959883771,2663,0,562.7826086956521,967.9793835389894,2709,0,404.50000000000006,828.5081812822447,2663,2,0,0,0,56,31,0,2,1,0,0,0,23,16,0,1,1,0,0,0,33,15,0,1,486.2482219333386,0,0,350,350,19658,19075,712,779,2,16,11111,10606,705,781,3,0,0,0,0,12907.32,11416.72,0,0,0,0,350,8130,19479,8131,20012
11642,56,8465,11642,23,3534,11642,33,4931,66,151.16071428571428,186.71346806228024,1042,66,153.65217391304344,136.11713161019287,706,66,149.42424242424244,217.19447367264988,1042,0,211.6727272727273,586.9555177336522,2232,0,529.1818181818182,874.5575554,2292,0,363.8125,737.0898504121768,2232,2,0,0,0,55,31,0,2,1,0,0,0,22,16,0,1,1,0,0,0,33,15,0,1,486.2482219333386,0,6,350,344,16049,18829,709,887,204,14,9031,10277,704,880,3,0,0,1,0,11326.177142857145,8662.785714285714,0,0,0,0,350,8441,19305,6693,16605
85,9,866,85,5,498,85,4,368,60,96.22222222222224,70.72089114571764,252,60,99.6,85.23379611398286,252,60,92,60.06662967072483,182,0,10.625,29.24740525731666,83,0,21.25,41.83598929,84,1,28.333333333333336,47.34272207354931,83,2,0,0,0,8,2,0,2,1,0,0,0,4,1,0,1,1,0,0,0,4,1,0,1,95.04209594,0,0,26,350,289,4199,52,700,0,0,54,729,52,700,1,0,0,26,350,105,95.43428571428572,0,0,0,0,26,2225,4549,161,315
0,3,214,0,2,140,0,1,74,66,71.33333333333333,4.618802153517004,74,66,70,5.656854249492381,74,74,74,0,74,0,0,0,0,0,0,0,0,0,0,0,0,2,0,0,0,2,0,0,0,1,0,0,0,1,0,0,0,1,0,0,0,1,0,0,0,4,0,1,350,349,3369,4280,298,356,0,0,1724,2230,318,372,1,0,0,350,331,845.6142857142858,827.3285714285714,0,0,0,0,350,2749,4468,2322,3528
4824,314,90947,4823,157,81527,4823,157,9420,60,289.6401273885352,358.5229475832108,1326,72,519.2802547770699,389.5588700844497,1326,60,60,0,60,0,15.412140575079874,55.62084999978087,841,0,30.916666666666675,77.51578056472847,841,0,30.916666666666654,75.93035504463484,841,0,0,0,0,314,157,0,0,0,0,0,0,157,157,0,0,0,0,0,0,157,0,0,0,631.0253560674088,0,0,15,18,2144,2163,0,0,15,18,1064,1070,23,29,1,0,0,0,0,2454.133333333333,2128.222222222222,0,0,0,0,0,1098,2185,1085,2163
1011,17,13075,1011,9,944,14,8,12131,60,769.1176470588235,1701.6505179660471,5858,60,104.88888888888889,117.54195468474698,418,66,1516.375,2323.216854615907,5858,0,63.18750000000001,248.76768781334923,996,0,126.375,351.4097882611045,996,0,2,4.434711565,12,3,0,0,0,12,2,3,3,2,0,0,0,4,1,3,1,1,0,0,0,8,1,0,2,2843.263559128254,0,0,350,350,4116,4116,473,473,583,583,742,742,748,748,2,0,0,350,350,321.13714285714286,321.13714285714286,0,0,0,0,350,2687,4873,2687,4873
1028,6,374,1028,3,194,1028,3,180,60,62.33333333333333,2.9439202887759484,66,62,64.66666666666667,2.309401076758505,66,60,60,0,60,0,205.6,281.5302825629953,515,513,514,1.4142135623730951,515,513,514,1.4142135623730951,515,3,0,0,0,3,0,3,0,3,0,0,0,0,0,0,0,0,0,0,0,3,0,3,0,2.8284271247461903,0,0,148,350,1335,3272,234,486,93,321,244,504,327,807,1,0,0,148,350,285.64864864864865,372.2142857142857,0,0,0,0,148,1895,3836,803,1545
149,2,271,0,1,89,0,1,182,89,135.5,65.76093065034893,182,89,89,0,89,182,182,0,182,149,149,0,149,0,0,0,0,0,0,0,0,0,0,0,0,0,0,0,0,0,0,0,0,0,0,0,0,0,0,0,0,0,0,0,0,53.69357503,350,350,0,0,0,0,0,0,0,0,0,0,0,0,1,0,0,0,0,129.82285714285717,129.82285714285717,350,350,0,0,350,354,708,354,708
0,2,140,0,1,74,0,1,66,66,70,5.656854249492381,74,74,74,0,74,66,66,0,66,0,0,0,0,0,0,0,0,0,0,0,0,0,0,0,0,2,1,0,0,0,0,0,0,1,1,0,0,0,0,0,0,1,0,0,0,4.618802153517006,0,0,350,350,697,867,0,8,35,34,495,589,151,159,1,0,0,350,348,624.72,632.4057142857143,0,0,0,0,350,732,1023,646,850
1,3,198,1,2,132,0,1,66,66,66,0,66,66,66,0,66,66,66,0,66,0,0.5,0.7071067811865476,1,1,1,0,1,0,0,0,0,0,0,0,0,3,0,0,2,0,0,0,0,2,0,0,1,0,0,0,0,1,0,0,1,0,0,1,350,349,3315,3967,304,340,0,0,1687,2045,314,350,1,0,0,350,337,834.6485714285715,848.74,0,0,0,0,350,2607,4144,2287,3472
1,2,120,0,1,60,0,1,60,60,60,0,60,60,60,0,60,60,60,0,60,1,1,0,1,0,0,0,0,0,0,0,0,1,0,0,0,1,0,1,0,1,0,0,0,0,0,0,0,0,0,0,0,1,0,1,0,0,0,0,350,350,350,350,0,0,350,350,0,0,350,350,350,0,0,0,0,0.045714286,0.045714286,0,0,0,0,1,350,700,350,700
0,1,297,0,1,297,0,0,0,297,297,0,297,297,297,0,297,0,0,0,0,0,0,0,0,0,0,0,0,0,0,0,0,0,0,0,0,1,1,0,0,0,0,0,0,1,1,0,0,0,0,0,0,0,0,0,0,171.47302994931886,0,0,350,350,677,992,0,24,33,33,509,665,239,263,1,0,0,350,344,894.5285714285715,903.2771428571428,0,0,0,0,350,915,1236,748,909
0,1,74,0,1,74,0,0,0,74,74,0,74,74,74,0,74,0,0,0,0,0,0,0,0,0,0,0,0,0,0,0,0,1,0,0,0,0,0,0,0,1,0,0,0,0,0,0,0,0,0,0,0,0,0,0,0,42.72391992003231,0,0,350,350,73,73,3,3,0,0,58,58,341,341,2,0,0,350,350,64.07142857142857,64.07142857142857,0,0,0,0,350,400,407,400,407
0,1,297,0,1,297,0,0,0,297,297,0,297,297,297,0,297,0,0,0,0,0,0,0,0,0,0,0,0,0,0,0,0,0,0,0,0,1,1,0,0,0,0,0,0,1,1,0,0,0,0,0,0,0,0,0,0,171.47302994931886,0,0,350,350,683,755,0,8,32,32,479,509,145,153,1,0,0,350,348,582.8857142857142,583.5685714285714,0,0,0,0,350,664,906,624,830
3265,10,1798,3265,9,1724,0,1,74,66,179.79999999999998,94.53841077,253,66,191.5555555555556,92.19559521895704,253,74,74,0,74,0,362.77777777777777,458.0154958562477,1370,0,408.125,467.5417284661797,1370,0,0,0,0,2,0,0,0,9,6,0,2,1,0,0,0,8,6,0,2,1,0,0,0,1,0,0,0,90.91158708694216,0,0,350,350,722,1110,76,104,29,29,425,622,30,58,1,0,0,350,343,140.0142857142857,148.58857142857144,0,0,0,0,350,683,1168,470,766
25,2,126,0,1,60,0,1,66,60,63,4.242640687119285,66,60,60,0,60,66,66,0,66,25,25,0,25,0,0,0,0,0,0,0,0,0,0,0,0,2,0,0,0,0,0,0,0,1,0,0,0,0,0,0,0,1,0,0,0,3.4641016151377544,0,0,268,350,846,1060,69,90,1,0,139,147,102,113,1,0,0,268,350,316.6791045,324.08,0,0,0,0,268,609,1113,493,894
9875,28,2144,9875,11,838,9875,17,1306,60,76.57142857142857,12.09355068844416,100,66,76.18181818181819,6.940002619858034,84,60,76.82352941176471,14.714938388070331,100,0,365.7407407407408,1037.4613094766326,3403,0,987.5,1588.3541621579377,3444,0,617.1875,1303.884413013669,3403,2,0,0,0,25,14,2,2,1,0,0,0,10,7,0,1,1,0,0,0,15,7,2,1,18.138357147217054,0,0,350,350,8751,9620,701,735,701,659,4900,5370,700,736,1,0,0,0,0,8960.308571428572,10954.397142857142,0,0,0,0,350,4294,10645,3851,9802
13149,14,12437,13149,8,500,1782,6,11937,60,888.3571428571429,1355.0827171540748,2974,60,62.5,5.0990195135927845,74,60,1989.5,1492.6247686541988,2974,0,1011.4615384615385,3147.4083151958694,11361,0,1878.428571428572,4232.581830559328,11361,0,356.4,785.2479226333554,1761,2,0,0,0,13,2,1,1,1,0,0,0,7,1,1,0,1,0,0,0,6,1,0,1,1454.6816375642702,0,0,350,350,4260,4260,459,459,350,350,736,736,700,700,350,0,0,350,350,7339.38,7339.38,0,0,0,0,350,2713,4610,2713,4610
4754,126,20354,4720,63,16574,4753,63,3780,60,161.5396825396825,189.24691387892807,950,60,263.07936507936506,226.3917744421697,950,60,60,0,60,0,38.032,200.26236565259632,1871,0,76.12903226,281.4130902073173,1872,0,76.66129032258063,280.3001870681484,1871,0,0,0,0,126,63,0,0,0,0,0,0,63,63,0,0,0,0,0,0,63,0,0,0,445,0,0,52,55,8662,8681,0,0,15,18,4325,4331,23,29,1,0,0,0,0,3463.038461538461,3301.3454545454547,0,0,0,0,0,4359,8703,4346,8681
11906,55,8399,11905,22,3468,11906,33,4931,66,152.70909090909092,188.07117178495395,1042,66,157.63636363636363,137.9408242532681,706,66,149.42424242424244,217.19447367264988,1042,0,220.48148148148152,608.1629542,2234,0,566.9047619047619,912.2277624,2280,0,372.06250000000006,757.7690063175478,2234,2,0,0,0,54,31,0,2,1,0,0,0,21,16,0,1,1,0,0,0,33,15,0,1,486.2482219333386,0,0,350,350,19497,18996,712,775,2,16,11065,10617,705,779,3,0,0,0,0,12675.84,11355.097142857145,0,0,0,0,350,8062,19401,8036,19851
1,3,214,1,2,140,0,1,74,66,71.33333333333333,4.618802153517004,74,66,70,5.656854249492381,74,74,74,0,74,0,0.5,0.7071067811865476,1,1,1,0,1,0,0,0,0,2,0,0,0,2,0,0,0,1,0,0,0,1,0,0,0,1,0,0,0,1,0,0,0,4,0,4,350,346,2333,6727,306,534,0,0,1023,3439,318,550,1,0,0,350,270,794.5142857142857,808.8285714285714,0,0,0,0,350,3744,7010,1646,2492
3265,10,1798,3265,9,1724,0,1,74,66,179.79999999999998,94.53841077,253,66,191.5555555555556,92.19559521895704,253,74,74,0,74,0,362.77777777777777,458.1666666666667,1371,0,408.125,467.7109722589674,1371,0,0,0,0,2,0,0,0,9,6,0,2,1,0,0,0,8,6,0,2,1,0,0,0,1,0,0,0,90.91158708694216,0,0,350,350,726,1114,81,109,29,29,430,627,32,60,1,0,0,350,343,149.34285714285716,157.91714285714286,0,0,0,0,350,691,1173,478,771
1,3,214,1,2,140,0,1,74,66,71.33333333333333,4.618802153517004,74,66,70,5.656854249492381,74,74,74,0,74,0,0.5,0.7071067811865476,1,1,1,0,1,0,0,0,0,2,0,0,0,2,0,0,0,1,0,0,0,1,0,0,0,1,0,0,0,1,0,0,0,4,0,1,350,349,1965,3351,302,372,0,0,792,1570,304,370,1,0,0,350,327,720.6085714285714,740.1114285714285,0,0,0,0,350,2078,3538,1395,2117
577,14,3134,576,7,2714,577,7,420,60,223.85714285714283,355.5102199424322,1218,60,387.7142857142857,459.5558414693164,1218,60,60,0,60,0,44.38461538461539,150.55593559733785,545,0,96,220.66354479161257,546,1,96.16666666666666,220.55513294110085,546,0,0,0,0,14,7,0,0,0,0,0,0,7,7,0,0,0,0,0,0,7,0,0,0,579,0,0,111,143,12836,18939,0,0,17,44,6419,6618,25,59,1,0,0,0,0,2552.8828828828828,2110.9300699300697,0,0,0,0,0,10487,18988,6442,12856
3265,10,1798,3265,9,1724,0,1,74,66,179.79999999999998,94.53841077,253,66,191.5555555555556,92.19559521895704,253,74,74,0,74,0,362.77777777777777,458.1666666666667,1371,0,408.125,467.7109722589674,1371,0,0,0,0,2,0,0,0,9,6,0,2,1,0,0,0,8,6,0,2,1,0,0,0,1,0,0,0,90.91158708694216,0,0,350,350,729,1117,87,115,29,29,435,632,34,62,1,0,0,350,343,158.67142857142858,167.24571428571429,0,0,0,0,350,699,1177,486,775
12663,56,8465,12663,22,3468,12663,34,4997,66,151.16071428571428,186.71346806228024,1042,66,157.63636363636363,137.9408242532681,706,66,146.9705882352941,214.3563282769388,1042,0,230.2363636363637,638.8066989733269,2497,0,603,966.6330741289582,2565,0,383.72727272727286,792.6712067720479,2497,2,0,0,0,55,31,0,2,1,0,0,0,21,16,0,1,1,0,0,0,34,15,0,1,486.2482219333386,0,0,350,350,18210,17867,692,752,8,44,10309,9967,700,764,3,0,0,0,0,14921.528571428573,13396.611428571428,0,0,0,0,350,7666,18290,7523,18567
168,15,12947,168,8,882,159,7,12065,60,863.1333333333333,1621.1268068258955,5858,60,110.25,129.2856748224091,430,66,1723.571428571429,2119.6927337975867,5858,0,12,35.662952119057024,135,0,24,54.43650735796092,147,0,26.5,53.43687865135837,135,2,0,0,0,11,2,3,2,1,0,0,0,4,1,3,1,1,0,0,0,7,1,0,1,2841.605825350636,0,0,350,350,3999,3999,458,458,586,586,770,770,740,740,2,0,0,350,350,413.4714285714286,413.4714285714286,0,0,0,0,350,2675,4782,2675,4782
0,2,134,0,1,74,0,1,60,60,67,9.899494936611664,74,74,74,0,74,60,60,0,60,0,0,0,0,0,0,0,0,0,0,0,0,1,0,0,0,1,0,1,0,1,0,0,0,0,0,0,0,0,0,0,0,1,0,1,0,8.082903768654761,0,0,350,350,353,353,0,0,353,353,0,0,353,353,350,0,0,0,0,263.04,263.04,0,0,0,0,0,353,706,353,706
158,13,12768,158,7,769,146,6,11999,66,982.1538461538462,1716.8153097209697,5858,66,109.85714285714286,112.5469214,365,66,1999.8333333333333,2179.592477199962,5858,0,13.166666666666666,38.91677211068708,136,0,26.333333333333336,59.73831824437868,148,0,29.2,59.85983628444034,136,2,0,0,0,12,2,1,1,1,0,0,0,6,1,1,0,1,0,0,0,6,1,0,1,2849.654642817851,0,0,350,350,4337,4337,492,492,614,614,938,938,713,713,2,0,0,350,350,483.1028571428572,483.1028571428572,0,0,0,0,350,2873,5106,2873,5106
1020,6,374,1020,3,194,1020,3,180,60,62.33333333333333,2.9439202887759484,66,62,64.66666666666667,2.309401076758505,66,60,60,0,60,0,204,278.8879703393461,512,507,510,4.242640687119285,513,508,510,2.8284271247461903,512,3,0,0,0,3,0,3,0,3,0,0,0,0,0,0,0,0,0,0,0,3,0,3,0,2.8284271247461903,0,0,127,350,1556,3186,218,454,54,369,231,469,272,823,1,0,0,127,350,230.0393700787401,413.6771428571429,0,0,0,0,127,1860,3782,807,1719
182222,67,34575,182222,32,3445,182185,35,31130,60,516.0447761,630.1749981296878,1484,60,107.65625,147.92666216416922,878,60,889.4285714285717,671.1505610742288,1484,0,2760.9393939393944,12215.596544995931,58737,0,5878.129032258064,17450.57678653619,58737,0,5358.382352941177,16773.633227099457,58951,2,0,0,0,66,29,0,2,1,0,0,0,31,11,0,1,1,0,0,0,35,18,0,1,692.8826259,0,0,7,17,310,1067,14,30,0,2,115,285,14,34,2,0,0,7,17,28561.28571428572,56159.52941176471,0,0,0,0,7,475,1084,148,317
82075,28,26261,82075,17,1066,70959,11,25195,60,937.8928571428572,2136.482351892261,8814,60,62.70588235294117,4.8446453157371705,74,60,2290.454545454545,3001.6298360602814,8814,0,3039.814814814815,13434.228225054429,69408,0,5129.6875,17360.790856481744,69408,0,7095.9000000000015,22103.95214762384,70001,4,0,0,0,26,5,2,3,2,0,0,0,15,2,2,0,2,0,0,0,11,3,0,3,4374.671645,0,0,350,350,9576,9576,963,963,762,762,1557,1557,1524,1524,350,0,0,350,350,80712.33142857143,80712.33142857143,0,0,0,0,350,6203,10338,6203,10338
0,2,120,0,1,60,0,1,60,60,60,0,60,60,60,0,60,60,60,0,60,0,0,0,0,0,0,0,0,0,0,0,0,1,0,0,0,1,0,1,0,1,0,0,0,0,0,0,0,0,0,0,0,1,0,1,0,0,0,0,350,350,349,349,0,0,349,349,0,0,355,355,350,0,0,3,3,0.071428571,0.071428571,1,1,0,0,12,355,704,355,704
12993,55,8399,12993,22,3468,12993,33,4931,66,152.70909090909092,188.07117178495395,1042,66,157.63636363636363,137.9408242532681,706,66,149.42424242424244,217.19447367264988,1042,0,240.61111111111111,667.4244616057202,2556,0,618.7142857142858,1004.3102679380085,2620,0,406.03125,832.0693784804479,2556,2,0,0,0,54,31,0,2,1,0,0,0,21,16,0,1,1,0,0,0,33,15,0,1,486.2482219333386,0,0,350,350,19164,18568,707,759,0,22,10937,10460,705,768,3,0,0,0,0,12622.665714285717,11129.542857142857,0,0,0,0,350,7833,18970,7857,19516
164,12,12753,164,7,820,149,5,11933,60,1062.75,2242.146339,5858,60,117.14285714285715,134.4909272918048,422,66,2386.6,3168.942694338287,5858,0,14.909090909090912,41.38950240206941,139,0,27.33333333333333,61.167529512533584,152,0,37.25,67.99693620548895,139,2,0,0,0,10,2,2,1,1,0,0,0,5,1,2,0,1,0,0,0,5,1,0,1,2842.709681506948,0,0,350,350,3967,3967,454,454,601,601,746,746,742,742,2,0,0,350,350,416.75142857142856,416.75142857142856,0,0,0,0,350,2667,4773,2667,4773
13258,14,13818,13258,8,506,64,6,13312,60,987,2022.2541117049784,7354,60,63.25,5.1199888392735495,74,60,2218.6666666666665,2728.9169768731817,7354,0,1019.8461538461538,3649.181411544098,13165,0,1894,4970.086149488088,13165,0,12.8,12.872451204024818,28,2,0,0,0,13,3,1,2,1,0,0,0,7,1,1,0,1,0,0,0,6,2,0,2,3644.6726419071806,0,0,350,350,4263,4263,464,464,350,350,734,734,700,700,350,0,0,350,350,8165.4685714285715,8165.4685714285715,0,0,0,0,350,2721,4613,2721,4613
0,2,200,0,1,140,0,1,60,60,100,56.56854249492381,140,140,140,0,140,60,60,0,60,0,0,0,0,0,0,0,0,0,0,0,0,0,0,0,0,2,1,0,0,0,0,0,0,1,1,0,0,0,0,0,0,1,0,0,0,46.18802153517007,0,0,11,14,1491,1510,0,0,15,18,737,743,23,29,1,0,0,0,0,2410.6363636363635,2000.928571428572,0,0,0,0,0,771,1532,758,1510
23,2,132,0,1,66,0,1,66,66,66,0,66,66,66,0,66,66,66,0,66,23,23,0,23,0,0,0,0,0,0,0,0,0,0,0,0,2,0,0,0,0,0,0,0,1,0,0,0,0,0,0,0,1,0,0,0,0,0,0,22,35,84,139,0,1,0,2,18,33,4,6,1,0,0,22,35,151.22727272727272,245.8,0,0,0,0,22,72,142,44,86
1,3,214,1,2,140,0,1,74,66,71.33333333333333,4.618802153517004,74,66,70,5.656854249492381,74,74,74,0,74,0,0.5,0.7071067811865476,1,1,1,0,1,0,0,0,0,2,0,0,0,2,0,0,0,1,0,0,0,1,0,0,0,1,0,0,0,1,0,0,0,4,0,1,350,349,3270,3771,302,326,0,0,1658,1956,316,340,1,0,0,350,341,864.74,878.9971428571429,0,0,0,0,350,2497,3943,2261,3428
0,1,253,0,1,253,0,0,0,253,253,0,253,253,253,0,253,0,0,0,0,0,0,0,0,0,0,0,0,0,0,0,0,0,0,0,0,1,1,0,1,0,0,0,0,1,1,0,1,0,0,0,0,0,0,0,0,146.06961810497532,0,0,350,350,748,1136,141,169,37,37,480,677,52,80,1,0,0,350,343,242.61714285714285,251.19142857142856,0,0,0,0,350,771,1213,558,811
383,15,13313,383,8,1248,371,7,12065,60,887.5333333333332,1610.8971265667317,5858,60,156,167.9387643500707,428,66,1723.571428571429,2119.6927337975867,5858,0,27.35714285714285,64.02476340971772,210,0,54.71428571428572,87.45420570354575,210,0,61.833333333333336,95.20801786964512,221,2,0,0,0,12,3,2,2,1,0,0,0,5,2,2,1,1,0,0,0,7,1,0,1,2841.8813017670764,0,0,350,350,4053,4053,478,478,609,609,771,771,750,750,2,0,0,350,350,414.6028571428572,414.6028571428572,0,0,0,0,350,2670,4856,2670,4856
8611,28,2160,8611,11,854,8611,17,1306,60,77.14285714285714,12.468372686935428,100,66,77.63636363636364,8.535487417514332,89,60,76.82352941176471,14.714938388070331,100,0,318.92592592592587,902.6832192,2935,0,861.1,1385.138456777677,2978,0,538.1875,1134.2534236962508,2935,2,0,0,0,25,14,2,2,1,0,0,0,10,7,0,1,1,0,0,0,15,7,2,1,18.89223826513594,0,0,350,350,8750,9448,700,730,700,670,4900,5284,700,730,1,0,0,0,0,8873.402857142857,8524.254285714285,0,0,0,0,350,4236,10483,3850,9800
263,14,12897,263,8,898,248,6,11999,60,921.2142857142856,1459.8498436257294,4410,60,112.25,132.5030996942012,440,66,1999.8333333333333,1753.071637631123,4410,0,20.23076923076923,65.29823102013542,237,0,37.57142857142857,94.19988878772124,251,0,49.6,104.8680122821063,237,2,0,0,0,11,2,3,1,1,0,0,0,5,1,3,0,1,0,0,0,6,1,0,1,2118.136917198697,0,0,350,350,4105,4105,520,520,813,813,774,774,749,749,2,0,0,350,350,466.6628571428572,466.6628571428572,0,0,0,0,350,2881,5135,2881,5135
495,12,1789,495,6,1429,495,6,360,60,149.08333333333334,193.8736506703333,739,60,238.16666666666669,252.28033349166688,739,60,60,0,60,0,45,119.74472848522392,396,0,99,170.78056095469412,396,0,99,171.35489488193792,397,0,0,0,0,12,6,0,0,0,0,0,0,6,6,0,0,0,0,0,0,6,0,0,0,339.5,0,0,12,15,1503,1522,0,0,15,18,743,749,23,29,1,0,0,0,0,2251,1900.5333333333333,0,0,0,0,0,777,1544,764,1522
1,3,192,1,2,126,0,1,66,60,64,3.4641016151377544,66,60,63,4.242640687119285,66,66,66,0,66,0,0.5,0.7071067811865476,1,1,1,0,1,0,0,0,0,2,0,0,0,2,0,0,0,1,0,0,0,1,0,0,0,1,0,0,0,1,0,0,0,3,0,0,350,350,658,20996,0,1436,284,0,381,10878,128,1396,2,0,0,350,2,127.99142857142856,611.7314285714285,0,0,0,0,350,11020,21694,555,1006
171,14,4947,171,8,2103,121,6,2844,60,353.35714285714283,327.53640012461733,1101,60,262.875,219.70658192884696,521,60,474,425.1870176757517,1101,0,13.153846153846157,19.217379954293776,55,1,24.428571428571427,22.09718792710317,58,2,24.2,22.297981971469973,60,2,0,0,0,13,8,0,0,1,0,0,0,7,4,0,0,1,0,0,0,6,4,0,0,494.0313755218387,0,0,350,350,653,20942,2,1434,284,0,381,10832,126,1390,2,0,0,350,4,119.13428571428572,608.22,0,0,0,0,350,10996,21637,549,1000
11787,56,8465,11787,23,3534,11787,33,4931,66,151.16071428571428,186.71346806228024,1042,66,153.65217391304344,136.11713161019287,706,66,149.42424242424244,217.19447367264988,1042,0,214.3090909,597.2476027493949,2232,0,535.7727272727273,895.3968490652719,2308,0,368.3437499999999,750.2914534505693,2232,2,0,0,0,55,31,0,2,1,0,0,0,22,16,0,1,1,0,0,0,33,15,0,1,486.2482219333386,0,0,350,350,18920,18793,702,783,0,22,10850,10638,700,784,3,0,0,0,0,12135.402857142855,10849.477142857142,0,0,0,0,350,7948,19205,7723,19270
1,3,214,1,2,140,0,1,74,66,71.33333333333333,4.618802153517004,74,66,70,5.656854249492381,74,74,74,0,74,0,0.5,0.7071067811865476,1,1,1,0,1,0,0,0,0,2,0,0,0,2,0,0,0,1,0,0,0,1,0,0,0,1,0,0,0,1,0,0,0,4,0,1,350,349,3311,3796,302,340,0,0,1686,1922,316,352,1,0,0,350,337,863.5485714285714,831.9942857142858,0,0,0,0,350,2521,3974,2286,3469
4977,265,66777,4977,133,58857,4944,132,7920,60,251.98867924528287,282.0882287702715,1177,60,442.5338345864664,292.75479834258704,1177,60,60,0,60,0,18.852272727272712,21.50985614003219,162,3,37.70454545454543,20.713877280836428,185,5,37.74045802,24.00627731569056,200,0,0,0,0,265,133,0,0,0,0,0,0,133,133,0,0,0,0,0,0,132,0,0,0,558.5,0,0,7,10,865,884,0,0,15,18,424,430,21,27,1,0,0,0,0,2281.285714285714,1746.5,0,0,0,0,0,456,905,443,883
0,1,253,0,1,253,0,0,0,253,253,0,253,253,253,0,253,0,0,0,0,0,0,0,0,0,0,0,0,0,0,0,0,0,0,0,0,1,1,0,1,0,0,0,0,1,1,0,1,0,0,0,0,0,0,0,0,146.06961810497532,0,0,350,350,731,1119,94,122,29,29,440,637,36,64,1,0,0,350,343,168,176.5742857142857,0,0,0,0,350,707,1180,494,778
75,9,862,75,5,494,74,4,368,60,95.77777777777776,69.62359114872231,248,60,98.8,83.44579079,248,60,92,60.06662967072483,182,0,9.375,25.309159832530423,72,0,18.75,36.16973873281365,73,0,24.666666666666664,41.00406483915141,72,2,0,0,0,8,2,0,2,1,0,0,0,4,1,0,1,1,0,0,0,4,1,0,1,93.45765529550448,0,0,24,59,194,474,48,118,0,0,49,119,48,118,1,0,0,24,59,91.66666666666669,81.81355932,0,0,0,0,24,296,533,121,218
0,3,214,0,2,140,0,1,74,66,71.33333333333333,4.618802153517004,74,66,70,5.656854249492381,74,74,74,0,74,0,0,0,0,0,0,0,0,0,0,0,0,2,0,0,0,2,0,0,0,1,0,0,0,1,0,0,0,1,0,0,0,1,0,0,0,4,0,4,350,346,2629,6971,306,532,0,0,1218,3612,320,546,1,0,0,350,272,821.5371428571428,860.4714285714285,0,0,0,0,350,3919,7252,1840,2789
0,1,297,0,1,297,0,0,0,297,297,0,297,297,297,0,297,0,0,0,0,0,0,0,0,0,0,0,0,0,0,0,0,0,0,0,0,1,1,0,0,0,0,0,0,1,1,0,0,0,0,0,0,0,0,0,0,171.47302994931886,0,0,350,350,656,815,0,8,46,46,543,630,250,256,1,0,0,350,348,928.2085714285714,926.32,0,0,0,0,350,870,1067,793,905
0,1,253,0,1,253,0,0,0,253,253,0,253,253,253,0,253,0,0,0,0,0,0,0,0,0,0,0,0,0,0,0,0,0,0,0,0,1,1,0,1,0,0,0,0,1,1,0,1,0,0,0,0,0,0,0,0,146.06961810497532,0,0,350,350,747,1135,142,170,37,37,480,677,52,80,1,0,0,350,343,242.61714285714285,251.19142857142856,0,0,0,0,350,771,1212,558,810
43,13,12827,43,9,960,34,4,11867,66,986.6923076923076,2467.1258373735004,8754,66,106.66666666666669,119.02940813093208,424,66,2966.75,4093.6802818490846,8754,0,3.5833333333333326,7.304523297660197,24,0,5.375,11.300284446483133,32,0,11.333333333333332,12.055427546683417,24,2,0,0,0,12,2,1,1,1,0,0,0,8,1,1,0,1,0,0,0,4,1,0,1,4287.655886378943,0,0,350,350,4094,4094,492,492,641,641,700,700,700,700,2,0,0,350,350,40.73428571428571,40.73428571428571,0,0,0,0,350,2613,4877,2613,4877
60,2,248,0,1,96,0,1,152,96,124,39.59797974644666,152,96,96,0,96,152,152,0,152,60,60,0,60,0,0,0,0,0,0,0,0,0,0,0,0,0,0,0,0,0,0,0,0,0,0,0,0,0,0,0,0,0,0,0,0,32.331615074619044,114,114,0,0,0,0,0,0,0,0,0,0,0,0,2,0,0,0,0,871.7105263157895,871.7105263157895,113,113,0,0,113,123,243,123,243
106,12,12757,106,6,758,94,6,11999,66,1063.0833333333333,1871.226115209604,5858,66,126.33333333333334,143.90228165900172,420,66,1999.8333333333333,2361.474659,5858,0,9.636363636363638,24.679030480441195,83,0,21.2,40.89865523461621,94,0,18.8,36.20359098211115,83,2,0,0,0,11,2,1,1,1,0,0,0,5,1,1,0,1,0,0,0,6,1,0,1,2841.9037633248595,0,0,350,350,4050,4050,495,495,647,647,702,702,700,700,2,0,0,350,350,61.06285714285714,61.06285714285714,0,0,0,0,350,2631,4840,2631,4840
1000,14,12956,1000,8,957,1,6,11999,66,925.4285714285712,1848.910478104323,5858,66,119.625,145.2543950650523,479,66,1999.8333333333333,2536.6035887908592,5858,0,76.92307692307692,276.7494238291086,998,0,142.85714285714283,377.0828505653316,998,0,0.2,0.447213595,1,3,0,0,0,12,2,1,1,2,0,0,0,6,1,1,0,1,0,0,0,6,1,0,1,2833.8623084640744,0,0,350,350,4128,4128,506,506,695,695,779,779,747,747,2,0,0,350,350,360.5885714285714,360.5885714285714,0,0,0,0,350,2780,5007,2780,5007
96750,29,24940,96750,17,1060,92523,12,23880,60,859.9999999999999,1752.7484335832598,7269,60,62.352941176470594,4.8080814322163405,74,60,1990,2333.165894425232,7269,0,3455.3571428571427,15198.308965910664,80240,0,6046.875000000001,19976.60247013991,80240,0,8411.181818181818,27342.768023073968,90841,4,0,0,0,27,4,2,2,2,0,0,0,15,2,2,0,2,0,0,0,12,2,0,2,3602.172712405667,0,0,350,350,6476,6476,661,661,527,527,1094,1094,1054,1054,350,0,0,350,350,53779.59428571429,53779.59428571429,0,0,0,0,350,4189,7003,4189,7003
6,7,2896,6,4,809,6,3,2087,66,413.71428571428567,704.7838236617226,1947,66,202.25,267.1932821011786,603,66,695.6666666666666,1083.693837452873,1947,0,1,2,5,0,2,2.6457513110645907,5,1,3,2.8284271247461903,5,2,0,0,0,6,2,0,0,1,0,0,0,3,1,0,0,1,0,0,0,3,1,0,0,887.8530284,0,2,350,348,2032,4341,302,400,1,1,824,2152,314,414,1,0,0,350,316,745.6742857142857,771.1285714285714,0,0,0,0,350,2559,4553,1438,2190
84492,29,24934,84492,16,1000,75894,13,23934,60,859.7931034,1526.077989,5894,60,62.50000000000001,4.926120853842978,74,60,1841.076923076923,1882.3849,5894,0,3017.571428571429,12957.702964099004,68477,0,5632.800000000002,17550.773223503777,68477,0,6324.5,21045.058649133163,73130,4,0,0,0,27,4,2,2,2,0,0,0,14,2,2,0,2,0,0,0,13,2,0,2,2914.674138,0,0,350,350,8890,8890,917,917,700,700,1425,1425,1400,1400,350,0,0,350,350,81712.71142857143,81712.71142857143,0,0,0,0,350,5727,9590,5727,9590
0,1,1514,0,1,1514,0,0,0,1514,1514,0,1514,1514,1514,0,1514,0,0,0,0,0,0,0,0,0,0,0,0,0,0,0,0,0,0,0,0,1,1,0,0,0,0,0,0,1,1,0,0,0,0,0,0,0,0,0,0,874.1083075530935,0,0,71,74,12215,12234,0,0,16,19,6106,6112,23,29,1,0,0,0,0,3520.211267605634,3397.7162162162163,0,0,0,0,0,6140,12256,6127,12234
0,5,349,0,3,186,0,2,163,60,69.8,15.498387012847497,97,60,62,3.4641016151377544,66,66,81.5,21.920310216782973,97,0,0,0,0,0,0,0,0,0,0,0,0,0,0,0,0,3,1,2,2,0,0,0,0,1,0,2,1,0,0,0,0,2,1,0,1,16.740669042783207,0,0,113,350,5981,1544,199,399,186,128,3165,379,0,0,98,0,0,0,0,854.0176991150443,650.9857142857143,0,0,0,0,0,942,1640,4325,6167
0,1,253,0,1,253,0,0,0,253,253,0,253,253,253,0,253,0,0,0,0,0,0,0,0,0,0,0,0,0,0,0,0,0,0,0,0,1,1,0,1,0,0,0,0,1,1,0,1,0,0,0,0,0,0,0,0,146.06961810497532,0,0,350,350,747,1135,142,170,37,37,480,677,52,80,1,0,0,350,343,242.61714285714285,251.19142857142856,0,0,0,0,350,771,1212,558,810
1,3,198,1,2,132,0,1,66,66,66,0,66,66,66,0,66,66,66,0,66,0,0.5,0.7071067811865476,1,1,1,0,1,0,0,0,0,0,0,0,0,3,0,0,2,0,0,0,0,2,0,0,1,0,0,0,0,1,0,0,1,0,0,0,350,350,1992,2719,302,332,0,0,808,1214,302,334,1,0,0,350,340,739.8085714285714,758.5942857142857,0,0,0,0,350,1778,2886,1422,2143
588,16,13561,588,9,1496,576,7,12065,60,847.5625000000001,1373.678223784595,4410,60,166.22222222222223,151.38838939774888,368,66,1723.571428571429,1759.3449403251254,4410,0,39.2,76.76792484960295,208,0,73.5,96.68801078,208,0,96,169.98941143494793,424,2,0,0,0,13,4,2,2,1,0,0,0,6,3,2,1,1,0,0,0,7,1,0,1,2127.531903403566,0,0,350,350,4142,4142,475,475,628,628,760,760,707,707,2,0,0,350,350,177.30857142857144,177.30857142857144,0,0,0,0,350,2699,4901,2699,4901
4817,10,5282,4817,6,1372,4815,4,3910,66,528.2,743.4960658940973,1934,66,228.66666666666663,256.98845629067984,651,66,977.5,1048.6593027925387,1934,0,535.2222222222222,1259.6503262590156,3767,1,963.4,1630.2785958234256,3767,3,1605,1943.482441392255,3767,2,0,0,0,9,4,0,0,1,0,0,0,5,2,0,0,1,0,0,0,4,2,0,0,880.7850191732373,0,1,350,349,1981,3199,300,356,0,0,800,1494,304,360,1,0,0,350,331,727.8771428571429,742.3771428571429,0,0,0,0,350,2005,3381,1415,2133
1,2,120,0,1,60,0,1,60,60,60,0,60,60,60,0,60,60,60,0,60,1,1,0,1,0,0,0,0,0,0,0,0,1,0,0,0,1,0,1,0,1,0,0,0,0,0,0,0,0,0,0,0,1,0,1,0,0,0,0,350,350,350,425,0,8,350,348,0,32,355,361,350,0,0,3,3,0.077142857,0.66,1,1,0,0,13,396,782,355,705
4926,316,55733,4925,158,46253,4925,158,9480,60,176.37025316455697,217.3098707783737,1078,60,292.7405063291138,259.79100322212093,1078,60,60,0,60,0,15.638095238095232,77.87088658319004,949,0,31.369426751592343,110.48136440050638,950,0,31.36942675159237,108.36046721086272,949,0,0,0,0,316,158,0,0,0,0,0,0,158,158,0,0,0,0,0,0,158,0,0,0,509,0,0,55,58,9320,9339,0,0,15,18,4654,4660,23,29,1,0,0,0,0,3544.2909090909093,3386.758620689656,0,0,0,0,0,4688,9361,4675,9339
0,1,74,0,1,74,0,0,0,74,74,0,74,74,74,0,74,0,0,0,0,0,0,0,0,0,0,0,0,0,0,0,0,1,0,0,0,0,0,0,0,1,0,0,0,0,0,0,0,0,0,0,0,0,0,0,0,42.72391992003231,0,0,350,350,18,18,2,2,0,0,14,14,350,350,2,0,0,350,350,18.30857142857143,18.30857142857143,0,0,0,0,350,364,366,364,366
9044,28,2158,9044,11,852,9044,17,1306,60,77.07142857142857,12.433314183567532,100,66,77.45454545454544,8.406707278877223,89,60,76.82352941176471,14.714938388070331,100,0,334.96296296296293,967.5196074928876,3732,0,904.4,1488.9348317953118,3774,0,565.2500000000001,1218.0833852135631,3732,2,0,0,0,25,14,2,2,1,0,0,0,10,7,0,1,1,0,0,0,15,7,2,1,18.89223826513594,0,0,350,350,8750,9495,700,728,700,652,4900,5300,700,728,1,0,0,0,0,9087.402857142855,8524.411428571428,0,0,0,0,350,4280,10511,3850,9800
0,3,198,0,2,132,0,1,66,66,66,0,66,66,66,0,66,66,66,0,66,0,0,0,0,0,0,0,0,0,0,0,0,0,0,0,0,3,0,0,2,0,0,0,0,2,0,0,1,0,0,0,0,1,0,0,1,0,0,2,350,348,2017,4396,304,408,1,1,810,2170,314,420,1,0,0,350,314,733.9971428571429,757.8542857142858,0,0,0,0,350,2585,4611,1427,2175
3003,3,222,3003,3,222,0,0,0,74,74,0,74,74,74,0,74,0,0,0,0,999,1501.5,710.6423150924803,2004,999,1501.5,710.6423150924803,2004,0,0,0,0,3,0,0,0,0,0,0,0,3,0,0,0,0,0,0,0,0,0,0,0,0,0,0,0,42.72391992003231,0,0,350,350,624,702,0,4,36,36,486,535,262,266,1,0,0,350,349,938.5828571428572,943.3942857142856,0,0,0,0,350,785,964,748,884
1004,16,14063,1004,10,2064,992,6,11999,66,878.9375000000001,1551.446098268752,5858,66,206.4,179.5507975167164,415,66,1999.8333333333333,2179.592477199962,5858,0,66.93333333333334,125.41728444714164,424,0,111.55555555555556,149.45744470509916,424,0,198.4,371.8135285327848,855,2,0,0,0,15,5,1,1,1,0,0,0,9,4,1,0,1,0,0,0,6,1,0,1,2842.598268603333,0,0,350,350,4331,4331,494,494,619,619,935,935,713,713,2,0,0,350,350,480.5657142857143,480.5657142857143,0,0,0,0,350,2875,5107,2875,5107
4279,210,51849,4263,105,45549,4279,105,6300,60,246.9000000000001,304.0642158630658,1200,72,433.8,339.5056757200885,1200,60,60,0,60,0,20.47368421052632,61.82505191695688,548,0,40.99038461538461,88.45090736359275,558,0,41.14423076923077,86.67441793098112,549,0,0,0,0,210,105,0,0,0,0,0,0,105,105,0,0,0,0,0,0,105,0,0,0,568.0281683156214,0,0,57,60,9904,9923,0,0,15,18,4946,4952,23,29,1,0,0,0,0,3580.754385964912,3426.65,0,0,0,0,0,4980,9945,4967,9923
0,2,120,0,1,60,0,1,60,60,60,0,60,60,60,0,60,60,60,0,60,0,0,0,0,0,0,0,0,0,0,0,0,1,0,0,0,1,0,1,0,1,0,0,0,0,0,0,0,0,0,0,0,1,0,1,0,0,0,0,348,348,356,4902,4,324,346,268,0,2388,354,588,350,0,0,5,7,637.4857142857143,857.6857142857143,1,1,0,0,12,2822,5452,478,828
